Site,Date,BioDataTaxonName,ALGALGROUP,Cells,Cells_Unit,Biovolume,Biovolume_unit
CL-089,6/28/2017,Pennate_Diatom_spp._Live,Diatom,86.58,Cells_per_mL,9973.11,um3_per_mL
CL-089,6/28/2017,Centric_Diatom_spp._Live,Diatom,45.35,Cells_per_mL,11164.17,um3_per_mL
CL-089,6/28/2017,Chlamydomonas_spp.,Green_Algae,12.37,Cells_per_mL,6105.9,um3_per_mL
CL-089,6/28/2017,Chlorella_spp.,Green_Algae,208.2,Cells_per_mL,7187.03,um3_per_mL
CL-089,6/28/2017,Scenedesmus_spp.,Green_Algae,88.64,Cells_per_mL,3362.32,um3_per_mL
CL-089,6/28/2017,Aphanocapsa_spp.,Blue-Green_Algae,383.42,Cells_per_mL,223.65,um3_per_mL
CL-089,6/28/2017,Treubaria_spp.,Green_Algae,4.12,Cells_per_mL,1486.16,um3_per_mL
CL-089,6/28/2017,Chroococcus_spp.,Blue-Green_Algae,296.84,Cells_per_mL,3015.11,um3_per_mL
CL-089,6/28/2017,Kirchneriella_spp.,Green_Algae,78.33,Cells_per_mL,906.23,um3_per_mL
CL-089,6/28/2017,Tetraedron_spp.,Green_Algae,18.55,Cells_per_mL,33.85,um3_per_mL
CL-089,6/28/2017,Pediastrum_spp.,Green_Algae,16.49,Cells_per_mL,386.85,um3_per_mL
CL-089,6/28/2017,Dactylococcopsis_spp.,Blue-Green_Algae,26.8,Cells_per_mL,183.36,um3_per_mL
CW-207A,6/28/2017,Merismopedia_spp.,Blue-Green_Algae,5922.8,Cells_per_mL,9601.85,um3_per_mL
CW-207A,6/28/2017,Pediastrum_spp.,Green_Algae,27.55,Cells_per_mL,1353.73,um3_per_mL
CW-207A,6/28/2017,Tetrastrum_glabrum,Green_Algae,27.55,Cells_per_mL,1488.61,um3_per_mL
CW-207A,6/28/2017,Pennate_Diatom_spp._Live,Diatom,103.3,Cells_per_mL,15118.98,um3_per_mL
CW-207A,6/28/2017,Cryptomonas_spp.,Green_Algae,158.4,Cells_per_mL,22711.58,um3_per_mL
CW-207A,6/28/2017,Trachelomonas_sp.,Euglenoids,41.32,Cells_per_mL,39531.04,um3_per_mL
CW-207A,6/28/2017,Chlamydomonas_spp.,Green_Algae,96.42,Cells_per_mL,17532.05,um3_per_mL
CW-207A,6/28/2017,Cylindrospermopsis_spp.,Blue-green_Algae,3092.26,Cells_per_mL,36093.02,um3_per_mL
CW-207A,6/28/2017,Aphanizomenon_sp.,Blue-green_Algae,151.51,Cells_per_mL,2317.35,um3_per_mL
CW-207A,6/28/2017,Pseudanabaena_spp.,Blue-green_Algae,1880.15,Cells_per_mL,15399.74,um3_per_mL
CW-207A,6/28/2017,Scenedesmus_spp.,Green_Algae,144.63,Cells_per_mL,4667.01,um3_per_mL
CW-207A,6/28/2017,Monoraphidium_spp.,Green_Algae,13.77,Cells_per_mL,614.14,um3_per_mL
CW-207A,6/28/2017,Euastrum_spp.,Green_Algae,6.89,Cells_per_mL,16374.45,um3_per_mL
CW-16F,6/27/2017,Merismopedia_spp.,Blue-Green_Algae,801.01,Cells_per_mL,1843.27,um3_per_mL
CW-16F,6/27/2017,Pediastrum_spp.,Green_Algae,21.46,Cells_per_mL,217.63,um3_per_mL
CW-16F,6/27/2017,Gymnodinium_palustre,Dinoflagellates,1.59,Cells_per_mL,2107.03,um3_per_mL
CW-16F,6/27/2017,Crucigenia_tetrapedia,Green_Algae,25.43,Cells_per_mL,257.88,um3_per_mL
CW-16F,6/27/2017,Pennate_Diatom_spp._Live,Diatom,21.46,Cells_per_mL,4548.03,um3_per_mL
CW-16F,6/27/2017,Centric_Diatom_spp._Live,Diatom,44.5,Cells_per_mL,16690.1,um3_per_mL
CW-16F,6/27/2017,Cryptomonas_spp.,Green_Algae,23.84,Cells_per_mL,4222.96,um3_per_mL
CW-16F,6/27/2017,Trachelomonas_sp.,Euglenoids,0.79,Cells_per_mL,760.21,um3_per_mL
CW-16F,6/27/2017,Chlamydomonas_spp.,Green_Algae,19.07,Cells_per_mL,2640.7,um3_per_mL
CW-16F,6/27/2017,Cylindrospermopsis_spp.,Blue-green_Algae,7.15,Cells_per_mL,46.72,um3_per_mL
CW-16F,6/27/2017,Scenedesmus_spp.,Green_Algae,197.87,Cells_per_mL,11454.89,um3_per_mL
CW-16F,6/27/2017,Monoraphidium_spp.,Green_Algae,0.79,Cells_per_mL,7.92,um3_per_mL
CW-057,6/27/2017,Pennate_Diatom_spp._Live,Diatom,90.7,Cells_per_mL,10364.94,um3_per_mL
CW-057,6/27/2017,Centric_Diatom_spp._Live,Diatom,374.9,Cells_per_mL,92290.47,um3_per_mL
CW-057,6/27/2017,Rhodomonas_spp.,Cryptophytes,36.28,Cells_per_mL,2037.31,um3_per_mL
CW-057,6/27/2017,Trachelomonas_sp.,Euglenoids,6.05,Cells_per_mL,5784.74,um3_per_mL
CW-057,6/27/2017,Chlamydomonas_spp.,Green_Algae,60.47,Cells_per_mL,9163.4,um3_per_mL
CW-057,6/27/2017,Chlorella_spp.,Green_Algae,211.64,Cells_per_mL,7305.63,um3_per_mL
CW-057,6/27/2017,Scenedesmus_spp.,Green_Algae,513.98,Cells_per_mL,19496.24,um3_per_mL
CW-057,6/27/2017,Merismopedia_spp.,Blue-Green_Algae,1257.73,Cells_per_mL,1284.24,um3_per_mL
CW-057,6/27/2017,Chroococcus_spp.,Blue-Green_Algae,1390.76,Cells_per_mL,14126.34,um3_per_mL
CW-057,6/27/2017,Kirchneriella_spp.,Green_Algae,120.94,Cells_per_mL,1399.1,um3_per_mL
CW-057,6/27/2017,Tetraedron_spp.,Green_Algae,18.14,Cells_per_mL,33.1,um3_per_mL
CW-057,6/27/2017,Crucigeniella_spp.,Green_Algae,24.19,Cells_per_mL,160.33,um3_per_mL
CW-057,6/27/2017,Romeria_spp.,Blue-Green_Algae,24.19,Cells_per_mL,74.4,um3_per_mL
CW-057,6/27/2017,Binuclearia_spp.,Green_Algae,495.84,Cells_per_mL,46275.35,um3_per_mL
CW-057,6/27/2017,Dactylococcopsis_spp.,Blue-Green_Algae,36.28,Cells_per_mL,248.24,um3_per_mL
CW-057,8/1/2017,Pleurocapsa_minor,Blue-Green_Algae,808.07,Cells_per_mL,91391.07,um3_per_mL
CW-057,8/1/2017,Pennate_Diatom_spp._Live,Diatom,252.52,Cells_per_mL,28856.93,um3_per_mL
CW-057,8/1/2017,Centric_Diatom_spp._Live,Diatom,2449.47,Cells_per_mL,602992,um3_per_mL
CW-057,8/1/2017,Staurastrum_sp.,Green_Algae,25.25,Cells_per_mL,14030.8,um3_per_mL
CW-057,8/1/2017,Chlamydomonas_spp.,Green_Algae,176.77,Cells_per_mL,87263.48,um3_per_mL
CW-057,8/1/2017,Cosmarium_spp.,Green_Algae,50.5,Cells_per_mL,21305.76,um3_per_mL
CW-057,8/1/2017,Chlorella_spp.,Green_Algae,1818.16,Cells_per_mL,62761.96,um3_per_mL
CW-057,8/1/2017,Pseudanabaena_spp.,Blue-green_Algae,1944.42,Cells_per_mL,17575.75,um3_per_mL
CW-057,8/1/2017,Scenedesmus_spp.,Green_Algae,606.05,Cells_per_mL,22988.88,um3_per_mL
CW-057,8/1/2017,Euastrum_spp.,Green_Algae,25.25,Cells_per_mL,60039.66,um3_per_mL
CW-057,8/1/2017,Planktolyngbya_sp.,Blue-Green_Algae,126.26,Cells_per_mL,619.79,um3_per_mL
CW-057,8/1/2017,Merismopedia_spp.,Blue-Green_Algae,22626.03,Cells_per_mL,23102.84,um3_per_mL
CW-057,8/1/2017,Chroococcus_spp.,Blue-Green_Algae,1540.39,Cells_per_mL,15646.1,um3_per_mL
CW-057,8/1/2017,Tetraedron_spp.,Green_Algae,25.25,Cells_per_mL,46.07,um3_per_mL
CW-057,8/1/2017,Leptolyngbya_spp.,Blue-Green_Algae,3358.55,Cells_per_mL,26977.2,um3_per_mL
CW-057,8/1/2017,Dactylococcopsis_spp.,Blue-Green_Algae,883.83,Cells_per_mL,6047.35,um3_per_mL
CL-089,8/2/2017,Pennate_Diatom_spp._Live,Diatom,228.64,Cells_per_mL,26128.28,um3_per_mL
CL-089,8/2/2017,Centric_Diatom_spp._Live,Diatom,83.14,Cells_per_mL,20467.64,um3_per_mL
CL-089,8/2/2017,Chlamydomonas_spp.,Green_Algae,20.79,Cells_per_mL,10261.3,um3_per_mL
CL-089,8/2/2017,Chlorella_spp.,Green_Algae,727.51,Cells_per_mL,25113.09,um3_per_mL
CL-089,8/2/2017,Scenedesmus_spp.,Green_Algae,602.79,Cells_per_mL,22865.07,um3_per_mL
CL-089,8/2/2017,Merismopedia_spp.,Blue-Green_Algae,415.72,Cells_per_mL,424.48,um3_per_mL
CL-089,8/2/2017,Chroococcus_spp.,Blue-Green_Algae,11390.66,Cells_per_mL,115697.77,um3_per_mL
CL-089,8/2/2017,Kirchneriella_spp.,Green_Algae,124.72,Cells_per_mL,1442.82,um3_per_mL
CL-089,8/2/2017,Tetraedron_spp.,Green_Algae,41.57,Cells_per_mL,75.85,um3_per_mL
CL-089,8/2/2017,Cylindrospermopsis_spp.,Blue-Green_Algae,436.5,Cells_per_mL,14716.25,um3_per_mL
CL-089,8/2/2017,Romeria_spp.,Blue-Green_Algae,956.15,Cells_per_mL,2941.18,um3_per_mL
CL-089,8/2/2017,Pseudanabaena_spp.,Blue-Green_Algae,145.5,Cells_per_mL,1315.19,um3_per_mL
CL-089,8/2/2017,Dactylococcopsis_spp.,Blue-Green_Algae,1870.73,Cells_per_mL,12799.93,um3_per_mL
CW-207A,8/2/2017,Pennate_Diatom_spp._Live,Diatom,211.64,Cells_per_mL,25792.85,um3_per_mL
CW-207A,8/2/2017,Centric_Diatom_spp._Live,Diatom,272.11,Cells_per_mL,102267.08,um3_per_mL
CW-207A,8/2/2017,Chlamydomonas_spp.,Green_Algae,226.76,Cells_per_mL,106266.78,um3_per_mL
CW-207A,8/2/2017,Cosmarium_spp.,Green_Algae,15.12,Cells_per_mL,6377.23,um3_per_mL
CW-207A,8/2/2017,Gymnodinium_sp.,Dinoflagellate,15.12,Cells_per_mL,79152.63,um3_per_mL
CW-207A,8/2/2017,Scenedesmus_spp.,Green_Algae,393.04,Cells_per_mL,9822.58,um3_per_mL
CW-207A,8/2/2017,Monoraphidium_spp.,Green_Algae,831.44,Cells_per_mL,10497.52,um3_per_mL
CW-207A,8/2/2017,Merismopedia_spp.,Blue-Green_Algae,5079.31,Cells_per_mL,3610.54,um3_per_mL
CW-207A,8/2/2017,Coelastrum_spp.,Green_Algae,45.35,Cells_per_mL,2673.24,um3_per_mL
CW-207A,8/2/2017,Chroococcus_spp.,Blue-Green_Algae,6591.01,Cells_per_mL,49443.27,um3_per_mL
CW-207A,8/2/2017,Kirchneriella_spp.,Green_Algae,60.47,Cells_per_mL,578.9,um3_per_mL
CW-207A,8/2/2017,Tetraedron_spp.,Green_Algae,15.12,Cells_per_mL,23.27,um3_per_mL
CW-207A,8/2/2017,Cylindrospermopsis_spp.,Blue-Green_Algae,3204.8,Cells_per_mL,108046.57,um3_per_mL
CW-207A,8/2/2017,Romeria_spp.,Blue-Green_Algae,604.68,Cells_per_mL,1637.18,um3_per_mL
CW-207A,8/2/2017,Pseudanabaena_spp.,Blue-Green_Algae,332.57,Cells_per_mL,3627.89,um3_per_mL
CW-207A,8/2/2017,Anabaenopsis_spp.,Blue-Green_Algae,256.99,Cells_per_mL,8666.02,um3_per_mL
CW-207A,8/2/2017,Stauridium_spp.,Green_Algae,60.47,Cells_per_mL,3591.36,um3_per_mL
CW-16F,8/3/2017,Pennate_Diatom_spp._Live,Diatom,175.62,Cells_per_mL,37598.46,um3_per_mL
CW-16F,8/3/2017,Centric_Diatom_spp._Live,Diatom,929.74,Cells_per_mL,349430.12,um3_per_mL
CW-16F,8/3/2017,Trachelomonas_sp.,Euglenoids,82.64,Cells_per_mL,79062.08,um3_per_mL
CW-16F,8/3/2017,Chlamydomonas_spp.,Green_Algae,196.28,Cells_per_mL,91984.43,um3_per_mL
CW-16F,8/3/2017,Chlorella_spp.,Green_Algae,175.62,Cells_per_mL,14432.9,um3_per_mL
CW-16F,8/3/2017,Scenedesmus_spp.,Green_Algae,2427.66,Cells_per_mL,111710.29,um3_per_mL
CW-16F,8/3/2017,Monoraphidium_spp.,Green_Algae,175.62,Cells_per_mL,3566.95,um3_per_mL
CW-16F,8/3/2017,Merismopedia_spp.,Blue-Green_Algae,1053.71,Cells_per_mL,4347.92,um3_per_mL
CW-16F,8/3/2017,Golenkinia_spp.,Green_Algae,51.65,Cells_per_mL,14419.06,um3_per_mL
CW-16F,8/3/2017,Aphanocapsa_spp.,Blue-Green_Algae,4328.47,Cells_per_mL,7345.4,um3_per_mL
CW-16F,8/3/2017,Treubaria_spp.,Green_Algae,10.33,Cells_per_mL,3565.27,um3_per_mL
CW-16F,8/3/2017,Coelastrum_spp.,Green_Algae,134.3,Cells_per_mL,7916.15,um3_per_mL
CW-16F,8/3/2017,Chroococcus_spp.,Blue-Green_Algae,898.75,Cells_per_mL,6742.09,um3_per_mL
CW-16F,8/3/2017,Kirchneriella_spp.,Green_Algae,134.3,Cells_per_mL,976.01,um3_per_mL
CW-16F,8/3/2017,Tetraedron_spp.,Green_Algae,20.66,Cells_per_mL,31.81,um3_per_mL
CW-16F,8/3/2017,Crucigeniella_spp.,Green_Algae,1115.69,Cells_per_mL,10687.47,um3_per_mL
CW-16F,8/3/2017,Pediastrum_spp.,Green_Algae,123.97,Cells_per_mL,2907.98,um3_per_mL
CW-207A,8/28/2017,Pennate_Diatom_spp._Live,Diatom,149.66,Cells_per_mL,18239.23,um3_per_mL
CW-207A,8/28/2017,Centric_Diatom_spp._Live,Diatom,249.43,Cells_per_mL,93744.82,um3_per_mL
CW-207A,8/28/2017,Cryptomonas_spp.,Green_Algae,199.54,Cells_per_mL,40863.79,um3_per_mL
CW-207A,8/28/2017,Mallomonas_spp.,Yellow-Green_Algae,49.89,Cells_per_mL,20793.6,um3_per_mL
CW-207A,8/28/2017,Trachelomonas_sp.,Euglenoids,49.89,Cells_per_mL,47724.09,um3_per_mL
CW-207A,8/28/2017,Chlamydomonas_spp.,Green_Algae,199.54,Cells_per_mL,93514.76,um3_per_mL
CW-207A,8/28/2017,Cosmarium_spp.,Green_Algae,99.77,Cells_per_mL,42089.75,um3_per_mL
CW-207A,8/28/2017,Chlorella_spp.,Green_Algae,199.54,Cells_per_mL,16399.25,um3_per_mL
CW-207A,8/28/2017,Scenedesmus_spp.,Green_Algae,1297.04,Cells_per_mL,32414.52,um3_per_mL
CW-207A,8/28/2017,Chroococcus_spp.,Blue-Green_Algae,24693.63,Cells_per_mL,185242.17,um3_per_mL
CW-207A,8/28/2017,Kirchneriella_spp.,Green_Algae,548.75,Cells_per_mL,4432.2,um3_per_mL
CW-207A,8/28/2017,Tetraedron_spp.,Green_Algae,99.77,Cells_per_mL,153.61,um3_per_mL
CW-207A,8/28/2017,Crucigeniella_spp.,Green_Algae,798.18,Cells_per_mL,7645.93,um3_per_mL
CW-207A,8/28/2017,Cylindrospermopsis_spp.,Blue-Green_Algae,9827.56,Cells_per_mL,331325.84,um3_per_mL
CW-207A,8/28/2017,Romeria_spp.,Blue-Green_Algae,498.86,Cells_per_mL,1534.53,um3_per_mL
CW-207A,8/28/2017,Pseudanabaena_spp.,Blue-Green_Algae,1696.13,Cells_per_mL,18502.22,um3_per_mL
CW-207A,8/28/2017,Dictyosphaerium_spp.,Green_Algae,199.54,Cells_per_mL,15117.32,um3_per_mL
CW-207A,8/28/2017,Oocystis_spp.,Green_Algae,199.54,Cells_per_mL,42395.09,um3_per_mL
CW-207A,8/28/2017,Dactylococcopsis_spp.,Blue-Green_Algae,3691.57,Cells_per_mL,25258.53,um3_per_mL
CL-089,8/29/2017,Pennate_Diatom_spp._Live,Diatom,383.52,Cells_per_mL,43826.46,um3_per_mL
CL-089,8/29/2017,Centric_Diatom_spp._Live,Diatom,355.11,Cells_per_mL,87418.3,um3_per_mL
CL-089,8/29/2017,Rhodomonas_spp.,Cryptophytes,28.41,Cells_per_mL,1595.27,um3_per_mL
CL-089,8/29/2017,Chlamydomonas_spp.,Green_Algae,14.2,Cells_per_mL,7012.24,um3_per_mL
CL-089,8/29/2017,Cosmarium_spp.,Green_Algae,14.2,Cells_per_mL,5992.24,um3_per_mL
CL-089,8/29/2017,Chlorella_spp.,Green_Algae,426.13,Cells_per_mL,14709.84,um3_per_mL
CL-089,8/29/2017,Pseudanabaena_spp.,Blue-green_Algae,2357.93,Cells_per_mL,21313.45,um3_per_mL
CL-089,8/29/2017,Scenedesmus_spp.,Green_Algae,624.99,Cells_per_mL,23707.28,um3_per_mL
CL-089,8/29/2017,Monoraphidium_spp.,Green_Algae,28.41,Cells_per_mL,420.64,um3_per_mL
CL-089,8/29/2017,Euastrum_spp.,Green_Algae,14.2,Cells_per_mL,33772.31,um3_per_mL
CL-089,8/29/2017,Merismopedia_spp.,Blue-Green_Algae,113.64,Cells_per_mL,116.03,um3_per_mL
CL-089,8/29/2017,Golenkinia_spp.,Green_Algae,99.43,Cells_per_mL,27143.63,um3_per_mL
CL-089,8/29/2017,Aphanocapsa_spp.,Blue-Green_Algae,4019.85,Cells_per_mL,2344.79,um3_per_mL
CL-089,8/29/2017,Coelastrum_spp.,Green_Algae,369.31,Cells_per_mL,21769.41,um3_per_mL
CL-089,8/29/2017,Chroococcus_spp.,Blue-Green_Algae,1079.53,Cells_per_mL,10965.1,um3_per_mL
CL-089,8/29/2017,Kirchneriella_spp.,Green_Algae,198.86,Cells_per_mL,2300.61,um3_per_mL
CL-089,8/29/2017,Tetraedron_spp.,Green_Algae,56.82,Cells_per_mL,103.66,um3_per_mL
CL-089,8/29/2017,Cylindrospermopsis_spp.,Blue-Green_Algae,2414.75,Cells_per_mL,81410.66,um3_per_mL
CL-089,8/29/2017,Anabaenopsis_spp.,Blue-Green_Algae,113.64,Cells_per_mL,3415.96,um3_per_mL
CL-089,8/29/2017,Leptolyngbya_spp.,Blue-Green_Algae,781.24,Cells_per_mL,6275.24,um3_per_mL
CL-089,8/29/2017,Dactylococcopsis_spp.,Blue-Green_Algae,1051.13,Cells_per_mL,7192.03,um3_per_mL
CW-057,8/30/2017,Aphanothece_clathrata,Blue-Green_Algae,267.38,Cells_per_mL,171.5,um3_per_mL
CW-057,8/30/2017,Pennate_Diatom_spp._Live,Diatom,227.27,Cells_per_mL,25971.23,um3_per_mL
CW-057,8/30/2017,Centric_Diatom_spp._Live,Diatom,962.56,Cells_per_mL,236955.01,um3_per_mL
CW-057,8/30/2017,Cryptomonas_spp.,Green_Algae,427.8,Cells_per_mL,82113.12,um3_per_mL
CW-057,8/30/2017,Rhodomonas_spp.,Cryptophytes,66.84,Cells_per_mL,3753.57,um3_per_mL
CW-057,8/30/2017,Euglena_spp.,Euglenoids,26.74,Cells_per_mL,18523.42,um3_per_mL
CW-057,8/30/2017,Chlamydomonas_spp.,Green_Algae,213.9,Cells_per_mL,105596.15,um3_per_mL
CW-057,8/30/2017,Chlorella_spp.,Green_Algae,561.49,Cells_per_mL,19382.37,um3_per_mL
CW-057,8/30/2017,Pseudanabaena_spp.,Blue-green_Algae,855.61,Cells_per_mL,7733.87,um3_per_mL
CW-057,8/30/2017,Scenedesmus_spp.,Green_Algae,534.75,Cells_per_mL,20284.31,um3_per_mL
CW-057,8/30/2017,Merismopedia_spp.,Blue-Green_Algae,20173.59,Cells_per_mL,20598.72,um3_per_mL
CW-057,8/30/2017,Aphanocapsa_spp.,Blue-Green_Algae,1082.88,Cells_per_mL,631.65,um3_per_mL
CW-057,8/30/2017,Treubaria_spp.,Green_Algae,13.37,Cells_per_mL,4819.11,um3_per_mL
CW-057,8/30/2017,Coelastrum_spp.,Green_Algae,213.9,Cells_per_mL,12608.53,um3_per_mL
CW-057,8/30/2017,Kirchneriella_spp.,Green_Algae,93.58,Cells_per_mL,1082.64,um3_per_mL
CW-057,8/30/2017,Tetraedron_spp.,Green_Algae,13.37,Cells_per_mL,24.39,um3_per_mL
CW-057,8/30/2017,Crucigeniella_spp.,Green_Algae,213.9,Cells_per_mL,1417.92,um3_per_mL
CW-057,8/30/2017,Cylindrospermopsis_spp.,Blue-Green_Algae,93.58,Cells_per_mL,3181.95,um3_per_mL
CW-057,8/30/2017,Dactylococcopsis_spp.,Blue-Green_Algae,40.11,Cells_per_mL,274.42,um3_per_mL
CW-16F,8/30/2017,Pennate_Diatom_spp._Live,Diatom,42.46,Cells_per_mL,5174.25,um3_per_mL
CW-16F,8/30/2017,Centric_Diatom_spp._Live,Diatom,169.83,Cells_per_mL,63826.26,um3_per_mL
CW-16F,8/30/2017,Rhodomonas_spp.,Cryptophytes,689.91,Cells_per_mL,38741.4,um3_per_mL
CW-16F,8/30/2017,Euglena_spp.,Euglenoids,10.61,Cells_per_mL,7353.24,um3_per_mL
CW-16F,8/30/2017,Trachelomonas_sp.,Euglenoids,31.84,Cells_per_mL,30462.19,um3_per_mL
CW-16F,8/30/2017,Aphanocapsa_spp.,Blue-Green_Algae,408.64,Cells_per_mL,693.46,um3_per_mL
CW-16F,8/30/2017,Chlamydomonas_spp.,Green_Algae,143.29,Cells_per_mL,67151.56,um3_per_mL
CW-16F,8/30/2017,Chlorella_spp.,Green_Algae,122.06,Cells_per_mL,10031.46,um3_per_mL
CW-16F,8/30/2017,Scenedesmus_spp.,Green_Algae,403.33,Cells_per_mL,10079.8,um3_per_mL
CW-16F,8/30/2017,Monoraphidium_spp.,Green_Algae,5.31,Cells_per_mL,111.05,um3_per_mL
CW-16F,8/30/2017,Merismopedia_spp.,Blue-Green_Algae,10.61,Cells_per_mL,7.54,um3_per_mL
CW-16F,8/30/2017,Chroococcus_spp.,Blue-Green_Algae,339.65,Cells_per_mL,2547.93,um3_per_mL
CW-16F,8/30/2017,Kirchneriella_spp.,Green_Algae,100.83,Cells_per_mL,814.43,um3_per_mL
CW-16F,8/30/2017,Tetraedron_spp.,Green_Algae,5.31,Cells_per_mL,8.17,um3_per_mL
CW-16F,8/30/2017,Crucigeniella_spp.,Green_Algae,90.22,Cells_per_mL,914.94,um3_per_mL
CW-16F,8/30/2017,Pediastrum_spp.,Green_Algae,42.46,Cells_per_mL,995.94,um3_per_mL
CW-16F,8/30/2017,Binuclearia_spp.,Green_Algae,10.61,Cells_per_mL,990.59,um3_per_mL
CW-16F,8/30/2017,Dictyosphaerium_spp.,Green_Algae,21.23,Cells_per_mL,1608.23,um3_per_mL
CW-16F,8/30/2017,Dactylococcopsis_spp.,Blue-Green_Algae,15.92,Cells_per_mL,108.94,um3_per_mL
CW-057,9/25/2017,Pennate_Diatom_spp._Live,Diatom,545.45,Cells_per_mL,62330.96,um3_per_mL
CW-057,9/25/2017,Centric_Diatom_spp._Live,Diatom,1568.17,Cells_per_mL,386039.21,um3_per_mL
CW-057,9/25/2017,Phormidium_sp.,Blue-Green_Algae,704.54,Cells_per_mL,32681.9,um3_per_mL
CW-057,9/25/2017,Chlamydomonas_spp.,Green_Algae,272.72,Cells_per_mL,134635.09,um3_per_mL
CW-057,9/25/2017,Chlorella_spp.,Green_Algae,1068.17,Cells_per_mL,36872.65,um3_per_mL
CW-057,9/25/2017,Pseudanabaena_spp.,Blue-green_Algae,159.09,Cells_per_mL,1438.02,um3_per_mL
CW-057,9/25/2017,Scenedesmus_spp.,Green_Algae,2090.89,Cells_per_mL,79311.63,um3_per_mL
CW-057,9/25/2017,Merismopedia_spp.,Blue-Green_Algae,84726.41,Cells_per_mL,86511.88,um3_per_mL
CW-057,9/25/2017,Aphanocapsa_spp.,Blue-Green_Algae,840.9,Cells_per_mL,490.5,um3_per_mL
CW-057,9/25/2017,Chroococcus_spp.,Blue-Green_Algae,863.63,Cells_per_mL,8772.08,um3_per_mL
CW-057,9/25/2017,Kirchneriella_spp.,Green_Algae,613.63,Cells_per_mL,7099.02,um3_per_mL
CW-057,9/25/2017,Crucigeniella_spp.,Green_Algae,363.63,Cells_per_mL,2410.46,um3_per_mL
CW-057,9/25/2017,Cylindrospermopsis_spp.,Blue-Green_Algae,90.91,Cells_per_mL,3091.04,um3_per_mL
CW-057,9/25/2017,Dactylococcopsis_spp.,Blue-Green_Algae,477.27,Cells_per_mL,3265.57,um3_per_mL
CL-089,9/26/2017,Pennate_Diatom_spp._Live,Diatom,187.07,Cells_per_mL,21377.68,um3_per_mL
CL-089,9/26/2017,Centric_Diatom_spp._Live,Diatom,124.72,Cells_per_mL,30701.47,um3_per_mL
CL-089,9/26/2017,Cryptomonas_spp.,Green_Algae,1621.3,Cells_per_mL,311194.29,um3_per_mL
CL-089,9/26/2017,Chlamydomonas_spp.,Green_Algae,62.36,Cells_per_mL,30783.91,um3_per_mL
CL-089,9/26/2017,Scenedesmus_spp.,Green_Algae,249.43,Cells_per_mL,9461.41,um3_per_mL
CL-089,9/26/2017,Chroococcus_spp.,Blue-Green_Algae,8106.49,Cells_per_mL,82339.65,um3_per_mL
CL-089,9/26/2017,Kirchneriella_spp.,Green_Algae,498.86,Cells_per_mL,5771.27,um3_per_mL
CL-089,9/26/2017,Pediastrum_spp.,Green_Algae,249.43,Cells_per_mL,5851.13,um3_per_mL
CL-089,9/26/2017,Cylindrospermopsis_spp.,Blue-Green_Algae,7794.71,Cells_per_mL,262790.17,um3_per_mL
CL-089,9/26/2017,Pseudanabaena_spp.,Blue-Green_Algae,2743.74,Cells_per_mL,24800.77,um3_per_mL
CL-089,9/26/2017,Dactylococcopsis_spp.,Blue-Green_Algae,10600.8,Cells_per_mL,72532.94,um3_per_mL
CW-207A,9/26/2017,Pennate_Diatom_spp._Live,Diatom,151.51,Cells_per_mL,18465.34,um3_per_mL
CW-207A,9/26/2017,Centric_Diatom_spp._Live,Diatom,151.51,Cells_per_mL,56944.17,um3_per_mL
CW-207A,9/26/2017,Chlamydomonas_spp.,Green_Algae,151.51,Cells_per_mL,71005.53,um3_per_mL
CW-207A,9/26/2017,Chlorella_spp.,Green_Algae,1136.35,Cells_per_mL,93389.33,um3_per_mL
CW-207A,9/26/2017,Pseudanabaena_spp.,Blue-green_Algae,2499.97,Cells_per_mL,27270.99,um3_per_mL
CW-207A,9/26/2017,Scenedesmus_spp.,Green_Algae,606.05,Cells_per_mL,15146.01,um3_per_mL
CW-207A,9/26/2017,Merismopedia_spp.,Blue-Green_Algae,4848.44,Cells_per_mL,3446.42,um3_per_mL
CW-207A,9/26/2017,Aphanocapsa_spp.,Blue-Green_Algae,4696.92,Cells_per_mL,7970.66,um3_per_mL
CW-207A,9/26/2017,Chroococcus_spp.,Blue-Green_Algae,6287.81,Cells_per_mL,47168.79,um3_per_mL
CW-207A,9/26/2017,Kirchneriella_spp.,Green_Algae,681.81,Cells_per_mL,5506.95,um3_per_mL
CW-207A,9/26/2017,Tetraedron_spp.,Green_Algae,75.76,Cells_per_mL,116.64,um3_per_mL
CW-207A,9/26/2017,Cylindrospermopsis_spp.,Blue-Green_Algae,5833.27,Cells_per_mL,196662.6,um3_per_mL
CW-207A,9/26/2017,Dactylococcopsis_spp.,Blue-Green_Algae,35757.21,Cells_per_mL,244658.52,um3_per_mL
CW-16F,9/27/2017,Pennate_Diatom_spp._Live,Diatom,3.44,Cells_per_mL,419.67,um3_per_mL
CW-16F,9/27/2017,Centric_Diatom_spp._Live,Diatom,3.87,Cells_per_mL,1455.96,um3_per_mL
CW-16F,9/27/2017,Rhodomonas_spp.,Cryptophytes,0.43,Cells_per_mL,24.17,um3_per_mL
CW-16F,9/27/2017,Chlamydomonas_spp.,Green_Algae,12.48,Cells_per_mL,5849.89,um3_per_mL
CW-16F,9/27/2017,Chlorella_spp.,Green_Algae,94.27,Cells_per_mL,7747.07,um3_per_mL
CW-16F,9/27/2017,Scenedesmus_spp.,Green_Algae,21.52,Cells_per_mL,537.86,um3_per_mL
CW-16F,9/27/2017,Monoraphidium_spp.,Green_Algae,3.01,Cells_per_mL,62.31,um3_per_mL
CW-16F,9/27/2017,Chroococcus_spp.,Blue-Green_Algae,7.75,Cells_per_mL,58.12,um3_per_mL
CW-16F,9/27/2017,Kirchneriella_spp.,Green_Algae,0.86,Cells_per_mL,3.12,um3_per_mL
CW-16F,9/27/2017,Tetraedron_spp.,Green_Algae,1.29,Cells_per_mL,2,um3_per_mL
CL-089,10/16/2017,Aphanothece_clathrata,Blue-Green_Algae,318.18,Cells_per_mL,204.08,um3_per_mL
CL-089,10/16/2017,Pennate_Diatom_spp._Live,Diatom,272.72,Cells_per_mL,31165.48,um3_per_mL
CL-089,10/16/2017,Centric_Diatom_spp._Live,Diatom,424.24,Cells_per_mL,104435.73,um3_per_mL
CL-089,10/16/2017,Mallomonas_spp.,Yellow-Green_Algae,15.15,Cells_per_mL,6315.41,um3_per_mL
CL-089,10/16/2017,Euglena_spp.,Euglenoids,15.15,Cells_per_mL,10496.6,um3_per_mL
CL-089,10/16/2017,Chlamydomonas_spp.,Green_Algae,439.39,Cells_per_mL,216912.09,um3_per_mL
CL-089,10/16/2017,Micractinium_sp.,Green_Algae,75.76,Cells_per_mL,20309.13,um3_per_mL
CL-089,10/16/2017,Chlorella_spp.,Green_Algae,363.63,Cells_per_mL,12552.39,um3_per_mL
CL-089,10/16/2017,Pseudanabaena_spp.,Blue-green_Algae,5530.25,Cells_per_mL,49988.17,um3_per_mL
CL-089,10/16/2017,Scenedesmus_spp.,Green_Algae,696.96,Cells_per_mL,26437.21,um3_per_mL
CL-089,10/16/2017,Monoraphidium_spp.,Green_Algae,15.15,Cells_per_mL,224.34,um3_per_mL
CL-089,10/16/2017,Euastrum_spp.,Green_Algae,15.15,Cells_per_mL,36023.8,um3_per_mL
CL-089,10/16/2017,Merismopedia_spp.,Blue-Green_Algae,4363.59,Cells_per_mL,4455.55,um3_per_mL
CL-089,10/16/2017,Golenkinia_spp.,Green_Algae,15.15,Cells_per_mL,4136.17,um3_per_mL
CL-089,10/16/2017,Aphanocapsa_spp.,Blue-Green_Algae,6712.05,Cells_per_mL,3915.16,um3_per_mL
CL-089,10/16/2017,Treubaria_spp.,Green_Algae,30.3,Cells_per_mL,10923.31,um3_per_mL
CL-089,10/16/2017,Coelastrum_spp.,Green_Algae,121.21,Cells_per_mL,7144.83,um3_per_mL
CL-089,10/16/2017,Chroococcus_spp.,Blue-Green_Algae,1939.37,Cells_per_mL,19698.7,um3_per_mL
CL-089,10/16/2017,Kirchneriella_spp.,Green_Algae,121.21,Cells_per_mL,1402.28,um3_per_mL
CL-089,10/16/2017,Cylindrospermopsis_spp.,Blue-Green_Algae,1515.14,Cells_per_mL,51081.2,um3_per_mL
CL-089,10/16/2017,Dactylococcopsis_spp.,Blue-Green_Algae,818.17,Cells_per_mL,5598.12,um3_per_mL
CW-207A,10/16/2017,Pennate_Diatom_spp._Live,Diatom,207.86,Cells_per_mL,25332.26,um3_per_mL
CW-207A,10/16/2017,Centric_Diatom_spp._Live,Diatom,457.29,Cells_per_mL,171865.5,um3_per_mL
CW-207A,10/16/2017,Cryptomonas_spp.,Green_Algae,124.72,Cells_per_mL,25539.87,um3_per_mL
CW-207A,10/16/2017,Chlamydomonas_spp.,Green_Algae,124.72,Cells_per_mL,58446.73,um3_per_mL
CW-207A,10/16/2017,Chlorella_spp.,Green_Algae,956.15,Cells_per_mL,78579.74,um3_per_mL
CW-207A,10/16/2017,Scenedesmus_spp.,Green_Algae,1371.87,Cells_per_mL,34284.58,um3_per_mL
CW-207A,10/16/2017,Monoraphidium_spp.,Green_Algae,540.43,Cells_per_mL,11175.75,um3_per_mL
CW-207A,10/16/2017,Planktolyngbya_sp.,Blue-Green_Algae,748.29,Cells_per_mL,3673.18,um3_per_mL
CW-207A,10/16/2017,Merismopedia_spp.,Blue-Green_Algae,15298.41,Cells_per_mL,10874.6,um3_per_mL
CW-207A,10/16/2017,Chroococcus_spp.,Blue-Green_Algae,21700.46,Cells_per_mL,162788.58,um3_per_mL
CW-207A,10/16/2017,Kirchneriella_spp.,Green_Algae,665.15,Cells_per_mL,5372.37,um3_per_mL
CW-207A,10/16/2017,Pediastrum_spp.,Green_Algae,1330.3,Cells_per_mL,31206,um3_per_mL
CW-207A,10/16/2017,Cylindrospermopsis_spp.,Blue-Green_Algae,498.86,Cells_per_mL,16818.57,um3_per_mL
CW-207A,10/16/2017,Romeria_spp.,Blue-Green_Algae,83.14,Cells_per_mL,255.75,um3_per_mL
CW-207A,10/16/2017,Pseudanabaena_spp.,Blue-Green_Algae,15880.41,Cells_per_mL,173231.59,um3_per_mL
CW-207A,10/16/2017,Actinastrum_spp.,Green_Algae,332.57,Cells_per_mL,9555.45,um3_per_mL
CW-207A,10/16/2017,Dactylococcopsis_spp.,Blue-Green_Algae,3076.31,Cells_per_mL,21048.78,um3_per_mL
CW-057,10/17/2017,Komvophoron_sp.,Blue-Green_Algae,172.17,Cells_per_mL,19040.86,um3_per_mL
CW-057,10/17/2017,Aphanothece_clathrata,Blue-Green_Algae,4519.58,Cells_per_mL,2898.91,um3_per_mL
CW-057,10/17/2017,Pennate_Diatom_spp._Live,Diatom,731.74,Cells_per_mL,83619.5,um3_per_mL
CW-057,10/17/2017,Centric_Diatom_spp._Live,Diatom,4820.89,Cells_per_mL,1186769.64,um3_per_mL
CW-057,10/17/2017,Chlamydomonas_spp.,Green_Algae,731.74,Cells_per_mL,361236.83,um3_per_mL
CW-057,10/17/2017,Micractinium_sp.,Green_Algae,774.79,Cells_per_mL,207706.98,um3_per_mL
CW-057,10/17/2017,Chlorella_spp.,Green_Algae,1592.61,Cells_per_mL,54976.15,um3_per_mL
CW-057,10/17/2017,Pseudanabaena_spp.,Blue-green_Algae,344.35,Cells_per_mL,3112.59,um3_per_mL
CW-057,10/17/2017,Scenedesmus_spp.,Green_Algae,3271.32,Cells_per_mL,124087.7,um3_per_mL
CW-057,10/17/2017,Monoraphidium_spp.,Green_Algae,301.31,Cells_per_mL,4461.37,um3_per_mL
CW-057,10/17/2017,Merismopedia_spp.,Blue-Green_Algae,126677.43,Cells_per_mL,129346.94,um3_per_mL
CW-057,10/17/2017,Aphanocapsa_spp.,Blue-Green_Algae,7747.85,Cells_per_mL,4519.35,um3_per_mL
CW-057,10/17/2017,Chroococcus_spp.,Blue-Green_Algae,2410.44,Cells_per_mL,24483.47,um3_per_mL
CW-057,10/17/2017,Kirchneriella_spp.,Green_Algae,43.04,Cells_per_mL,497.97,um3_per_mL
CW-057,10/17/2017,Tetraedron_spp.,Green_Algae,43.04,Cells_per_mL,78.53,um3_per_mL
CW-057,10/17/2017,Romeria_spp.,Blue-Green_Algae,1033.05,Cells_per_mL,3177.71,um3_per_mL
CW-057,10/17/2017,Dactylococcopsis_spp.,Blue-Green_Algae,344.35,Cells_per_mL,2356.11,um3_per_mL
CW-16F,10/18/2017,Oocystis_spp.,Green_Algae,20,Cells_per_mL,4249.14,um3_per_mL
CW-16F,10/18/2017,Pennate_Diatom_spp._Live,Diatom,50,Cells_per_mL,6093.56,um3_per_mL
CW-16F,10/18/2017,Centric_Diatom_spp._Live,Diatom,30,Cells_per_mL,11274.95,um3_per_mL
CW-16F,10/18/2017,Cryptomonas_spp.,Green_Algae,10,Cells_per_mL,2047.83,um3_per_mL
CW-16F,10/18/2017,Chlamydomonas_spp.,Green_Algae,5,Cells_per_mL,2343.18,um3_per_mL
CW-16F,10/18/2017,Chlorella_spp.,Green_Algae,5,Cells_per_mL,410.91,um3_per_mL
CW-16F,10/18/2017,Scenedesmus_spp.,Green_Algae,200,Cells_per_mL,4998.18,um3_per_mL
CW-16F,10/18/2017,Merismopedia_spp.,Blue-Green_Algae,40,Cells_per_mL,28.43,um3_per_mL
CW-16F,10/18/2017,Chroococcus_spp.,Blue-Green_Algae,20,Cells_per_mL,150.03,um3_per_mL
CW-16F,10/18/2017,Kirchneriella_spp.,Green_Algae,5,Cells_per_mL,40.38,um3_per_mL
CW-16F,10/18/2017,Crucigeniella_spp.,Green_Algae,20,Cells_per_mL,197.19,um3_per_mL
CW-16F,10/18/2017,Pseudanabaena_spp.,Blue-Green_Algae,40,Cells_per_mL,436.34,um3_per_mL
CW-16F,10/18/2017,Dactylococcopsis_spp.,Blue-Green_Algae,45,Cells_per_mL,307.9,um3_per_mL
