StationID,ActivityStartDate,ActivityStartTime/Time,Conductivity_units,Conductivity,Depth_m,Source
CW-016,2/4/1999,2:38:00 PM,umho/cm,100,0.3,DHEC
CW-206,12/29/1999,9:30:00 AM,umho/cm,178.1,0.3,DHEC
CW-222,3/25/1999,10:15:00 AM,umho/cm,118.7,0.3,DHEC
CW-206,8/5/1999,9:15:00 AM,umho/cm,195,0.3,DHEC
CW-016,5/20/1999,1:45:00 PM,umho/cm,210,0.3,DHEC
CW-206,3/25/1999,9:30:00 AM,umho/cm,926,0.3,DHEC
CW-222,9/9/1999,10:30:00 AM,umho/cm,261,0.3,DHEC
CW-016,7/1/1999,2:50:00 PM,umho/cm,160,0.3,DHEC
CW-206,1/14/1999,11:45:00 AM,umho/cm,120,0.3,DHEC
CW-222,5/13/1999,10:45:00 AM,umho/cm,141.3,0.3,DHEC
CW-016,1/7/1999,2:13:00 PM,umho/cm,140,0.3,DHEC
CW-016,6/2/1999,2:35:00 PM,umho/cm,170,0.3,DHEC
CW-222,10/14/1999,10:15:00 AM,umho/cm,207.9,0.3,DHEC
CW-206,2/25/1999,9:50:00 AM,umho/cm,89,0.3,DHEC
CW-016,11/4/1999,2:20:00 PM,umho/cm,250,0.3,DHEC
CW-206,10/14/1999,9:25:00 AM,umho/cm,144.4,0.3,DHEC
CW-222,4/8/1999,10:30:00 AM,umho/cm,153.5,0.3,DHEC
CW-016,9/1/1999,3:15:00 PM,umho/cm,250,0.3,DHEC
CW-206,4/8/1999,9:30:00 AM,umho/cm,107,0.3,DHEC
CW-016,3/18/1999,3:40:00 PM,umho/cm,130,0.3,DHEC
CW-016,10/27/1999,2:30:00 PM,umho/cm,240,0.3,DHEC
CW-222,7/15/1999,10:40:00 AM,umho/cm,205.4,0.3,DHEC
CW-222,11/29/1999,11:15:00 AM,umho/cm,265.3,0.3,DHEC
CW-016,4/5/1999,3:00:00 PM,umho/cm,140,0.3,DHEC
CW-206,5/13/1999,9:45:00 AM,umho/cm,142.2,0.3,DHEC
CW-206,9/9/1999,9:40:00 AM,umho/cm,190,0.3,DHEC
CW-016,8/3/1999,11:15:00 AM,umho/cm,260,0.3,DHEC
CW-222,12/29/1999,10:25:00 AM,umho/cm,250.8,0.3,DHEC
CW-206,11/29/1999,10:15:00 AM,umho/cm,154.7,0.3,DHEC
CW-222,1/21/1999,10:00:00 AM,umho/cm,120,0.3,DHEC
CW-222,8/5/1999,10:00:00 AM,umho/cm,255.9,0.3,DHEC
CW-206,7/6/2000,9:55:00 AM,umho/cm,159.5,0.3,DHEC
CW-222,11/16/2000,11:15:00 AM,umho/cm,257.8,0.3,DHEC
CW-222,3/23/2000,10:30:00 AM,umho/cm,181.6,0.3,DHEC
CW-222,6/6/2000,10:40:00 AM,umho/cm,230.1,0.3,DHEC
CW-016,1/14/2000,2:38:00 PM,umho/cm,100,0.3,DHEC
CW-206,10/25/2000,12:20:00 PM,umho/cm,146.3,0.3,DHEC
CW-206,11/15/2000,1:05:00 PM,umho/cm,158,0.3,DHEC
CW-206,9/7/2000,9:30:00 AM,umho/cm,129.6,0.3,DHEC
CW-016,8/17/2000,1:15:00 PM,umho/cm,260,0.3,DHEC
CW-206,4/20/2000,9:30:00 AM,umho/cm,162.9,0.3,DHEC
CW-016,3/9/2000,2:40:00 PM,umho/cm,170,0.3,DHEC
CW-222,2/24/2000,11:30:00 AM,umho/cm,184.2,0.3,DHEC
CW-206,3/23/2000,9:45:00 AM,umho/cm,166.9,0.3,DHEC
CW-222,5/25/2000,10:30:00 AM,umho/cm,107.3,0.3,DHEC
CW-206,2/24/2000,10:25:00 AM,umho/cm,153.6,0.3,DHEC
CW-222,7/6/2000,10:40:00 AM,umho/cm,230.2,0.3,DHEC
CW-016,11/30/2000,12:30:00 PM,umho/cm,180,0.3,DHEC
CW-222,9/7/2000,10:15:00 AM,umho/cm,197.8,0.3,DHEC
CW-206,5/25/2000,9:30:00 AM,umho/cm,157,0.3,DHEC
CW-206,1/20/2000,9:20:00 AM,umho/cm,228.8,0.3,DHEC
CW-016,6/1/2000,1:40:00 PM,umho/cm,180,0.3,DHEC
CW-016,2/17/2000,3:15:00 PM,umho/cm,140,0.3,DHEC
CW-206,6/6/2000,9:55:00 AM,umho/cm,16.3,0.3,DHEC
CW-222,4/20/2000,10:20:00 AM,umho/cm,184.2,0.3,DHEC
CW-222,1/20/2000,10:05:00 AM,umho/cm,256.7,0.3,DHEC
CW-016,9/21/2000,2:25:00 PM,umho/cm,210,0.3,DHEC
CW-016,5/4/2000,2:50:00 PM,umho/cm,130,0.3,DHEC
CW-016,12/27/2000,2:05:00 PM,umho/cm,170,0.3,DHEC
CW-206,8/1/2000,8:55:00 AM,umho/cm,170.6,0.3,DHEC
CW-222,8/1/2000,9:45:00 AM,umho/cm,219,0.3,DHEC
CW-016,4/27/2000,3:00:00 PM,umho/cm,130,0.3,DHEC
CW-016,7/20/2000,1:40:00 PM,umho/cm,220,0.3,DHEC
CW-005,12/21/2005,10:55:00 AM,umho/cm,79,0.3,DHEC
CW-681,12/21/2005,12:45:00 PM,umho/cm,169,0.3,DHEC
CW-210,12/22/2005,1:34:00 PM,umho/cm,104,0.3,DHEC
CW-064,12/21/2005,1:30:00 PM,umho/cm,338,0.3,DHEC
CW-009,11/1/2006,12:38:00 PM,umho/cm,0.353,0.3,DHEC
CW-223,8/14/2008,8:45:00 AM,umho/cm,22,0.3,DHEC
CW-067,8/19/2008,8:45:00 AM,umho/cm,88.3,0.3,DHEC
RS-07059,8/14/2008,9:55:00 AM,umho/cm,68,0.3,DHEC
RS-07208,8/19/2008,12:00:00 PM,umho/cm,124.9,0.3,DHEC
CW-695,8/19/2008,10:15:00 AM,umho/cm,107.7,0.3,DHEC
LCR-01F,8/20/2019,12:13:00 PM,umho/cm,128.3,0.3,DHEC
LCR-04,9/3/2019,11:02:00 AM,umho/cm,122.4,0.3,DHEC
RS-19476,8/6/2019,11:05:00 AM,umho/cm,146.5,0.3,DHEC
CW-207B,8/13/2019,11:37:00 AM,umho/cm,117.3,0.3,DHEC
CW-208,7/15/2019,3:51:00 PM,umho/cm,99.2,0.3,DHEC
LWT-01,10/29/2019,10:10:00 AM,umho/cm,75,0.3,DHEC
CL-089,10/8/2019,9:20:00 AM,umho/cm,143.1,0.3,DHEC
LCT-03,6/11/2019,9:00:00 AM,umho/cm,192.6,0.3,DHEC
RS-19476F,10/29/2019,11:09:00 AM,umho/cm,142,0.3,DHEC
LCR-02,8/13/2019,1:19:00 PM,umho/cm,112.9,0.3,DHEC
LCR-04,7/9/2019,12:02:00 PM,umho/cm,99.6,0.3,DHEC
LCR-04,9/17/2019,11:48:00 AM,umho/cm,144.8,0.3,DHEC
LWT-01,9/17/2019,10:20:00 AM,umho/cm,77,0.3,DHEC
LCR-05F,8/20/2019,11:08:00 AM,umho/cm,134.7,0.3,DHEC
RS-19476,10/1/2019,10:45:00 AM,umho/cm,260.2,0.3,DHEC
LCT-03,8/6/2019,8:50:00 AM,umho/cm,293.7,0.3,DHEC
LCT-02,10/29/2019,11:05:00 AM,umho/cm,142,0.3,DHEC
LCR-03,10/23/2019,1:13:00 PM,umho/cm,145,0.3,DHEC
LCR-04,8/20/2019,10:32:00 AM,umho/cm,141.4,0.3,DHEC
CW-069,7/9/2019,10:05:00 AM,umho/cm,119.9,0.3,DHEC
CW-208,10/8/2019,1:03:00 PM,umho/cm,154.4,0.3,DHEC
LCT-02,7/9/2019,10:40:00 AM,umho/cm,175,0.3,DHEC
LCR-01,10/1/2019,12:03:00 PM,umho/cm,145.3,0.3,DHEC
CW-069,7/25/2019,9:40:00 AM,umho/cm,108.4,0.3,DHEC
RS-19476,6/11/2019,11:30:00 AM,umho/cm,155,0.3,DHEC
CW-057,8/20/2019,9:20:00 AM,umho/cm,138.6,0.3,DHEC
LCR-05,7/25/2019,11:46:00 AM,umho/cm,107.8,0.3,DHEC
LWT-01,7/9/2019,9:40:00 AM,umho/cm,59,0.3,DHEC
CL-089,8/27/2019,8:57:00 AM,umho/cm,109.7,0.3,DHEC
LCR-03,7/15/2019,2:30:00 PM,umho/cm,107.5,0.3,DHEC
LWT-01,10/15/2019,10:10:00 AM,umho/cm,71,0.3,DHEC
LCT-03,9/17/2019,8:45:00 AM,umho/cm,210.9,0.3,DHEC
LCR-01,10/29/2019,11:04:00 AM,umho/cm,162.5,0.3,DHEC
LCR-05,8/20/2019,11:08:00 AM,umho/cm,134.7,0.3,DHEC
LCT-03,5/14/2019,9:10:00 AM,umho/cm,210,0.3,DHEC
LCR-05,10/29/2019,10:35:00 AM,umho/cm,152.9,0.3,DHEC
CW-014,9/17/2019,12:00:00 PM,umho/cm,72.7,0.3,DHEC
CW-057F,8/20/2019,9:20:00 AM,umho/cm,138.6,0.3,DHEC
LCR-01,9/3/2019,11:55:00 AM,umho/cm,137.4,0.3,DHEC
LCR-03,9/24/2019,1:13:00 PM,umho/cm,134.8,0.3,DHEC
CW-014,7/9/2019,1:15:00 PM,umho/cm,63,0.3,DHEC
LWT-01,9/26/2019,10:40:00 AM,umho/cm,76,0.3,DHEC
LCT-03,10/15/2019,8:35:00 AM,umho/cm,308,0.3,DHEC
LCR-04,10/15/2019,10:14:00 AM,umho/cm,154.5,0.3,DHEC
LCR-01,7/9/2019,12:42:00 PM,umho/cm,118,0.3,DHEC
LCT-03F,10/29/2019,9:00:00 AM,umho/cm,233.8,0.3,DHEC
LCT-02,9/4/2019,11:20:00 AM,umho/cm,205,0.3,DHEC
LWT-01,11/21/2019,10:30:00 AM,umho/cm,67,0.3,DHEC
LWT-01,6/20/2019,10:55:00 AM,umho/cm,52,0.3,DHEC
LCR-03,6/18/2019,4:37:00 PM,umho/cm,86.3,0.3,DHEC
RS-19476,5/14/2019,11:30:00 AM,umho/cm,148.2,0.3,DHEC
LCR-01,8/6/2019,1:10:00 PM,umho/cm,102,0.3,DHEC
CW-057,10/29/2019,9:18:00 AM,umho/cm,154.4,0.3,DHEC
LCT-03,9/4/2019,10:05:00 AM,umho/cm,290,0.3,DHEC
RS-17340F,10/29/2019,10:10:00 AM,umho/cm,129,0.3,DHEC
CW-069,9/4/2019,11:15:00 AM,umho/cm,126.7,0.3,DHEC
LWT-01,12/4/2019,9:30:00 AM,umho/cm,66,0.3,DHEC
LWT-01,8/6/2019,12:40:00 PM,umho/cm,70.1,0.3,DHEC
LWT-01,11/13/2019,10:07:00 AM,umho/cm,71,0.3,DHEC
LCT-03,10/1/2019,8:45:00 AM,umho/cm,360,0.3,DHEC
LCR-04,8/20/2019,10:32:00 AM,umho/cm,141.4,0.3,DHEC
LCR-05,9/17/2019,10:58:00 AM,umho/cm,146.6,0.3,DHEC
LCT-03,10/29/2019,9:00:00 AM,umho/cm,233.8,0.3,DHEC
CW-208,8/13/2019,3:58:00 PM,umho/cm,120.8,0.3,DHEC
LCR-02,10/8/2019,11:34:00 AM,umho/cm,175.2,0.3,DHEC
LWT-01,5/14/2019,10:25:00 AM,umho/cm,58.7,0.3,DHEC
LCR-02,6/18/2019,2:20:00 PM,umho/cm,73.6,0.3,DHEC
LCR-01,6/25/2019,2:00:00 PM,umho/cm,86.8,0.3,DHEC
CW-208,9/24/2019,2:17:00 PM,umho/cm,121.5,0.3,DHEC
LCT-02,8/6/2019,2:50:00 PM,umho/cm,36.4,0.3,DHEC
CW-014,7/25/2019,12:00:00 PM,umho/cm,128,0.3,DHEC
RS-19476,7/9/2019,11:26:00 AM,umho/cm,168.7,0.3,DHEC
CW-014,9/4/2019,1:55:00 PM,umho/cm,70.7,0.3,DHEC
LCR-02,8/27/2019,11:14:00 AM,umho/cm,114.9,0.3,DHEC
LCR-03,8/13/2019,2:26:00 PM,umho/cm,120,0.3,DHEC
CW-069,8/6/2019,9:45:00 AM,umho/cm,128.8,0.3,DHEC
CW-069,10/29/2019,10:10:00 AM,umho/cm,129,0.3,DHEC
LCR-03,8/27/2019,12:30:00 PM,umho/cm,118.3,0.3,DHEC
CW-207B,6/18/2019,12:05:00 PM,umho/cm,83.1,0.3,DHEC
LCR-05,6/25/2019,12:13:00 PM,umho/cm,78.4,0.3,DHEC
CL-089,10/23/2019,9:19:00 AM,umho/cm,123.6,0.3,DHEC
RS-19476F,10/29/2019,11:46:00 AM,umho/cm,142,0.3,DHEC
CL-089,8/13/2019,10:12:00 AM,umho/cm,108.6,0.3,DHEC
LCR-02,7/15/2019,1:19:00 PM,umho/cm,118.4,0.3,DHEC
CL-089,6/18/2019,10:22:00 AM,umho/cm,84.3,0.3,DHEC
CW-207B,9/24/2019,10:45:00 AM,umho/cm,116.9,0.3,DHEC
LCR-05,10/15/2019,9:50:00 AM,umho/cm,151.5,0.3,DHEC
LWT-01,10/1/2019,10:15:00 AM,umho/cm,77,0.3,DHEC
CW-057,8/20/2019,9:20:00 AM,umho/cm,138.6,0.3,DHEC
CW-057,6/11/2019,10:47:00 AM,umho/cm,71.5,0.3,DHEC
CW-014,8/20/2019,12:16:00 PM,umho/cm,75.9,0.3,DHEC
CW-207B,7/15/2019,11:43:00 AM,umho/cm,92.3,0.3,DHEC
LCR-05,9/3/2019,10:34:00 AM,umho/cm,118,0.3,DHEC
RS-19476,9/4/2019,12:30:00 PM,umho/cm,148.1,0.3,DHEC
LCT-03,8/20/2019,8:40:00 AM,umho/cm,364.2,0.3,DHEC
CW-057,8/6/2019,10:06:00 AM,umho/cm,117.9,0.3,DHEC
CW-208,7/30/2019,2:58:00 PM,umho/cm,109.3,0.3,DHEC
CW-069,8/20/2019,9:20:00 AM,umho/cm,112.1,0.3,DHEC
LCT-02,9/17/2019,11:10:00 AM,umho/cm,210,0.3,DHEC
CW-057,9/3/2019,9:39:00 AM,umho/cm,122.8,0.3,DHEC
CW-057F,8/20/2019,9:20:00 AM,umho/cm,138.6,0.3,DHEC
LCR-02,10/23/2019,11:44:00 AM,umho/cm,158.3,0.3,DHEC
CW-014F,10/29/2019,12:45:00 PM,umho/cm,18.9,0.3,DHEC
CW-057,6/25/2019,10:27:00 AM,umho/cm,79.8,0.3,DHEC
RS-19476,8/20/2019,10:30:00 AM,umho/cm,214.7,0.3,DHEC
LCR-02,7/30/2019,12:52:00 PM,umho/cm,126.2,0.3,DHEC
LCR-04,7/25/2019,12:16:00 PM,umho/cm,113,0.3,DHEC
LCR-04,10/1/2019,10:56:00 AM,umho/cm,151.9,0.3,DHEC
LCR-04,6/11/2019,1:05:00 PM,umho/cm,85.8,0.3,DHEC
RS-19476,10/29/2019,11:09:00 AM,umho/cm,142,0.3,DHEC
CW-057,7/25/2019,10:07:00 AM,umho/cm,114.1,0.3,DHEC
RS-19476,7/25/2019,11:00:00 AM,umho/cm,123.7,0.3,DHEC
LCR-05,7/9/2019,11:31:00 AM,umho/cm,98.6,0.3,DHEC
LCT-03,7/25/2019,8:45:00 AM,umho/cm,270,0.3,DHEC
CW-014,5/14/2019,12:50:00 PM,umho/cm,64.7,0.3,DHEC
CW-207B,10/8/2019,10:19:00 AM,umho/cm,152.4,0.3,DHEC
CL-089,7/15/2019,10:31:00 AM,umho/cm,82.5,0.3,DHEC
LCR-04,8/6/2019,12:07:00 PM,umho/cm,116,0.3,DHEC
LCR-03,10/8/2019,1:36:00 PM,umho/cm,161.2,0.3,DHEC
LCT-02,6/11/2019,10:40:00 AM,umho/cm,161,0.3,DHEC
CW-207B,10/23/2019,10:25:00 AM,umho/cm,132.8,0.3,DHEC
LCR-01,7/25/2019,1:20:00 PM,umho/cm,143,0.3,DHEC
LCR-01,9/17/2019,12:31:00 PM,umho/cm,148.1,0.3,DHEC
CW-208,8/27/2019,1:03:00 PM,umho/cm,113.1,0.3,DHEC
CW-014,10/1/2019,12:13:00 PM,umho/cm,0.2,0.3,DHEC
LCR-04F,8/20/2019,10:32:00 AM,umho/cm,141.4,0.3,DHEC
CW-208,6/18/2019,5:41:00 PM,umho/cm,102.8,0.3,DHEC
LCR-01,8/20/2019,12:13:00 PM,umho/cm,128.3,0.3,DHEC
LCR-04,6/25/2019,12:50:00 PM,umho/cm,80.5,0.3,DHEC
LWT-01,8/20/2019,10:10:00 AM,umho/cm,71,0.3,DHEC
LCT-03,7/9/2019,8:40:00 AM,umho/cm,197.7,0.3,DHEC
LCR-01,6/11/2019,2:00:00 PM,umho/cm,66.9,0.3,DHEC
LCR-04,10/29/2019,10:02:00 AM,umho/cm,152.6,0.3,DHEC
CL-089,9/24/2019,9:45:00 AM,umho/cm,117.9,0.3,DHEC
LCT-02,10/1/2019,11:10:00 AM,umho/cm,263,0.3,DHEC
LCR-05,10/1/2019,10:26:00 AM,umho/cm,151.1,0.3,DHEC
CW-069,6/11/2019,10:20:00 AM,umho/cm,124,0.3,DHEC
CW-057,9/17/2019,9:59:00 AM,umho/cm,145.9,0.3,DHEC
LCR-03,7/30/2019,1:43:00 PM,umho/cm,109.2,0.3,DHEC
CW-014,8/6/2019,12:20:00 PM,umho/cm,49.6,0.3,DHEC
LCT-02,8/20/2019,11:07:00 AM,umho/cm,198,0.3,DHEC
LCR-05,8/6/2019,11:38:00 AM,umho/cm,118.9,0.3,DHEC
LWT-01,9/4/2019,10:10:00 AM,umho/cm,74.3,0.3,DHEC
LCR-04F,8/20/2019,10:32:00 AM,umho/cm,141.4,0.3,DHEC
LCR-01,10/15/2019,10:49:00 AM,umho/cm,162.1,0.3,DHEC
CL-089,7/30/2019,9:38:00 AM,umho/cm,100.1,0.3,DHEC
CW-057,10/1/2019,9:28:00 AM,umho/cm,149.3,0.3,DHEC
CW-014,10/15/2019,11:15:00 AM,umho/cm,79.7,0.3,DHEC
CW-057,10/15/2019,9:02:00 AM,umho/cm,156.5,0.3,DHEC
CW-014,10/29/2019,12:45:00 PM,umho/cm,18.9,0.3,DHEC
LWT-01,12/19/2019,10:00:00 AM,umho/cm,65,0.3,DHEC
CW-057,7/9/2019,10:03:00 AM,umho/cm,102.8,0.3,DHEC
LCR-02,9/24/2019,11:59:00 AM,umho/cm,137.5,0.3,DHEC
LCT-02,5/14/2019,11:25:00 AM,umho/cm,160.5,0.3,DHEC
LCT-02,7/25/2019,10:55:00 AM,umho/cm,136,0.3,DHEC
RS-19476,9/17/2019,10:30:00 AM,umho/cm,224.6,0.3,DHEC
LWT-01,7/25/2019,9:55:00 AM,umho/cm,62,0.3,DHEC
LCR-05,6/11/2019,12:32:00 PM,umho/cm,108.2,0.3,DHEC
CW-207B,8/27/2019,9:58:00 AM,umho/cm,114,0.3,DHEC
LCT-02,10/15/2019,11:05:00 AM,umho/cm,176,0.3,DHEC
CW-207B,7/30/2019,10:44:00 AM,umho/cm,102.9,0.3,DHEC
CW-014,6/11/2019,12:50:00 PM,umho/cm,53.9,0.3,DHEC
LWT-01,8/22/2019,10:05:00 AM,umho/cm,72,0.3,DHEC
CW-208,10/23/2019,2:16:00 PM,umho/cm,134.5,0.3,DHEC
CW-069,5/14/2019,10:15:00 AM,umho/cm,82.9,0.3,DHEC
CW-208,6/29/2020,11:29:00 AM,umho/cm,91.9,0.3,DHEC
CW-231,9/22/2020,1:04:00 PM,umho/cm,76,0.3,DHEC
LCR-02,9/8/2020,1:03:00 PM,umho/cm,81.4,0.3,DHEC
LCR-03,9/22/2020,11:40:00 AM,umho/cm,82.5,0.3,DHEC
CW-016,7/14/2020,10:50:00 AM,umho/cm,119,0.3,DHEC
CW-016,9/22/2020,10:40:00 AM,umho/cm,73.8,0.3,DHEC
LCR-03,6/29/2020,11:02:00 AM,umho/cm,86.2,0.3,DHEC
CW-208,7/27/2020,12:57:00 PM,umho/cm,107.1,0.3,DHEC
CW-016,10/6/2020,12:15:00 PM,umho/cm,72.1,0.3,DHEC
LCR-03,6/2/2020,12:02:00 PM,umho/cm,74,0.3,DHEC
CW-207B,8/24/2020,10:42:00 AM,umho/cm,87.2,0.3,DHEC
LCR-04,9/22/2020,9:14:00 AM,umho/cm,73,0.3,DHEC
LCR-03,7/27/2020,12:31:00 PM,umho/cm,121.3,0.3,DHEC
LCR-04,7/27/2020,10:20:00 AM,umho/cm,115.1,0.3,DHEC
LWT-01,7/28/2020,9:50:00 AM,umho/cm,69,0.3,DHEC
LCR-03,8/24/2020,11:14:00 AM,umho/cm,80.4,0.3,DHEC
LWT-01,9/22/2020,9:35:00 AM,umho/cm,58.7,0.3,DHEC
LCR-02,7/27/2020,1:37:00 PM,umho/cm,115.9,0.3,DHEC
LCR-02,6/16/2020,12:53:00 PM,umho/cm,98.3,0.3,DHEC
LCR-02,8/24/2020,12:23:00 PM,umho/cm,85.8,0.3,DHEC
CW-208,10/5/2020,12:17:00 PM,umho/cm,80.8,0.3,DHEC
LCR-02,9/22/2020,12:35:00 PM,umho/cm,79.7,0.3,DHEC
CW-231,6/2/2020,1:56:00 PM,umho/cm,73.3,0.3,DHEC
LCR-04,6/16/2020,9:28:00 AM,umho/cm,96.5,0.3,DHEC
CW-016,9/8/2020,11:20:00 AM,umho/cm,88.6,0.3,DHEC
LCR-03,7/13/2020,11:49:00 AM,umho/cm,101.9,0.3,DHEC
CW-208,8/24/2020,11:48:00 AM,umho/cm,97,0.3,DHEC
CW-016,8/11/2020,11:00:00 AM,umho/cm,96.7,0.3,DHEC
CW-207B,6/29/2020,10:23:00 AM,umho/cm,89.5,0.3,DHEC
LWT-01,10/20/2020,10:00:00 AM,umho/cm,57.3,0.3,DHEC
CW-231,10/5/2020,1:13:00 PM,umho/cm,80.5,0.3,DHEC
LCR-04,9/8/2020,9:47:00 AM,umho/cm,84.1,0.3,DHEC
LCR-02,6/29/2020,12:06:00 PM,umho/cm,81.5,0.3,DHEC
LWT-01,6/30/2020,10:00:00 AM,umho/cm,58.9,0.3,DHEC
CW-207B,9/22/2020,11:12:00 AM,umho/cm,78,0.3,DHEC
CW-208,9/22/2020,12:03:00 PM,umho/cm,79.6,0.3,DHEC
LCR-04,7/13/2020,9:20:00 AM,umho/cm,113.5,0.3,DHEC
CW-208,10/20/2020,12:08:00 PM,umho/cm,83.1,0.3,DHEC
CW-208,7/13/2020,12:29:00 PM,umho/cm,99.9,0.3,DHEC
LCR-04,6/2/2020,9:54:00 AM,umho/cm,75.3,0.3,DHEC
LCR-04,6/29/2020,8:54:00 AM,umho/cm,90.2,0.3,DHEC
CW-208,6/2/2020,12:36:00 PM,umho/cm,83.9,0.3,DHEC
LCR-04,10/5/2020,9:40:00 AM,umho/cm,81,0.3,DHEC
CW-207B,7/13/2020,10:59:00 AM,umho/cm,95.8,0.3,DHEC
CW-016,8/25/2020,11:20:00 AM,umho/cm,79,0.3,DHEC
CW-231,7/13/2020,1:38:00 PM,umho/cm,106.7,0.3,DHEC
LCR-03,9/8/2020,12:02:00 PM,umho/cm,79.8,0.3,DHEC
CW-207B,8/10/2020,10:50:00 AM,umho/cm,116.1,0.3,DHEC
LWT-01,7/14/2020,9:55:00 AM,umho/cm,64,0.3,DHEC
LCR-03,10/20/2020,11:42:00 AM,umho/cm,81.9,0.3,DHEC
CW-016,8/25/2020,11:20:00 AM,umho/cm,79,0.3,DHEC
LCR-02,6/2/2020,1:17:00 PM,umho/cm,73.8,0.3,DHEC
CW-208,8/10/2020,11:44:00 AM,umho/cm,111.3,0.3,DHEC
LCR-04,10/20/2020,9:08:00 AM,umho/cm,79.1,0.3,DHEC
LWT-01,9/8/2020,10:08:00 AM,umho/cm,57,0.3,DHEC
CW-208,6/16/2020,12:13:00 PM,umho/cm,89.4,0.3,DHEC
CW-207B,6/2/2020,11:28:00 AM,umho/cm,72.4,0.3,DHEC
CW-231,8/10/2020,12:53:00 PM,umho/cm,103.5,0.3,DHEC
LWT-01,8/11/2020,10:00:00 AM,umho/cm,83,0.3,DHEC
LCR-03,8/10/2020,11:21:00 AM,umho/cm,109.3,0.3,DHEC
LCR-04,8/24/2020,9:05:00 AM,umho/cm,87.5,0.3,DHEC
CW-207B,10/20/2020,11:12:00 AM,umho/cm,76.6,0.3,DHEC
LCR-02,8/10/2020,12:22:00 PM,umho/cm,105.4,0.3,DHEC
LCR-02,10/5/2020,12:47:00 PM,umho/cm,80.4,0.3,DHEC
CW-207B,7/27/2020,11:57:00 AM,umho/cm,105.2,0.3,DHEC
LWT-01,8/25/2020,10:20:00 AM,umho/cm,58.4,0.3,DHEC
LCR-02,10/20/2020,12:39:00 PM,umho/cm,82.7,0.3,DHEC
CW-016,6/16/2020,11:20:00 AM,umho/cm,104,0.3,DHEC
CW-207B,10/5/2020,11:27:00 AM,umho/cm,81.9,0.3,DHEC
CW-231,6/29/2020,12:38:00 PM,umho/cm,84.6,0.3,DHEC
CW-207B,9/8/2020,11:33:00 AM,umho/cm,89.5,0.3,DHEC
CW-016,10/20/2020,10:57:00 AM,umho/cm,68.7,0.3,DHEC
CW-207B,6/16/2020,11:12:00 AM,umho/cm,88.5,0.3,DHEC
CW-231,6/16/2020,1:20:00 PM,umho/cm,98.9,0.3,DHEC
LCR-02,7/13/2020,1:04:00 PM,umho/cm,105.1,0.3,DHEC
LCR-03,6/16/2020,11:48:00 AM,umho/cm,96.7,0.3,DHEC
LCR-04,8/10/2020,9:23:00 AM,umho/cm,104.5,0.3,DHEC
LWT-01,6/16/2020,10:20:00 AM,umho/cm,58,0.3,DHEC
CW-231,10/20/2020,1:06:00 PM,umho/cm,80.7,0.3,DHEC
LWT-01,10/6/2020,1:05:00 PM,umho/cm,55.02,0.3,DHEC
CW-208,9/8/2020,12:28:00 PM,umho/cm,85.6,0.3,DHEC
CW-231,9/8/2020,1:33:00 PM,umho/cm,83.5,0.3,DHEC
CW-231,7/27/2020,2:13:00 PM,umho/cm,115.2,0.3,DHEC
CW-231,8/24/2020,12:51:00 PM,umho/cm,84.8,0.3,DHEC
CW-016,6/30/2020,11:00:00 AM,umho/cm,90.7,0.3,DHEC
LCR-03,10/5/2020,11:55:00 AM,umho/cm,81.3,0.3,DHEC
CW-016,7/28/2020,11:05:00 AM,umho/cm,90.5,0.3,DHEC
CW-014,5/2/2017,8:00:00 AM,umho/cm,77.9,0.3,lowcarb
CW-041,5/2/2017,1:04:00 PM,umho/cm,80.8,0.3,lowcarb
CW-016,5/3/2017,12:45:00 PM,umho/cm,122.9,0.5,lowcarb
CW-016F,5/3/2017,10:45:00 AM,umho/cm,121.1,0.5,lowcarb
CW-016F,5/3/2017,10:45:00 AM,umho/cm,126.1,1,lowcarb
CW-016F,5/3/2017,10:45:00 AM,umho/cm,128.1,1.25,lowcarb
CW-057,5/3/2017,8:40:00 AM,umho/cm,102,1,lowcarb
CW-057,5/3/2017,8:40:00 AM,umho/cm,100.8,3,lowcarb
CW-057,5/3/2017,8:40:00 AM,umho/cm,106.8,6,lowcarb
CW-057,5/3/2017,8:40:00 AM,umho/cm,113.4,8,lowcarb
CW-174,5/2/2017,2:00:00 PM,umho/cm,99.8,0.5,lowcarb
CW-174,5/2/2017,2:00:00 PM,umho/cm,99.9,1.5,lowcarb
CW-174,5/2/2017,2:00:00 PM,umho/cm,100,2,lowcarb
CW-174,5/2/2017,2:00:00 PM,umho/cm,100,3,lowcarb
CW-033,5/2/2017,10:00:00 AM,umho/cm,103.5,0.5,lowcarb
CW-033,5/2/2017,10:00:00 AM,umho/cm,103.9,1.5,lowcarb
CW-033,5/2/2017,10:00:00 AM,umho/cm,104.3,3,lowcarb
CW-033,5/2/2017,10:00:00 AM,umho/cm,105.3,5,lowcarb
CW-231,5/4/2017,4:25:00 PM,umho/cm,105.1,1,lowcarb
CW-231,5/4/2017,4:25:00 PM,umho/cm,105.1,2,lowcarb
CW-231,5/4/2017,4:25:00 PM,umho/cm,105.1,3,lowcarb
CW-207A,5/4/2017,12:00:00 PM,umho/cm,107,1,lowcarb
CW-207A,5/4/2017,12:00:00 PM,umho/cm,106,2,lowcarb
CW-207A,5/4/2017,12:00:00 PM,umho/cm,105.4,3,lowcarb
CW-207A,5/4/2017,12:00:00 PM,umho/cm,104.8,5,lowcarb
CW-207B,5/4/2017,1:20:00 PM,umho/cm,110.2,1,lowcarb
CW-207B,5/4/2017,1:20:00 PM,umho/cm,110,2,lowcarb
CW-207B,5/4/2017,1:20:00 PM,umho/cm,109.1,4,lowcarb
CW-207B,5/4/2017,1:20:00 PM,umho/cm,106.6,7,lowcarb
CL-089,5/4/2017,9:15:00 AM,umho/cm,125.1,1,lowcarb
CL-089,5/4/2017,9:15:00 AM,umho/cm,125.6,2,lowcarb
CL-089,5/4/2017,9:15:00 AM,umho/cm,124.7,4,lowcarb
CL-089,5/4/2017,9:15:00 AM,umho/cm,127.5,7,lowcarb
CW-236,5/2/2017,4:45:00 PM,umho/cm,137.9,0.3,lowcarb
CW-233,5/2/2017,3:15:00 PM,umho/cm,147.1,0.3,lowcarb
CW-083,5/2/2017,11:50:00 AM,umho/cm,170.9,0.3,lowcarb
CW-036,5/2/2017,10:25:00 AM,umho/cm,152.2,0.3,lowcarb
CW-014,6/26/2017,7:40:00 AM,umho/cm,78.8,0.3,lowcarb
CW-041,6/26/2017,10:45:00 AM,umho/cm,85.9,0.3,lowcarb
CW-016,6/27/2017,8:45:00 AM,umho/cm,105.5,0.3,lowcarb
CW-016F,6/27/2017,9:50:00 AM,umho/cm,112.7,0.3,lowcarb
CW-016F,6/27/2017,9:50:00 AM,umho/cm,112.6,1,lowcarb
CW-016F,6/27/2017,9:50:00 AM,umho/cm,112.6,2,lowcarb
CW-016F,6/27/2017,9:50:00 AM,umho/cm,112.6,2.5,lowcarb
CW-057,6/27/2017,1:07:00 PM,umho/cm,115,0.3,lowcarb
CW-057,6/27/2017,1:07:00 PM,umho/cm,115.9,1,lowcarb
CW-057,6/27/2017,1:07:00 PM,umho/cm,116.7,3,lowcarb
CW-057,6/27/2017,1:07:00 PM,umho/cm,115,6,lowcarb
CW-174,6/29/2017,10:05:00 AM,umho/cm,117.3,0.3,lowcarb
CW-033,6/29/2017,10:50:00 AM,umho/cm,107,0.3,lowcarb
CW-033,6/29/2017,10:50:00 AM,umho/cm,106.7,1,lowcarb
CW-033,6/29/2017,10:50:00 AM,umho/cm,109.5,2,lowcarb
CW-033,6/29/2017,10:50:00 AM,umho/cm,108.9,4,lowcarb
CW-231,6/29/2017,8:45:00 AM,umho/cm,113.1,0.3,lowcarb
CW-207A,6/28/2017,12:35:00 PM,umho/cm,109,0.3,lowcarb
CW-207A,6/28/2017,12:35:00 PM,umho/cm,108.8,1,lowcarb
CW-207A,6/28/2017,12:35:00 PM,umho/cm,106.6,2,lowcarb
CW-207A,6/28/2017,12:35:00 PM,umho/cm,107.1,4,lowcarb
CW-207B,6/28/2017,1:55:00 PM,umho/cm,107,0.3,lowcarb
CW-207B,6/28/2017,1:55:00 PM,umho/cm,107.2,1,lowcarb
CW-207B,6/28/2017,1:55:00 PM,umho/cm,106.8,4,lowcarb
CW-207B,6/28/2017,1:55:00 PM,umho/cm,108,7,lowcarb
CL-089,6/28/2017,9:20:00 AM,umho/cm,93.1,0.3,lowcarb
CL-089,6/28/2017,9:20:00 AM,umho/cm,92.6,2,lowcarb
CL-089,6/28/2017,9:20:00 AM,umho/cm,96.9,6,lowcarb
CL-089,6/28/2017,9:20:00 AM,umho/cm,96.2,9,lowcarb
CW-233,6/26/2017,1:00:00 PM,umho/cm,160.3,0.3,lowcarb
CW-236,6/26/2017,1:36:00 PM,umho/cm,136.9,0.3,lowcarb
CW-083,6/26/2017,10:00:00 AM,umho/cm,141.7,0.3,lowcarb
CW-036,6/26/2017,9:07:00 AM,umho/cm,299.6,0.3,lowcarb
CW-014,8/1/2017,7:20:00 AM,umho/cm,80.7,0.3,lowcarb
CW-041,8/1/2017,10:04:00 AM,umho/cm,115.4,0.3,lowcarb
CW-016,8/3/2017,8:25:00 AM,umho/cm,144.5,0.3,lowcarb
CW-016F,8/3/2017,9:11:00 AM,umho/cm,150.1,0.3,lowcarb
CW-016F,8/3/2017,9:11:00 AM,umho/cm,150.3,0.5,lowcarb
CW-016F,8/3/2017,9:11:00 AM,umho/cm,152.1,1,lowcarb
CW-057,8/1/2017,2:00:00 PM,umho/cm,146.2,0.3,lowcarb
CW-057,8/1/2017,2:00:00 PM,umho/cm,146,1,lowcarb
CW-057,8/1/2017,2:00:00 PM,umho/cm,145.4,2,lowcarb
CW-057,8/1/2017,2:00:00 PM,umho/cm,150.7,6,lowcarb
CW-174,8/1/2017,11:00:00 AM,umho/cm,147,0.3,lowcarb
CW-033,8/1/2017,9:50:00 AM,umho/cm,145.6,0.3,lowcarb
CW-033,8/1/2017,9:50:00 AM,umho/cm,145.5,1,lowcarb
CW-033,8/1/2017,9:50:00 AM,umho/cm,145.4,2,lowcarb
CW-033,8/1/2017,9:50:00 AM,umho/cm,145.5,4,lowcarb
CW-231,8/1/2017,8:30:00 AM,umho/cm,144.4,0.3,lowcarb
CW-207A,8/2/2017,12:20:00 PM,umho/cm,117.7,0.3,lowcarb
CW-207A,8/2/2017,12:20:00 PM,umho/cm,117.8,1,lowcarb
CW-207A,8/2/2017,12:20:00 PM,umho/cm,117.1,2,lowcarb
CW-207A,8/2/2017,12:20:00 PM,umho/cm,117.4,4,lowcarb
CW-207B,8/2/2017,1:48:00 PM,umho/cm,115.2,0.3,lowcarb
CW-207B,8/2/2017,1:48:00 PM,umho/cm,114,1,lowcarb
CW-207B,8/2/2017,1:48:00 PM,umho/cm,113.9,2,lowcarb
CW-207B,8/2/2017,1:48:00 PM,umho/cm,116.4,5,lowcarb
CL-089,8/2/2017,9:15:00 AM,umho/cm,108.9,0.3,lowcarb
CL-089,8/2/2017,9:15:00 AM,umho/cm,108.8,1,lowcarb
CL-089,8/2/2017,9:15:00 AM,umho/cm,108.8,2,lowcarb
CL-089,8/2/2017,9:15:00 AM,umho/cm,109,5,lowcarb
CW-233,8/1/2017,11:55:00 AM,umho/cm,213.4,0.3,lowcarb
CW-236,8/1/2017,,umho/cm,187.4,0.3,lowcarb
CW-083,8/1/2017,9:20:00 AM,umho/cm,236.9,0.3,lowcarb
CW-036,8/1/2017,8:24:00 AM,umho/cm,448.1,0.3,lowcarb
CW-014,8/31/2017,7:55:00 AM,umho/cm,84.6,0.3,lowcarb
CW-041,8/31/2017,10:20:00 AM,umho/cm,115.2,0.3,lowcarb
CW-016,8/30/2017,10:42:00 AM,umho/cm,159.7,0.3,lowcarb
CW-016F,8/30/2017,11:20:00 AM,umho/cm,151.1,0.3,lowcarb
CW-016F,8/30/2017,11:20:00 AM,umho/cm,144.8,1,lowcarb
CW-016F,8/30/2017,11:20:00 AM,umho/cm,148.3,2,lowcarb
CW-057,8/30/2017,9:10:00 AM,umho/cm,150,0.3,lowcarb
CW-057,8/30/2017,9:10:00 AM,umho/cm,149.7,1,lowcarb
CW-057,8/30/2017,9:10:00 AM,umho/cm,149.8,2,lowcarb
CW-057,8/30/2017,9:10:00 AM,umho/cm,156.5,6,lowcarb
CW-174,8/29/2017,2:40:00 PM,umho/cm,143.9,0.3,lowcarb
CW-033,8/29/2017,1:40:00 PM,umho/cm,141.6,0.3,lowcarb
CW-033,8/29/2017,1:40:00 PM,umho/cm,141.5,1,lowcarb
CW-033,8/29/2017,1:40:00 PM,umho/cm,141.2,2,lowcarb
CW-033,8/29/2017,1:40:00 PM,umho/cm,141.1,4,lowcarb
CW-231,8/29/2017,12:40:00 PM,umho/cm,141.9,0.3,lowcarb
CW-207B,8/28/2017,2:40:00 PM,umho/cm,133.1,0.3,lowcarb
CW-207B,8/28/2017,2:40:00 PM,umho/cm,132.8,1,lowcarb
CW-207B,8/28/2017,2:40:00 PM,umho/cm,132.7,2,lowcarb
CW-207B,8/28/2017,2:40:00 PM,umho/cm,132.8,4,lowcarb
CL-089,8/29/2017,9:55:00 AM,umho/cm,121.4,0.3,lowcarb
CL-089,8/29/2017,9:55:00 AM,umho/cm,121.3,1,lowcarb
CL-089,8/29/2017,9:55:00 AM,umho/cm,121.2,2,lowcarb
CL-089,8/29/2017,9:55:00 AM,umho/cm,121,6,lowcarb
CW-233,8/31/2017,12:30:00 PM,umho/cm,210.2,0.3,lowcarb
CW-236,8/31/2017,1:20:00 PM,umho/cm,208.4,0.3,lowcarb
CW-083,8/31/2017,9:30:00 AM,umho/cm,258.9,0.3,lowcarb
CW-036,8/31/2017,8:45:00 AM,umho/cm,507,0.3,lowcarb
CW-014,9/28/2017,7:48:00 AM,umho/cm,82.2,0.3,lowcarb
CW-041,9/28/2017,10:36:00 AM,umho/cm,126,0.3,lowcarb
CW-016,9/25/2017,3:35:00 PM,umho/cm,147.5,0.3,lowcarb
CW-016F,9/27/2017,1:22:00 PM,umho/cm,163.5,0.3,lowcarb
CW-016F,9/27/2017,1:22:00 PM,umho/cm,162.6,1,lowcarb
CW-016F,9/27/2017,1:22:00 PM,umho/cm,156.9,2,lowcarb
CW-016F,9/27/2017,1:22:00 PM,umho/cm,153.3,3,lowcarb
CW-057,9/25/2017,10:20:00 AM,umho/cm,146.6,0.3,lowcarb
CW-057,9/25/2017,10:20:00 AM,umho/cm,146.6,1,lowcarb
CW-057,9/25/2017,10:20:00 AM,umho/cm,147,2,lowcarb
CW-057,9/25/2017,10:20:00 AM,umho/cm,147.4,4,lowcarb
CW-174,9/27/2017,10:00:00 AM,umho/cm,146.8,0.3,lowcarb
CW-033,9/27/2017,10:24:00 AM,umho/cm,141.6,0.3,lowcarb
CW-033,9/27/2017,10:24:00 AM,umho/cm,140.9,1,lowcarb
CW-033,9/27/2017,10:24:00 AM,umho/cm,139.6,2,lowcarb
CW-033,9/27/2017,10:24:00 AM,umho/cm,136.3,4,lowcarb
CW-231,9/27/2017,8:45:00 AM,umho/cm,142.4,0.3,lowcarb
CW-207A,9/26/2017,12:30:00 PM,umho/cm,132.1,0.3,lowcarb
CW-207A,9/26/2017,12:30:00 PM,umho/cm,132.2,1,lowcarb
CW-207A,9/26/2017,12:30:00 PM,umho/cm,131.6,2,lowcarb
CW-207A,9/26/2017,12:30:00 PM,umho/cm,131.2,4,lowcarb
CW-207B,9/26/2017,1:50:00 PM,umho/cm,132.4,0.3,lowcarb
CW-207B,9/26/2017,1:50:00 PM,umho/cm,132,1,lowcarb
CW-207B,9/26/2017,1:50:00 PM,umho/cm,130.8,2,lowcarb
CW-207B,9/26/2017,1:50:00 PM,umho/cm,134.4,6,lowcarb
CL-089,9/26/2017,9:45:00 AM,umho/cm,133.8,0.3,lowcarb
CL-089,9/26/2017,9:45:00 AM,umho/cm,133.6,1,lowcarb
CL-089,9/26/2017,9:45:00 AM,umho/cm,133.3,3,lowcarb
CL-089,9/26/2017,9:45:00 AM,umho/cm,136.3,8,lowcarb
CW-233,9/28/2017,12:35:00 PM,umho/cm,211.8,0.3,lowcarb
CW-236,9/28/2017,1:30:00 PM,umho/cm,196.7,0.3,lowcarb
CW-083,9/28/2017,9:55:00 AM,umho/cm,277.4,0.3,lowcarb
CW-036,9/28/2017,8:50:00 AM,umho/cm,535,0.3,lowcarb
CW-014,10/19/2017,8:04:00 AM,umho/cm,82.3,0.3,lowcarb
CW-041,10/19/2017,1:00:00 PM,umho/cm,108.5,0.3,lowcarb
CW-016,10/18/2017,8:40:00 AM,umho/cm,141.4,0.3,lowcarb
CW-016F,10/18/2017,9:15:00 AM,umho/cm,159.8,0.3,lowcarb
CW-016F,10/18/2017,9:15:00 AM,umho/cm,159.5,1,lowcarb
CW-016F,10/18/2017,9:15:00 AM,umho/cm,159.4,2,lowcarb
CW-057,10/17/2017,2:15:00 PM,umho/cm,154.9,0.3,lowcarb
CW-057,10/17/2017,2:15:00 PM,umho/cm,154.7,1,lowcarb
CW-057,10/17/2017,2:15:00 PM,umho/cm,154.6,2,lowcarb
CW-057,10/17/2017,2:15:00 PM,umho/cm,154.8,4,lowcarb
CW-174,10/17/2017,10:25:00 AM,umho/cm,153.9,0.3,lowcarb
CW-033,10/17/2017,11:11:00 AM,umho/cm,153.2,0.3,lowcarb
CW-033,10/17/2017,11:11:00 AM,umho/cm,153.2,1,lowcarb
CW-033,10/17/2017,11:11:00 AM,umho/cm,153.1,2,lowcarb
CW-033,10/17/2017,11:11:00 AM,umho/cm,152.9,4,lowcarb
CW-231,10/17/2017,9:07:00 AM,umho/cm,153.6,0.3,lowcarb
CW-207A,10/16/2017,12:20:00 PM,umho/cm,133.5,0.3,lowcarb
CW-207A,10/16/2017,12:20:00 PM,umho/cm,133.4,1,lowcarb
CW-207A,10/16/2017,12:20:00 PM,umho/cm,133.4,2,lowcarb
CW-207A,10/16/2017,12:20:00 PM,umho/cm,133.4,4,lowcarb
CW-207B,10/16/2017,1:50:00 PM,umho/cm,133.6,0.3,lowcarb
CW-207B,10/16/2017,1:50:00 PM,umho/cm,133.5,1,lowcarb
CW-207B,10/16/2017,1:50:00 PM,umho/cm,133.4,3,lowcarb
CW-207B,10/16/2017,1:50:00 PM,umho/cm,136.5,7,lowcarb
CL-089,10/16/2017,9:04:00 AM,umho/cm,129.7,0.3,lowcarb
CL-089,10/16/2017,9:04:00 AM,umho/cm,129.6,1,lowcarb
CL-089,10/16/2017,9:04:00 AM,umho/cm,129.5,2,lowcarb
CL-089,10/16/2017,9:04:00 AM,umho/cm,129.5,4,lowcarb
CW-233,10/19/2017,2:50:00 PM,umho/cm,278.5,0.3,lowcarb
CW-236,10/19/2017,3:45:00 PM,umho/cm,213.3,0.3,lowcarb
CW-083,10/19/2017,12:25:00 PM,umho/cm,270.7,0.3,lowcarb
CW-036,10/19/2017,9:15:00 AM,umho/cm,434.1,0.3,lowcarb
CW-231,6/21/2018,8:18:00 AM,umho/cm,99.3,0.3,lowcarb
CW-207C,6/21/2018,10:16:00 AM,umho/cm,79.8,0.3,lowcarb
CW-207C,6/21/2018,10:16:00 AM,umho/cm,82.4,1,lowcarb
CW-207C,6/21/2018,10:16:00 AM,umho/cm,80.3,2,lowcarb
CW-207C,6/21/2018,10:16:00 AM,umho/cm,88.5,5,lowcarb
CW-207C,6/21/2018,10:16:00 AM,umho/cm,86.8,8,lowcarb
CW-207A,6/21/2018,12:35:00 PM,umho/cm,81,0.3,lowcarb
````,6/21/2018,12:35:00 PM,umho/cm,80.3,1,lowcarb
CW-207A,6/21/2018,12:35:00 PM,umho/cm,79.4,2,lowcarb
CW-207A,6/21/2018,12:35:00 PM,umho/cm,76.9,3,lowcarb
CW-207A,6/21/2018,12:35:00 PM,umho/cm,77.8,5,lowcarb
CL-089B,6/19/2018,8:59:00 AM,umho/cm,74.6,0.3,lowcarb
CL-089B,6/19/2018,8:59:00 AM,umho/cm,74.4,1,lowcarb
CL-089B,6/19/2018,8:59:00 AM,umho/cm,73.9,2,lowcarb
CL-089B,6/19/2018,8:59:00 AM,umho/cm,73.5,7,lowcarb
CL-089B,6/19/2018,8:59:00 AM,umho/cm,78.7,11,lowcarb
CL-089,6/19/2018,11:44:00 AM,umho/cm,77.4,0.3,lowcarb
CL-089,6/19/2018,11:44:00 AM,umho/cm,77.5,1,lowcarb
CL-089,6/19/2018,11:44:00 AM,umho/cm,76.9,2,lowcarb
CL-089,6/19/2018,11:44:00 AM,umho/cm,72.6,5,lowcarb
CL-089,6/19/2018,11:44:00 AM,umho/cm,73.3,8,lowcarb
CW-231,7/23/2018,11:34:00 AM,umho/cm,119.4,0.3,lowcarb
CW-207C,7/24/2018,2:52:00 PM,umho/cm,107.1,0.3,lowcarb
CW-207C,7/24/2018,2:52:00 PM,umho/cm,107.1,1,lowcarb
CW-207C,7/24/2018,2:52:00 PM,umho/cm,107,2,lowcarb
CW-207C,7/24/2018,2:52:00 PM,umho/cm,110.3,5,lowcarb
CW-207C,7/24/2018,2:52:00 PM,umho/cm,112.9,8,lowcarb
CW-207A,7/24/2018,12:00:00 PM,umho/cm,100.9,0.3,lowcarb
CW-207A,7/24/2018,12:00:00 PM,umho/cm,99.8,1,lowcarb
CW-207A,7/24/2018,12:00:00 PM,umho/cm,99.4,2,lowcarb
CW-207A,7/24/2018,12:00:00 PM,umho/cm,99.5,3,lowcarb
CW-207A,7/24/2018,12:00:00 PM,umho/cm,99.1,5,lowcarb
CL-089B,7/25/2018,8:45:00 AM,umho/cm,93.9,0.3,lowcarb
CL-089B,7/25/2018,8:45:00 AM,umho/cm,93.8,1,lowcarb
CL-089B,7/25/2018,8:45:00 AM,umho/cm,94.4,2,lowcarb
CL-089B,7/25/2018,8:45:00 AM,umho/cm,94.9,6,lowcarb
CL-089B,7/25/2018,8:45:00 AM,umho/cm,95.3,9,lowcarb
CL-089,7/25/2018,11:57:00 AM,umho/cm,93.1,0.3,lowcarb
CL-089,7/25/2018,11:57:00 AM,umho/cm,92.7,1,lowcarb
CL-089,7/25/2018,11:57:00 AM,umho/cm,92.7,2,lowcarb
CL-089,7/25/2018,11:57:00 AM,umho/cm,92.7,6,lowcarb
CL-089,7/25/2018,11:57:00 AM,umho/cm,92.6,9,lowcarb
CW-231,8/13/2018,8:50:00 AM,umho/cm,86.9,0.3,lowcarb
CW-207C,8/13/2018,1:25:00 PM,umho/cm,91.8,0.3,lowcarb
CW-207C,8/13/2018,1:25:00 PM,umho/cm,91.3,1,lowcarb
CW-207C,8/13/2018,1:25:00 PM,umho/cm,91.1,2,lowcarb
CW-207C,8/13/2018,1:25:00 PM,umho/cm,90.7,4,lowcarb
CW-207C,8/13/2018,1:25:00 PM,umho/cm,96.5,7,lowcarb
CW-207A,8/15/2018,7:27:00 AM,umho/cm,101.1,0.3,lowcarb
CW-207A,8/15/2018,7:27:00 AM,umho/cm,100.4,1,lowcarb
CW-207A,8/15/2018,7:27:00 AM,umho/cm,100.6,2,lowcarb
CW-207A,8/15/2018,7:27:00 AM,umho/cm,98.2,4,lowcarb
CW-207A,8/15/2018,7:27:00 AM,umho/cm,98.1,5,lowcarb
CL-089B,8/14/2018,1:00:00 PM,umho/cm,110.1,0.3,lowcarb
CL-089B,8/14/2018,1:00:00 PM,umho/cm,110.4,1,lowcarb
CL-089B,8/14/2018,1:00:00 PM,umho/cm,108.4,2,lowcarb
CL-089B,8/14/2018,1:00:00 PM,umho/cm,102.5,6,lowcarb
CL-089B,8/14/2018,1:00:00 PM,umho/cm,108.3,10,lowcarb
CL-089,8/14/2018,8:00:00 AM,umho/cm,110.3,0.3,lowcarb
CL-089,8/14/2018,8:00:00 AM,umho/cm,109.2,1,lowcarb
CL-089,8/14/2018,8:00:00 AM,umho/cm,108.8,2,lowcarb
CL-089,8/14/2018,8:00:00 AM,umho/cm,109.8,6,lowcarb
CL-089,8/14/2018,8:00:00 AM,umho/cm,111.4,9,lowcarb
CW-231,10/15/2018,9:15:00 AM,umho/cm,72.9,0.3,lowcarb
CW-207C,10/15/2018,12:59:00 PM,umho/cm,74.2,0.3,lowcarb
CW-207C,10/15/2018,12:59:00 PM,umho/cm,74.3,1,lowcarb
CW-207C,10/15/2018,12:59:00 PM,umho/cm,74.7,2,lowcarb
CW-207C,10/15/2018,12:59:00 PM,umho/cm,77.1,4,lowcarb
CW-207C,10/15/2018,12:59:00 PM,umho/cm,78.8,6,lowcarb
CW-207A,10/17/2018,10:12:00 AM,umho/cm,75,0.3,lowcarb
CW-207A,10/17/2018,10:12:00 AM,umho/cm,75,1,lowcarb
CW-207A,10/17/2018,10:12:00 AM,umho/cm,74.8,2,lowcarb
CW-207A,10/17/2018,10:12:00 AM,umho/cm,76.2,4,lowcarb
CW-207A,10/17/2018,10:12:00 AM,umho/cm,77.2,6,lowcarb
CL-089B,10/16/2018,1:55:00 PM,umho/cm,92.3,0.3,lowcarb
CL-089B,10/16/2018,1:55:00 PM,umho/cm,91.6,1,lowcarb
CL-089B,10/16/2018,1:55:00 PM,umho/cm,88.2,2,lowcarb
CL-089B,10/16/2018,1:55:00 PM,umho/cm,86.8,5,lowcarb
CL-089B,10/16/2018,1:55:00 PM,umho/cm,86,11,lowcarb
CL-089,10/16/2018,9:30:00 AM,umho/cm,89.3,0.3,lowcarb
CL-089,10/16/2018,9:30:00 AM,umho/cm,89.2,1,lowcarb
CL-089,10/16/2018,9:30:00 AM,umho/cm,89.3,2,lowcarb
CL-089,10/16/2018,9:30:00 AM,umho/cm,88.5,6,lowcarb
CL-089,10/16/2018,9:30:00 AM,umho/cm,88.1,10,lowcarb
