StationID,ActivityStartDate,ActivityStartTime/Time,Hardness_Ca_Mg_units,Hardness_Ca_Mg,Depth_m,Source
CW-005,3/22/1999,11:10:00 AM,mg/L,29,0.3,DHEC
CW-041,3/18/1999,1:40:00 PM,mg/L,26,0.3,DHEC
CW-208,2/11/1999,12:00:00 PM,mg/L,24,0.3,DHEC
CW-155,3/16/1999,12:50:00 PM,mg/L,5,0.3,DHEC
CW-014,3/25/1999,1:25:00 PM,mg/L,16,0.3,DHEC
CW-008,3/22/1999,10:00:00 AM,mg/L,36,0.3,DHEC
CW-176,3/25/1999,10:30:00 AM,mg/L,40,0.3,DHEC
CW-013,3/25/1999,11:20:00 AM,mg/L,62,0.3,DHEC
CW-209,2/11/1999,11:15:00 AM,mg/L,22,0.3,DHEC
CW-228,2/11/1999,9:50:00 AM,mg/L,20,0.3,DHEC
CW-002,3/22/1999,10:20:00 AM,mg/L,67,0.3,DHEC
CW-207,2/11/1999,11:30:00 AM,mg/L,25,0.3,DHEC
CW-016F,3/18/1999,3:15:00 PM,mg/L,23,0.3,DHEC
CW-016,3/18/1999,3:40:00 PM,mg/L,23,0.3,DHEC
CW-029,3/22/1999,12:30:00 PM,mg/L,21,0.3,DHEC
CW-229,2/11/1999,9:25:00 AM,mg/L,17,0.3,DHEC
CW-057,3/18/1999,2:50:00 PM,mg/L,24,0.3,DHEC
CW-206,2/24/2000,10:25:00 AM,mg/L,23,0.3,DHEC
CW-229,2/3/2000,9:50:00 AM,mg/L,18,0.3,DHEC
CW-005,3/2/2000,11:45:00 AM,mg/L,32,0.3,DHEC
CW-207,2/3/2000,11:45:00 AM,mg/L,27,0.3,DHEC
CW-002,3/2/2000,11:00:00 AM,mg/L,74,0.3,DHEC
CW-222,2/24/2000,11:30:00 AM,mg/L,26,0.3,DHEC
CW-208,2/3/2000,12:10:00 PM,mg/L,27,0.3,DHEC
CW-176,3/21/2000,10:45:00 AM,mg/L,39,0.3,DHEC
CW-013,3/21/2000,1:25:00 PM,mg/L,44,0.3,DHEC
CW-016F,3/9/2000,2:25:00 PM,mg/L,31,0.3,DHEC
CW-228,2/3/2000,10:15:00 AM,mg/L,16,0.3,DHEC
CW-209,2/3/2000,11:10:00 AM,mg/L,27,0.3,DHEC
CW-016,3/9/2000,2:40:00 PM,mg/L,32,0.3,DHEC
CW-155,3/20/2000,11:35:00 AM,mg/L,5,0.3,DHEC
CW-029,3/2/2000,2:30:00 PM,mg/L,22,0.3,DHEC
CW-041,3/9/2000,12:45:00 PM,mg/L,30,0.3,DHEC
CW-014,3/21/2000,2:15:00 PM,mg/L,21,0.3,DHEC
CW-057,3/9/2000,2:00:00 PM,mg/L,31,0.3,DHEC
CW-008,3/2/2000,10:30:00 AM,mg/L,39,0.3,DHEC
CW-231,3/29/2001,10:10:00 AM,mg/L,22,0.3,DHEC
CW-016,3/1/2001,2:25:00 PM,mg/L,35,0.3,DHEC
CW-234,3/14/2001,1:05:00 PM,mg/L,24,0.3,DHEC
CW-014,3/6/2001,12:00:00 PM,mg/L,21,0.3,DHEC
CW-041,3/1/2001,1:30:00 PM,mg/L,35,0.3,DHEC
RL-01007,3/29/2001,10:30:00 AM,mg/L,30,0.3,DHEC
CW-017,3/14/2001,10:20:00 AM,mg/L,39,0.3,DHEC
RL-01033,3/29/2001,12:25:00 PM,mg/L,32,0.3,DHEC
CW-072,2/22/2001,9:15:00 AM,mg/L,45,0.3,DHEC
RL-01017,3/29/2001,10:45:00 AM,mg/L,28,0.3,DHEC
RL-01003,3/29/2001,12:40:00 PM,mg/L,32,0.3,DHEC
CW-235,3/14/2001,10:45:00 AM,mg/L,25,0.3,DHEC
RS-01046,2/1/2001,10:54:00 AM,mg/L,8,0.3,DHEC
CW-233,3/14/2001,11:25:00 AM,mg/L,46,0.3,DHEC
CW-206,2/15/2001,10:05:00 AM,mg/L,17,0.3,DHEC
RL-01012,3/1/2001,2:50:00 PM,mg/L,36,0.3,DHEC
RS-01007,3/6/2001,10:45:00 AM,mg/L,12,0.3,DHEC
CW-222,2/15/2001,10:35:00 AM,mg/L,31,0.3,DHEC
CW-145,3/15/2001,2:15:00 PM,mg/L,28,0.3,DHEC
CW-236,3/14/2001,11:05:00 AM,mg/L,45,0.3,DHEC
CW-083,3/15/2001,1:55:00 PM,mg/L,40,0.3,DHEC
CW-225,3/6/2001,11:15:00 AM,mg/L,37,0.3,DHEC
CW-036,3/15/2001,11:40:00 AM,mg/L,57,0.3,DHEC
CW-057,3/1/2001,3:15:00 PM,mg/L,34,0.3,DHEC
CW-250,2/15/2001,9:30:00 AM,mg/L,2,0.3,DHEC
CW-016,3/14/2002,10:30:00 AM,mg/L,37,0.3,DHEC
CW-225,3/27/2002,11:00:00 AM,mg/L,40,0.3,DHEC
CW-174,3/13/2002,11:00:00 AM,mg/L,34,0.3,DHEC
CW-212,3/27/2002,12:40:00 PM,mg/L,38,0.3,DHEC
CW-047,3/25/2002,11:05:00 AM,mg/L,35,0.3,DHEC
CW-041,3/28/2002,2:15:00 PM,mg/L,32,0.3,DHEC
CW-036,3/27/2002,11:00:00 AM,mg/L,61,0.3,DHEC
CW-221,3/28/2002,1:40:00 PM,mg/L,53,0.3,DHEC
CW-155,3/25/2002,2:15:00 PM,mg/L,4.3,0.3,DHEC
CW-154,3/25/2002,2:00:00 PM,mg/L,2.9,0.3,DHEC
CW-014,3/27/2002,2:15:00 PM,mg/L,20,0.3,DHEC
CW-083,3/25/2002,2:10:00 PM,mg/L,38,0.3,DHEC
CW-013,3/27/2002,11:20:00 AM,mg/L,58,0.3,DHEC
CW-223,3/25/2002,1:00:00 PM,mg/L,2.5,0.3,DHEC
CW-228,2/26/2002,11:25:00 AM,mg/L,30,0.3,DHEC
CW-235,3/13/2002,10:00:00 AM,mg/L,35,0.3,DHEC
CW-002,3/13/2002,1:10:00 PM,mg/L,43,0.3,DHEC
CW-175,3/13/2002,10:15:00 AM,mg/L,20,0.3,DHEC
CL-021,3/21/2002,9:55:00 AM,mg/L,11,0.3,DHEC
CW-208,2/14/2002,11:55:00 AM,mg/L,31,0.3,DHEC
CW-203,3/27/2002,1:30:00 PM,mg/L,72,0.3,DHEC
CW-224,3/27/2002,10:30:00 AM,mg/L,48,0.3,DHEC
CW-151,3/25/2002,11:25:00 AM,mg/L,14,0.3,DHEC
CW-021,2/19/2002,9:55:00 AM,mg/L,4.6,0.3,DHEC
CW-238,2/19/2002,10:30:00 AM,mg/L,5.3,0.3,DHEC
CL-089,2/14/2002,10:15:00 AM,mg/L,30,0.3,DHEC
CW-231,3/14/2002,12:35:00 PM,mg/L,32,0.3,DHEC
CW-236,3/13/2002,11:15:00 AM,mg/L,33,0.3,DHEC
CL-078,3/7/2002,2:30:00 PM,mg/L,4.5,0.3,DHEC
CW-145,3/25/2002,2:25:00 PM,mg/L,29,0.3,DHEC
CW-207,2/14/2002,11:15:00 AM,mg/L,26,0.3,DHEC
CW-237,2/19/2002,12:30:00 PM,mg/L,10,0.3,DHEC
CW-033,3/14/2002,12:45:00 PM,mg/L,33,0.3,DHEC
CW-019,3/25/2002,2:45:00 PM,mg/L,24,0.3,DHEC
CW-176,3/25/2002,12:25:00 PM,mg/L,53,0.3,DHEC
CW-222,2/28/2002,11:15:00 AM,mg/L,32,0.3,DHEC
RL-02452,3/14/2002,1:15:00 PM,mg/L,32,0.3,DHEC
CW-017,3/25/2002,10:15:00 AM,mg/L,31,0.3,DHEC
RS-02321,2/26/2002,10:40:00 AM,mg/L,58,0.3,DHEC
CW-088,3/5/2002,2:20:00 PM,mg/L,110,0.3,DHEC
CW-232,3/25/2002,10:30:00 AM,mg/L,30,0.3,DHEC
RL-02314,2/14/2002,11:35:00 AM,mg/L,28,0.3,DHEC
CW-096,3/27/2002,10:45:00 AM,mg/L,57,0.3,DHEC
CW-016F,3/14/2002,10:55:00 AM,mg/L,35,0.3,DHEC
CW-029,3/20/2002,10:30:00 AM,mg/L,24,0.3,DHEC
CW-227,3/25/2002,2:55:00 PM,mg/L,20,0.3,DHEC
CW-009,3/27/2002,1:10:00 PM,mg/L,80,0.3,DHEC
CW-166,2/19/2002,9:30:00 AM,mg/L,3.8,0.3,DHEC
CW-005,3/27/2002,12:10:00 PM,mg/L,39,0.3,DHEC
CW-072,2/20/2002,12:35:00 PM,mg/L,39,0.3,DHEC
CW-233,3/13/2002,11:30:00 AM,mg/L,37,0.3,DHEC
RL-02319,3/14/2002,1:30:00 PM,mg/L,31,0.3,DHEC
CW-185,3/25/2002,11:50:00 AM,mg/L,30,0.3,DHEC
CW-229,2/26/2002,12:00:00 PM,mg/L,25,0.3,DHEC
CW-057,3/14/2002,11:25:00 AM,mg/L,34,0.3,DHEC
CW-234,3/13/2002,12:00:00 PM,mg/L,26,0.3,DHEC
CW-008,3/13/2002,12:20:00 PM,mg/L,40,0.3,DHEC
CW-131,3/25/2002,10:50:00 AM,mg/L,32,0.3,DHEC
CW-011,3/27/2002,1:45:00 PM,mg/L,58,0.3,DHEC
CW-079,2/19/2002,1:30:00 PM,mg/L,21,0.3,DHEC
CW-064,3/27/2002,11:45:00 AM,mg/L,58,0.3,DHEC
CW-006,3/27/2002,11:20:00 AM,mg/L,61,0.3,DHEC
CW-080,2/19/2002,1:10:00 PM,mg/L,13,0.3,DHEC
CW-209,2/14/2002,10:50:00 AM,mg/L,30,0.3,DHEC
CW-250,2/4/2003,12:15:00 PM,mg/L,2.1,0.3,DHEC
CW-080,2/10/2003,9:10:00 AM,mg/L,13,0.3,DHEC
CW-237,2/10/2003,10:15:00 AM,mg/L,12,0.3,DHEC
CW-072,2/3/2003,11:20:00 AM,mg/L,32,0.3,DHEC
RL-03351,3/31/2003,1:40:00 PM,mg/L,20,0.3,DHEC
RL-03353,3/31/2003,11:35:00 AM,mg/L,19,0.3,DHEC
CW-014,3/10/2003,2:20:00 PM,mg/L,20,0.3,DHEC
CW-235,3/12/2003,11:15:00 AM,mg/L,17,0.3,DHEC
CW-036,3/10/2003,11:50:00 AM,mg/L,66,0.3,DHEC
RL-03332,3/31/2003,2:40:00 PM,mg/L,20,0.3,DHEC
CW-225,3/12/2003,12:40:00 PM,mg/L,33,0.3,DHEC
CW-166,2/4/2003,12:45:00 PM,mg/L,5.5,0.3,DHEC
RL-03458,3/31/2003,3:05:00 PM,mg/L,22,0.3,DHEC
RL-03336,2/20/2003,9:55:00 AM,mg/L,27,0.3,DHEC
RS-03511,3/10/2003,3:05:00 PM,mg/L,19,0.3,DHEC
CW-041,3/27/2003,2:35:00 PM,mg/L,17,0.3,DHEC
CW-206,2/4/2003,11:25:00 AM,mg/L,19,0.3,DHEC
CW-017,3/10/2003,10:15:00 AM,mg/L,22,0.3,DHEC
CL-089,2/20/2003,10:20:00 AM,mg/L,28,0.3,DHEC
CW-021,2/10/2003,10:50:00 AM,mg/L,5.4,0.3,DHEC
CW-234,3/12/2003,12:05:00 PM,mg/L,18,0.3,DHEC
CW-231,3/31/2003,11:05:00 AM,mg/L,19,0.3,DHEC
CW-079,2/10/2003,9:35:00 AM,mg/L,13,0.3,DHEC
CW-238,2/10/2003,11:25:00 AM,mg/L,8.3,0.3,DHEC
CW-236,3/12/2003,11:30:00 AM,mg/L,26,0.3,DHEC
CW-083,3/10/2003,11:30:00 AM,mg/L,30,0.3,DHEC
CW-145,3/10/2003,11:15:00 AM,mg/L,23,0.3,DHEC
CW-233,3/12/2003,11:45:00 AM,mg/L,29,0.3,DHEC
CW-236,3/23/2004,10:30:00 AM,mg/L,43,0.3,DHEC
CW-079,2/12/2004,12:30:00 PM,mg/L,20,0.3,DHEC
CW-145,3/22/2004,1:50:00 PM,mg/L,40,0.3,DHEC
CW-222,2/5/2004,11:45:00 AM,mg/L,23,0.3,DHEC
CW-083,3/22/2004,1:25:00 PM,mg/L,48,0.3,DHEC
CW-041,3/10/2004,10:30:00 AM,mg/L,28,0.3,DHEC
CW-237,2/12/2004,11:30:00 AM,mg/L,13,0.3,DHEC
CW-014,3/22/2004,11:55:00 AM,mg/L,65,0.3,DHEC
CW-017,3/22/2004,10:15:00 AM,mg/L,36,0.3,DHEC
CL-089,2/12/2004,1:00:00 PM,mg/L,23,0.3,DHEC
CW-206,2/5/2004,10:15:00 AM,mg/L,19,0.3,DHEC
CW-016,3/10/2004,4:00:00 PM,mg/L,28,0.3,DHEC
CW-225,3/22/2004,11:25:00 AM,mg/L,33,0.3,DHEC
CW-238,2/12/2004,10:25:00 AM,mg/L,3.7,0.3,DHEC
CW-166,2/12/2004,9:50:00 AM,mg/L,5.1,0.3,DHEC
CW-080,2/12/2004,12:05:00 PM,mg/L,9.5,0.3,DHEC
CW-233,3/23/2004,10:45:00 AM,mg/L,46,0.3,DHEC
CW-057,3/10/2004,4:30:00 PM,mg/L,29,0.3,DHEC
CW-021,2/12/2004,10:50:00 AM,mg/L,4.2,0.3,DHEC
CW-234,3/22/2004,10:40:00 AM,mg/L,19,0.3,DHEC
CW-036,3/22/2004,12:50:00 PM,mg/L,56,0.3,DHEC
CW-250,2/5/2004,9:45:00 AM,mg/L,1.8,0.3,DHEC
CW-235,3/23/2004,10:10:00 AM,mg/L,21,0.3,DHEC
CW-082,2/3/2005,1:45:00 PM,mg/L,4.3,0.3,DHEC
CW-072,2/10/2005,12:20:00 PM,mg/L,60,0.3,DHEC
CW-250,2/24/2005,9:45:00 AM,mg/L,1.4,0.3,DHEC
CW-222,2/24/2005,11:25:00 AM,mg/L,19,0.3,DHEC
CW-080,2/3/2005,10:10:00 AM,mg/L,8.9,0.3,DHEC
CW-079,2/3/2005,10:35:00 AM,mg/L,16,0.3,DHEC
CW-166,2/3/2005,9:35:00 AM,mg/L,3.6,0.3,DHEC
CW-206,2/24/2005,10:15:00 AM,mg/L,18,0.3,DHEC
CL-089,2/3/2005,11:10:00 AM,mg/L,13,0.3,DHEC
CW-237,2/3/2005,12:20:00 PM,mg/L,12,0.3,DHEC
CW-021,2/3/2005,1:25:00 PM,mg/L,4,0.3,DHEC
CW-250,2/9/2006,10:10:00 AM,mg/L,1.4,0.3,DHEC
CW-166,2/2/2006,9:55:00 AM,mg/L,4.5,0.3,DHEC
CW-206,2/9/2006,10:35:00 AM,mg/L,19,0.3,DHEC
CW-021,2/2/2006,12:50:00 PM,mg/L,4.2,0.3,DHEC
CW-237,2/2/2006,12:20:00 PM,mg/L,9.4,0.3,DHEC
CW-222,2/9/2006,11:35:00 AM,mg/L,21,0.3,DHEC
CL-089,2/2/2006,11:20:00 AM,mg/L,20,0.3,DHEC
CW-079,2/2/2006,10:50:00 AM,mg/L,15,0.3,DHEC
CW-082,2/2/2006,1:10:00 PM,mg/L,5,0.3,DHEC
CW-080,2/2/2006,10:30:00 AM,mg/L,8.2,0.3,DHEC
CW-005,3/14/2007,11:09:00 AM,mg/L,28,0.3,DHEC
CW-227,3/13/2007,9:13:00 AM,mg/L,17,0.3,DHEC
CW-237,8/21/2007,9:45:00 AM,mg/L,35,0.3,DHEC
CW-206,8/9/2007,10:30:00 AM,mg/L,29,0.3,DHEC
CW-237,2/13/2007,1:00:00 PM,mg/L,8.6,0.3,DHEC
CW-207,2/15/2007,11:20:00 AM,mg/L,20,0.3,DHEC
CW-082,2/14/2007,12:30:00 PM,mg/L,6.3,0.3,DHEC
CL-089,2/15/2007,12:30:00 PM,mg/L,21,0.3,DHEC
CW-250,11/1/2007,10:00:00 AM,mg/L,1.8,0.3,DHEC
CW-203,3/13/2007,10:49:00 AM,mg/L,66,0.3,DHEC
CW-175,3/29/2007,11:00:00 AM,mg/L,33,0.3,DHEC
CW-166,5/30/2007,11:40:00 AM,mg/L,7.1,0.3,DHEC
CW-029,3/14/2007,9:46:00 AM,mg/L,8,0.3,DHEC
CW-155,5/30/2007,9:40:00 AM,mg/L,4.2,0.3,DHEC
CW-240,11/1/2007,10:15:00 AM,mg/L,1.4,0.3,DHEC
CW-206,2/22/2007,9:40:00 AM,mg/L,16,0.3,DHEC
CW-212,3/14/2007,9:18:00 AM,mg/L,30,0.3,DHEC
CW-166,8/16/2007,10:20:00 AM,mg/L,2.8,0.3,DHEC
CW-006,3/20/2007,10:56:00 AM,mg/L,34,0.3,DHEC
CW-079,8/16/2007,11:15:00 AM,mg/L,6.6,0.3,DHEC
CW-057,3/15/2007,12:55:00 PM,mg/L,21,0.3,DHEC
CW-221,3/13/2007,9:49:00 AM,mg/L,37,0.3,DHEC
RS-07208,3/14/2007,10:38:00 AM,mg/L,28,0.3,DHEC
CW-228,5/17/2007,9:40:00 AM,mg/L,28,0.3,DHEC
RS-07059,3/29/2007,3:00:00 PM,mg/L,11,0.3,DHEC
RL-06429,3/29/2007,10:50:00 AM,mg/L,26,0.3,DHEC
CW-154,5/30/2007,9:20:00 AM,mg/L,2.9,0.3,DHEC
CW-176,3/27/2007,11:54:00 AM,mg/L,59,0.3,DHEC
CW-080,8/16/2007,10:45:00 AM,mg/L,3,0.3,DHEC
CW-223,2/14/2007,1:20:00 PM,mg/L,2.9,0.3,DHEC
CW-154,8/16/2007,9:45:00 AM,mg/L,28,0.3,DHEC
CW-019,2/5/2007,10:30:00 AM,mg/L,23,0.3,DHEC
CW-209,5/17/2007,11:30:00 AM,mg/L,26,0.3,DHEC
CW-208,5/17/2007,10:30:00 AM,mg/L,29,0.3,DHEC
CW-083,3/27/2007,12:45:00 PM,mg/L,41,0.3,DHEC
CW-240,2/22/2007,9:25:00 AM,mg/L,2.1,0.3,DHEC
CW-222,2/22/2007,10:40:00 AM,mg/L,24,0.3,DHEC
CW-237,5/1/2007,10:40:00 AM,mg/L,11,0.3,DHEC
CW-207,5/17/2007,11:00:00 AM,mg/L,28,0.3,DHEC
CW-206,5/24/2007,10:15:00 AM,mg/L,26,0.3,DHEC
CW-237,11/7/2007,11:30:00 AM,mg/L,13,0.3,DHEC
CW-231,3/29/2007,9:30:00 AM,mg/L,24,0.3,DHEC
CW-240,5/24/2007,9:55:00 AM,mg/L,1.6,0.3,DHEC
CW-036,3/27/2007,12:20:00 PM,mg/L,79,0.3,DHEC
CW-223,5/1/2007,11:10:00 AM,mg/L,23,0.3,DHEC
CW-209,2/15/2007,12:15:00 PM,mg/L,24,0.3,DHEC
CW-079,5/30/2007,10:40:00 AM,mg/L,22,0.3,DHEC
CW-014,3/13/2007,10:11:00 AM,mg/L,16,0.3,DHEC
CW-011,3/27/2007,10:40:00 AM,mg/L,63,0.3,DHEC
CW-080,2/5/2007,10:40:00 AM,mg/L,8.8,0.3,DHEC
CW-222,5/24/2007,11:05:00 AM,mg/L,30,0.3,DHEC
CW-009,3/13/2007,11:06:00 AM,mg/L,23,0.3,DHEC
CW-250,5/24/2007,9:40:00 AM,mg/L,1.3,0.3,DHEC
CW-021,8/21/2007,10:30:00 AM,mg/L,3.8,0.3,DHEC
RL-07003,3/29/2007,11:20:00 AM,mg/L,24,0.3,DHEC
CW-019,8/16/2007,11:35:00 AM,mg/L,9.5,0.3,DHEC
CW-033,3/29/2007,10:37:00 AM,mg/L,25,0.3,DHEC
CW-080,5/30/2007,10:10:00 AM,mg/L,9.7,0.3,DHEC
CW-222,8/9/2007,11:30:00 AM,mg/L,36,0.3,DHEC
CW-229,5/17/2007,9:20:00 AM,mg/L,21,0.3,DHEC
CW-064,3/27/2007,11:23:00 AM,mg/L,89,0.3,DHEC
CW-222,11/1/2007,11:25:00 AM,mg/L,31,0.3,DHEC
CW-155,2/5/2007,9:33:00 AM,mg/L,4.4,0.3,DHEC
CW-082,5/1/2007,11:45:00 AM,mg/L,3.9,0.3,DHEC
CL-089,5/17/2007,12:05:00 PM,mg/L,27,0.3,DHEC
CW-166,2/5/2007,10:00:00 AM,mg/L,4.6,0.3,DHEC
CW-250,2/22/2007,9:10:00 AM,mg/L,1.6,0.3,DHEC
CL-021,3/15/2007,9:58:00 AM,mg/L,16,0.3,DHEC
CW-155,8/16/2007,10:00:00 AM,mg/L,30,0.3,DHEC
CW-174,3/29/2007,11:07:00 AM,mg/L,26,0.3,DHEC
CW-154,2/5/2007,9:12:00 AM,mg/L,3.3,0.3,DHEC
CW-206,11/1/2007,10:35:00 AM,mg/L,22,0.3,DHEC
CW-096,3/20/2007,10:11:00 AM,mg/L,48,0.3,DHEC
CW-223,11/7/2007,11:55:00 AM,mg/L,1.8,0.3,DHEC
CW-228,2/15/2007,10:05:00 AM,mg/L,17,0.3,DHEC
CW-225,3/14/2007,11:40:00 AM,mg/L,30,0.3,DHEC
CW-240,8/9/2007,10:10:00 AM,mg/L,1.6,0.3,DHEC
CW-002,3/20/2007,9:30:00 AM,mg/L,38,0.3,DHEC
CW-145,3/13/2007,1:18:00 PM,mg/L,27,0.3,DHEC
CW-223,8/21/2007,10:10:00 AM,mg/L,2.6,0.3,DHEC
CW-208,2/15/2007,10:35:00 AM,mg/L,24,0.3,DHEC
CW-229,2/15/2007,9:45:00 AM,mg/L,15,0.3,DHEC
CW-013,3/27/2007,11:00:00 AM,mg/L,80,0.3,DHEC
CW-016F,3/15/2007,11:07:00 AM,mg/L,26,0.3,DHEC
CW-079,2/5/2007,11:05:00 AM,mg/L,13,0.3,DHEC
CW-250,8/9/2007,9:55:00 AM,mg/L,1.3,0.3,DHEC
CW-019,5/30/2007,11:08:00 AM,mg/L,29,0.3,DHEC
CW-021,11/7/2007,12:15:00 PM,mg/L,3.8,0.3,DHEC
CW-021,2/13/2007,12:30:00 PM,mg/L,4.5,0.3,DHEC
CW-088,3/20/2007,9:42:00 AM,mg/L,220,0.3,DHEC
CW-021,5/1/2007,10:10:00 AM,mg/L,5.8,0.3,DHEC
CW-224,3/20/2007,10:38:00 AM,mg/L,31,0.3,DHEC
CW-079,11/6/2008,10:20:00 AM,mg/L,19,0.3,DHEC
CW-236,3/18/2008,10:03:00 AM,mg/L,16,0.3,DHEC
CW-145,3/17/2008,10:10:00 AM,mg/L,12,0.3,DHEC
CW-080,2/7/2008,9:40:00 AM,mg/L,9.4,0.3,DHEC
CL-089,2/7/2008,11:15:00 AM,mg/L,32,0.3,DHEC
CW-236,12/18/2008,11:00:00 AM,mg/L,27,0.3,DHEC
CW-234,12/18/2008,9:43:00 AM,mg/L,18,0.3,DHEC
RL-08035,11/6/2008,11:50:00 AM,mg/L,29,0.3,DHEC
CW-079,8/27/2008,10:05:00 AM,mg/L,14,0.3,DHEC
CW-021,2/12/2008,11:50:00 AM,mg/L,1.7,0.3,DHEC
CW-017,12/18/2008,12:50:00 PM,mg/L,25,0.3,DHEC
CW-222,11/25/2008,11:35:00 AM,mg/L,23,0.3,DHEC
CW-082,11/4/2008,12:10:00 PM,mg/L,6.1,0.3,DHEC
CW-014,3/17/2008,12:56:00 PM,mg/L,23,0.3,DHEC
RL-08035,8/27/2008,11:20:00 AM,mg/L,27,0.3,DHEC
CW-166,11/4/2008,10:45:00 AM,mg/L,8.5,0.3,DHEC
CW-250,11/25/2008,10:20:00 AM,mg/L,2.7,0.3,DHEC
RL-08062,12/29/2008,11:45:00 AM,mg/L,25,0.3,DHEC
RL-08046,12/29/2008,12:25:00 PM,mg/L,28,0.3,DHEC
CW-235,3/18/2008,11:02:00 AM,mg/L,11,0.3,DHEC
CW-237,2/12/2008,10:55:00 AM,mg/L,6.8,0.3,DHEC
CW-064,12/4/2008,11:10:00 AM,mg/L,84,0.3,DHEC
RL-08046,3/26/2008,12:54:00 PM,mg/L,31,0.3,DHEC
CL-089,8/27/2008,10:25:00 AM,mg/L,30,0.3,DHEC
CW-014,12/4/2008,12:10:00 PM,mg/L,15,0.3,DHEC
CW-036,12/4/2008,10:30:00 AM,mg/L,63,0.3,DHEC
RL-08035,2/7/2008,11:55:00 AM,mg/L,31,0.3,DHEC
CW-225,3/17/2008,1:41:00 PM,mg/L,28,0.3,DHEC
CW-695,8/19/2008,10:15:00 AM,mg/L,37,0.3,DHEC
CW-057,12/29/2008,10:40:00 AM,mg/L,28,0.3,DHEC
CW-072,3/18/2008,10:26:00 AM,mg/L,22,0.3,DHEC
RL-08062,3/26/2008,11:48:00 AM,mg/L,30,0.3,DHEC
CW-234,3/18/2008,8:57:00 AM,mg/L,15,0.3,DHEC
CW-166,2/12/2008,10:15:00 AM,mg/L,4.4,0.3,DHEC
CW-016,3/18/2008,8:28:00 AM,mg/L,15,0.3,DHEC
CW-223,8/14/2008,8:45:00 AM,mg/L,2.9,0.3,DHEC
CW-079,2/7/2008,10:10:00 AM,mg/L,16,0.3,DHEC
RS-08073,2/7/2008,12:40:00 PM,mg/L,20,0.3,DHEC
CW-082,2/12/2008,12:20:00 PM,mg/L,4.9,0.3,DHEC
CW-235,12/18/2008,12:19:00 PM,mg/L,16,0.3,DHEC
CW-064,3/17/2008,12:12:00 PM,mg/L,56,0.3,DHEC
CW-079,11/6/2008,10:40:00 AM,mg/L,24,0.3,DHEC
CW-225,12/4/2008,1:19:00 PM,mg/L,38,0.3,DHEC
RS-08073,8/27/2008,12:05:00 PM,mg/L,19,0.3,DHEC
CW-021,11/4/2008,11:50:00 AM,mg/L,5.3,0.3,DHEC
CW-250,2/14/2008,10:00:00 AM,mg/L,2.1,0.3,DHEC
RS-07208,8/19/2008,12:00:00 PM,mg/L,37,0.3,DHEC
CW-083,3/17/2008,10:32:00 AM,mg/L,23,0.3,DHEC
CW-206,2/14/2008,10:20:00 AM,mg/L,14,0.3,DHEC
CW-083,12/4/2008,9:56:00 AM,mg/L,30,0.3,DHEC
RS-07059,8/14/2008,9:55:00 AM,mg/L,14,0.3,DHEC
CW-250,8/14/2008,9:30:00 AM,mg/L,3.2,0.3,DHEC
CW-145,12/4/2008,9:30:00 AM,mg/L,37,0.3,DHEC
CW-233,3/18/2008,9:37:00 AM,mg/L,24,0.3,DHEC
CW-222,2/14/2008,11:25:00 AM,mg/L,32,0.3,DHEC
CW-016,12/18/2008,9:13:00 AM,mg/L,26,0.3,DHEC
CW-206,11/25/2008,10:40:00 AM,mg/L,19,0.3,DHEC
CW-017,3/18/2008,11:45:00 AM,mg/L,23,0.3,DHEC
CW-036,3/17/2008,11:14:00 AM,mg/L,39,0.3,DHEC
CW-222,8/14/2008,10:45:00 AM,mg/L,31,0.3,DHEC
CW-237,11/4/2008,11:20:00 AM,mg/L,1.4,0.3,DHEC
CW-080,8/27/2008,9:45:00 AM,mg/L,11,0.3,DHEC
RL-01007,3/26/2008,1:12:00 PM,mg/L,22,0.3,DHEC
CW-233,12/18/2008,10:31:00 AM,mg/L,29,0.3,DHEC
CW-057,3/26/2008,11:00:00 AM,mg/L,31,0.3,DHEC
RL-01007,12/29/2008,12:35:00 PM,mg/L,23,0.3,DHEC
CW-231,3/26/2008,2:12:00 PM,mg/L,30,0.3,DHEC
CW-206,8/14/2008,10:00:00 AM,mg/L,14,0.3,DHEC
RS-08073,11/6/2008,12:30:00 PM,mg/L,22,0.3,DHEC
CW-072,12/18/2008,11:25:00 AM,mg/L,31,0.3,DHEC
CW-080,11/6/2008,10:00:00 AM,mg/L,11,0.3,DHEC
CW-067,8/19/2008,8:45:00 AM,mg/L,24,0.3,DHEC
RL-09099,3/30/2009,10:51:00 AM,mg/L,23,0.3,DHEC
CW-154,8/12/2009,9:15:00 AM,mg/L,4.7,0.3,DHEC
CW-231,3/31/2009,9:20:00 AM,mg/L,26,0.3,DHEC
CW-237,5/7/2009,12:50:00 PM,mg/L,13,0.3,DHEC
CW-250,8/27/2009,9:55:00 AM,mg/L,2.5,0.3,DHEC
CW-014,3/4/2009,12:15:00 PM,mg/L,21,0.3,DHEC
CW-166,8/12/2009,9:50:00 AM,mg/L,12,0.3,DHEC
CW-237,8/12/2009,11:20:00 AM,mg/L,15,0.3,DHEC
CW-021,8/12/2009,10:40:00 AM,mg/L,6.1,0.3,DHEC
RS-07059,8/6/2009,9:55:00 AM,mg/L,26,0.3,DHEC
RL-09094,3/30/2009,11:55:00 AM,mg/L,23,0.3,DHEC
CW-237,12/3/2009,11:15:00 AM,mg/L,9.4,0.3,DHEC
CW-250,2/5/2009,10:10:00 AM,mg/L,2,0.3,DHEC
CW-166,12/3/2009,9:35:00 AM,mg/L,7.2,0.3,DHEC
CL-089,8/12/2009,12:30:00 PM,mg/L,27,0.3,DHEC
CW-064,3/4/2009,11:40:00 AM,mg/L,87,0.3,DHEC
CW-695,8/11/2009,12:00:00 AM,mg/L,70,0.3,DHEC
CW-250,12/9/2009,9:35:00 AM,mg/L,2.4,0.3,DHEC
CW-206,2/5/2009,10:45:00 AM,mg/L,22,0.3,DHEC
CW-222,5/14/2009,11:45:00 AM,mg/L,28,0.3,DHEC
CW-206,12/9/2009,10:05:00 AM,mg/L,18,0.3,DHEC
CW-206,5/14/2009,10:40:00 AM,mg/L,26,0.3,DHEC
CW-222,8/27/2009,11:20:00 AM,mg/L,30,0.3,DHEC
CL-089,5/7/2009,11:40:00 AM,mg/L,28,0.3,DHEC
CW-082,12/3/2009,12:05:00 PM,mg/L,7.4,0.3,DHEC
CW-021,5/7/2009,1:25:00 PM,mg/L,8.1,0.3,DHEC
CW-016,3/4/2009,10:11:00 AM,mg/L,24,0.3,DHEC
CW-250,5/14/2009,10:15:00 AM,mg/L,1.9,0.3,DHEC
CL-089,12/3/2009,10:30:00 AM,mg/L,21,0.3,DHEC
CW-082,5/7/2009,1:45:00 PM,mg/L,7.2,0.3,DHEC
CW-021,12/3/2009,11:45:00 AM,mg/L,5.8,0.3,DHEC
CW-222,2/5/2009,11:50:00 AM,mg/L,30,0.3,DHEC
CW-155,5/7/2009,10:20:00 AM,mg/L,7.7,0.3,DHEC
CW-166,5/7/2009,10:45:00 AM,mg/L,8.8,0.3,DHEC
CW-223,8/6/2009,11:05:00 AM,mg/L,4.9,0.3,DHEC
CW-057,3/30/2009,1:01:00 PM,mg/L,21,0.3,DHEC
RS-07208,8/11/2009,12:00:00 AM,mg/L,44,0.3,DHEC
CW-155,12/3/2009,9:15:00 AM,mg/L,6.4,0.3,DHEC
CW-154,5/7/2009,10:00:00 AM,mg/L,6.6,0.3,DHEC
CW-154,12/3/2009,8:55:00 AM,mg/L,6.3,0.3,DHEC
CW-206,8/27/2009,10:20:00 AM,mg/L,26,0.3,DHEC
CW-155,8/12/2009,9:30:00 AM,mg/L,5.5,0.3,DHEC
CW-036,3/4/2009,11:00:00 AM,mg/L,64,0.3,DHEC
CW-222,10/12/2010,11:40:00 AM,mg/L,26,0.3,DHEC
RL-10008,11/18/2010,10:45:00 AM,mg/L,28,0.3,DHEC
CW-206,10/12/2010,10:30:00 AM,mg/L,20,0.3,DHEC
CW-067,9/14/2010,11:52:00 AM,mg/L,28,0.3,DHEC
CW-223,9/14/2010,9:00:00 AM,mg/L,3.3,0.3,DHEC
CW-005,8/18/2010,12:10:00 PM,mg/L,45,0.3,DHEC
RS-07059,9/14/2010,10:32:00 AM,mg/L,20,0.3,DHEC
CW-207,11/18/2010,10:25:00 AM,mg/L,29,0.3,DHEC
RS-07208,8/18/2010,1:42:00 PM,mg/L,41,0.3,DHEC
CL-089,10/28/2010,10:10:00 AM,mg/L,25,0.3,DHEC
CW-019,10/28/2010,11:25:00 AM,mg/L,19,0.3,DHEC
CW-206,12/6/2011,12:40:00 PM,mg/L,17,0.3,DHEC
CW-207,11/14/2011,11:20:00 AM,mg/L,25,0.3,DHEC
CL-089,11/14/2011,10:55:00 AM,mg/L,24,0.3,DHEC
CW-222,12/6/2011,11:50:00 AM,mg/L,27,0.3,DHEC
RL-11040,11/14/2011,11:40:00 AM,mg/L,31,0.3,DHEC
RL-11040,12/7/2011,10:50:00 AM,mg/L,32,0.3,DHEC
CW-072,12/7/2011,9:35:00 AM,mg/L,42,0.3,DHEC
CW-033,12/7/2011,10:00:00 AM,mg/L,30,0.3,DHEC
CW-206,11/7/2012,10:05:00 AM,mg/L,23,0.3,DHEC
CW-231,12/5/2012,12:05:00 PM,mg/L,24,0.3,DHEC
CW-222,11/7/2012,11:10:00 AM,mg/L,30,0.3,DHEC
CW-033,12/5/2012,11:20:00 AM,mg/L,29,0.3,DHEC
CL-089,11/15/2012,10:30:00 AM,mg/L,23,0.3,DHEC
CW-207,11/15/2012,10:50:00 AM,mg/L,24,0.3,DHEC
RL-12125,11/15/2012,12:40:00 PM,mg/L,26,0.3,DHEC
RL-12056,11/15/2012,11:05:00 AM,mg/L,25,0.3,DHEC
CW-019,11/15/2012,9:55:00 AM,mg/L,23,0.3,DHEC
CW-231,12/12/2013,1:25:00 PM,mg/L,22,0.3,DHEC
CW-016,9/29/2015,10:25:00 AM,mg/L,27,0.3,DHEC
RS-15248,11/3/2015,9:00:00 AM,mg/L,20,0.3,DHEC
CL-089,10/22/2015,11:00:00 AM,mg/L,25,0.3,DHEC
CW-041,10/8/2015,9:40:00 AM,mg/L,32,0.3,DHEC
RS-15284,12/2/2015,10:25:00 AM,mg/L,33,0.3,DHEC
CW-017,10/7/2015,2:25:00 PM,mg/L,23,0.3,DHEC
RL-15007,7/23/2015,12:31:00 PM,mg/L,24,0.3,DHEC
RL-15104,10/15/2015,10:35:00 AM,mg/L,24,0.3,DHEC
CW-057,12/9/2015,1:55:00 PM,mg/L,22,0.3,DHEC
CW-174,10/15/2015,10:51:00 AM,mg/L,26,0.3,DHEC
CW-014,12/3/2015,12:20:00 PM,mg/L,21,0.3,DHEC
CW-057,10/20/2015,11:41:00 AM,mg/L,28,0.3,DHEC
CW-207,7/23/2015,11:36:00 AM,mg/L,27,0.3,DHEC
CW-072,7/23/2015,1:15:00 PM,mg/L,63,0.3,DHEC
CW-016,11/17/2015,10:55:00 AM,mg/L,25,0.3,DHEC
CW-033,10/15/2015,10:05:00 AM,mg/L,25,0.3,DHEC
CW-174,9/30/2015,11:05:00 AM,mg/L,31,0.3,DHEC
RS-15254,1/20/2015,10:37:00 AM,mg/L,18,0.3,DHEC
CW-057,11/17/2015,11:20:00 AM,mg/L,24,0.3,DHEC
CW-231,6/18/2015,1:16:00 PM,mg/L,29,0.3,DHEC
CW-036,10/8/2015,11:12:00 AM,mg/L,94,0.3,DHEC
RL-15007,5/21/2015,11:44:00 AM,mg/L,28,0.3,DHEC
CW-083,10/8/2015,10:15:00 AM,mg/L,37,0.3,DHEC
CL-089,1/22/2015,10:23:00 AM,mg/L,22,0.3,DHEC
CW-207,1/22/2015,11:26:00 AM,mg/L,22,0.3,DHEC
CW-019,5/21/2015,9:10:00 AM,mg/L,28,0.3,DHEC
CW-014,10/8/2015,12:23:00 PM,mg/L,27,0.3,DHEC
RS-15284,10/7/2015,10:21:00 AM,mg/L,32,0.3,DHEC
CW-019,7/23/2015,9:59:00 AM,mg/L,26,0.3,DHEC
RL-15104,9/30/2015,10:40:00 AM,mg/L,27,0.3,DHEC
CW-207,10/22/2015,11:50:00 AM,mg/L,22,0.3,DHEC
RL-15023,10/20/2015,11:19:00 AM,mg/L,26,0.3,DHEC
CW-036,12/3/2015,11:41:00 AM,mg/L,85,0.3,DHEC
CW-236,10/7/2015,1:41:00 PM,mg/L,27,0.3,DHEC
CW-033,9/30/2015,10:50:00 AM,mg/L,27,0.3,DHEC
RL-15108,12/9/2015,9:45:00 AM,mg/L,22,0.3,DHEC
CW-019,1/22/2015,9:49:00 AM,mg/L,20,0.3,DHEC
CW-207,5/21/2015,10:46:00 AM,mg/L,24,0.3,DHEC
CW-072,5/21/2015,12:25:00 PM,mg/L,54,0.3,DHEC
RS-15248,10/7/2015,9:30:00 AM,mg/L,31,0.3,DHEC
RS-15248,12/2/2015,9:30:00 AM,mg/L,46,0.3,DHEC
RL-15007,1/22/2015,12:32:00 PM,mg/L,23,0.3,DHEC
RL-15023,9/29/2015,10:06:00 AM,mg/L,29,0.3,DHEC
CW-236,12/2/2015,1:30:00 PM,mg/L,37,0.3,DHEC
CW-231,8/13/2015,12:57:00 PM,mg/L,26,0.3,DHEC
CW-017,12/2/2015,2:09:00 PM,mg/L,29,0.3,DHEC
CL-089,5/21/2015,9:45:00 AM,mg/L,24,0.3,DHEC
RL-15023,12/9/2015,1:27:00 PM,mg/L,23,0.3,DHEC
CW-083,12/3/2015,9:41:00 AM,mg/L,37,0.3,DHEC
CW-057,9/29/2015,9:50:00 AM,mg/L,31,0.3,DHEC
RL-15104,12/9/2015,11:10:00 AM,mg/L,22,0.3,DHEC
CW-019,9/17/2015,10:02:00 AM,mg/L,26,0.3,DHEC
CW-072,1/22/2015,1:12:00 PM,mg/L,31,0.3,DHEC
RS-15254,5/26/2015,9:47:00 AM,mg/L,21,0.3,DHEC
CW-174,12/9/2015,10:50:00 AM,mg/L,22,0.3,DHEC
CL-089,7/23/2015,10:26:00 AM,mg/L,25,0.3,DHEC
CW-041,12/3/2015,9:10:00 AM,mg/L,30,0.3,DHEC
CW-222,8/26/2015,12:05:00 PM,mg/L,38,0.3,DHEC
CW-072,10/22/2015,1:03:00 PM,mg/L,41,0.3,DHEC
CW-033,12/9/2015,11:21:00 AM,mg/L,22,0.3,DHEC
RS-15254,7/21/2015,9:55:00 AM,mg/L,23,0.3,DHEC
CW-222,2/25/2015,11:40:00 AM,mg/L,20,0.3,DHEC
RS-15254,10/29/2015,10:24:00 AM,mg/L,9.9,0.3,DHEC
CW-222,6/25/2015,11:07:00 AM,mg/L,30,0.3,DHEC
CW-207,9/22/2016,11:31:00 AM,mg/L,26,0.3,DHEC
CW-174,5/17/2016,11:07:00 AM,mg/L,33,0.3,DHEC
CW-072,3/24/2016,1:41:00 PM,mg/L,60,0.3,DHEC
RS-16320,9/13/2016,1:44:00 PM,mg/L,49,0.3,DHEC
CW-231,4/21/2016,1:14:00 PM,mg/L,30,0.3,DHEC
RS-16296,6/30/2016,2:05:00 PM,mg/L,29,0.3,DHEC
CW-236,6/9/2016,1:33:00 PM,mg/L,39,0.3,DHEC
CW-016F,5/12/2016,11:06:00 AM,mg/L,22,0.3,DHEC
CW-016,3/14/2016,10:45:00 AM,mg/L,35,0.3,DHEC
CW-174,3/15/2016,10:30:00 AM,mg/L,28,0.3,DHEC
CW-231,6/30/2016,12:20:00 PM,mg/L,27,0.3,DHEC
CW-222,12/14/2016,11:43:00 AM,mg/L,26,0.3,DHEC
CW-033,4/21/2016,2:19:00 PM,mg/L,27,0.3,DHEC
CW-036,6/6/2016,11:00:00 AM,mg/L,55,0.3,DHEC
RL-16039,9/22/2016,11:44:00 AM,mg/L,25,0.3,DHEC
CW-057,11/9/2016,11:36:00 AM,mg/L,29,0.3,DHEC
CW-222,4/14/2016,11:17:00 AM,mg/L,23,0.3,DHEC
CW-016,12/8/2016,1:20:00 PM,mg/L,39,0.3,DHEC
RS-16320,11/9/2016,2:39:00 PM,mg/L,56,0.3,DHEC
CW-057,9/13/2016,11:22:00 AM,mg/L,25,0.3,DHEC
CW-017,12/8/2016,9:23:00 AM,mg/L,44,0.3,DHEC
RS-16296,3/24/2016,2:43:00 PM,mg/L,33,0.3,DHEC
CW-016F,3/14/2016,11:00:00 AM,mg/L,22,0.3,DHEC
CW-174,4/21/2016,1:45:00 PM,mg/L,32,0.3,DHEC
RL-16039,6/30/2016,11:23:00 AM,mg/L,24,0.3,DHEC
CW-233,4/27/2016,2:41:00 PM,mg/L,42,0.3,DHEC
CW-019,3/24/2016,10:27:00 AM,mg/L,21,0.3,DHEC
CW-207,6/30/2016,11:05:00 AM,mg/L,23,0.3,DHEC
RS-16320,5/12/2016,3:14:00 PM,mg/L,45,0.3,DHEC
CW-036,12/5/2016,11:20:00 AM,mg/L,72,0.3,DHEC
RL-16115,12/12/2016,12:10:00 PM,mg/L,32,0.3,DHEC
CW-057,5/12/2016,11:30:00 AM,mg/L,25,0.3,DHEC
CW-016F,11/9/2016,11:20:00 AM,mg/L,29,0.3,DHEC
RL-16115,9/14/2016,11:59:00 AM,mg/L,25,0.3,DHEC
RL-16115,5/17/2016,11:39:00 AM,mg/L,24,0.3,DHEC
CW-016F,4/27/2016,10:25:00 AM,mg/L,27,0.3,DHEC
CW-019,11/22/2016,10:28:00 AM,mg/L,26,0.3,DHEC
CW-083,12/5/2016,10:20:00 AM,mg/L,55,0.3,DHEC
CL-089,3/24/2016,11:22:00 AM,mg/L,24,0.3,DHEC
CW-057,6/9/2016,10:41:00 AM,mg/L,25,0.3,DHEC
CL-089,9/22/2016,10:38:00 AM,mg/L,27,0.3,DHEC
CW-174,11/15/2016,11:35:00 AM,mg/L,29,0.3,DHEC
CW-206,11/30/2016,10:16:00 AM,mg/L,19,0.3,DHEC
CW-033,11/15/2016,11:20:00 AM,mg/L,28,0.3,DHEC
CW-206,3/10/2016,10:53:00 AM,mg/L,19,0.3,DHEC
CW-231,12/7/2016,1:28:00 PM,mg/L,31,0.3,DHEC
CW-041,6/6/2016,1:57:00 PM,mg/L,29,0.3,DHEC
RS-16336,11/7/2016,12:26:00 PM,mg/L,3.2,0.3,DHEC
CW-019,5/26/2016,10:12:00 AM,mg/L,120,0.3,DHEC
CW-233,6/9/2016,1:02:00 PM,mg/L,34,0.3,DHEC
CL-089,6/30/2016,10:04:00 AM,mg/L,22,0.3,DHEC
RL-16115,3/15/2016,11:06:00 AM,mg/L,25,0.3,DHEC
CW-083,6/6/2016,1:22:00 PM,mg/L,34,0.3,DHEC
CW-174,12/12/2016,11:21:00 AM,mg/L,34,0.3,DHEC
RL-16039,3/24/2016,12:03:00 PM,mg/L,27,0.3,DHEC
CW-206,5/24/2016,10:29:00 AM,mg/L,24,0.3,DHEC
RL-16115,11/15/2016,10:55:00 AM,mg/L,28,0.3,DHEC
CW-016,6/9/2016,10:07:00 AM,mg/L,30,0.3,DHEC
CW-222,10/20/2016,11:13:00 AM,mg/L,26,0.3,DHEC
CW-033,5/17/2016,11:21:00 AM,mg/L,26,0.3,DHEC
CW-174,9/14/2016,12:35:00 PM,mg/L,25,0.3,DHEC
CW-016F,9/13/2016,10:52:00 AM,mg/L,25,0.3,DHEC
RS-16336,9/7/2016,12:40:00 PM,mg/L,3.1,0.3,DHEC
RS-16336,6/2/2016,12:13:00 PM,mg/L,2.9,0.3,DHEC
RS-16320,6/6/2016,9:27:00 AM,mg/L,36,0.3,DHEC
RL-16115,4/21/2016,2:04:00 PM,mg/L,27,0.3,DHEC
RS-16336,5/4/2016,12:20:00 PM,mg/L,2.6,0.3,DHEC
RL-16115,6/8/2016,11:15:00 AM,mg/L,26,0.3,DHEC
CW-033,12/12/2016,11:41:00 AM,mg/L,32,0.3,DHEC
CW-072,12/7/2016,2:27:00 PM,mg/L,61,0.3,DHEC
CW-016,4/27/2016,10:05:00 AM,mg/L,65,0.3,DHEC
CW-017,6/9/2016,2:13:00 PM,mg/L,26,0.3,DHEC
CW-016,11/9/2016,11:05:00 AM,mg/L,29,0.3,DHEC
CW-236,4/27/2016,2:18:00 PM,mg/L,39,0.3,DHEC
CW-233,12/8/2016,9:59:00 AM,mg/L,47,0.3,DHEC
RS-16336,12/6/2016,12:07:00 PM,mg/L,3.7,0.3,DHEC
CW-016,5/12/2016,10:35:00 AM,mg/L,29,0.3,DHEC
CW-057,3/14/2016,11:22:00 AM,mg/L,27,0.3,DHEC
CW-041,12/5/2016,9:55:00 AM,mg/L,34,0.3,DHEC
RL-16039,12/7/2016,12:27:00 PM,mg/L,27,0.3,DHEC
CW-033,6/8/2016,10:55:00 AM,mg/L,26,0.3,DHEC
CW-222,6/28/2016,11:58:00 AM,mg/L,26,0.3,DHEC
CL-089,12/7/2016,10:51:00 AM,mg/L,30,0.3,DHEC
CW-033,3/15/2016,10:45:00 AM,mg/L,26,0.3,DHEC
CW-016F,12/8/2016,1:40:00 PM,mg/L,34,0.3,DHEC
CW-014,6/6/2016,10:30:00 AM,mg/L,23,0.3,DHEC
CW-017,4/27/2016,12:15:00 PM,mg/L,38,0.3,DHEC
CW-231,10/25/2016,12:38:00 PM,mg/L,26,0.3,DHEC
CW-014,12/5/2016,11:56:00 AM,mg/L,18,0.3,DHEC
CW-174,6/8/2016,11:30:00 AM,mg/L,25,0.3,DHEC
CW-206,9/15/2016,10:29:00 AM,mg/L,19,0.3,DHEC
CW-016,9/13/2016,10:30:00 AM,mg/L,23,0.3,DHEC
CW-019,9/22/2016,9:52:00 AM,mg/L,21,0.3,DHEC
RS-16296,12/12/2016,10:16:00 AM,mg/L,36,0.3,DHEC
RS-16320,12/5/2016,1:21:00 PM,mg/L,54,0.3,DHEC
CW-033,9/14/2016,12:15:00 PM,mg/L,25,0.3,DHEC
CW-207,3/24/2016,11:45:00 AM,mg/L,27,0.3,DHEC
CW-057,4/27/2016,10:44:00 AM,mg/L,27,0.3,DHEC
RS-16296,9/22/2016,1:25:00 PM,mg/L,29,0.3,DHEC
CW-207,12/7/2016,12:07:00 PM,mg/L,27,0.3,DHEC
CW-057,12/8/2016,1:59:00 PM,mg/L,33,0.3,DHEC
CW-072,6/30/2016,1:14:00 PM,mg/L,56,0.3,DHEC
CW-236,12/8/2016,10:19:00 AM,mg/L,50,0.3,DHEC
CW-207,8/24/2017,1:58:00 PM,mg/L,23,0.3,DHEC
CL-089,5/30/2017,1:20:00 PM,mg/L,21,0.3,DHEC
CW-036,4/17/2017,12:34:00 PM,mg/L,100,0.3,DHEC
CW-222,5/23/2017,10:59:00 AM,mg/L,22,0.3,DHEC
CL-089,8/24/2017,12:38:00 PM,mg/L,22,0.3,DHEC
RL-17071,10/18/2017,11:21:00 AM,mg/L,28,0.3,DHEC
RS-17384,8/24/2017,10:55:00 AM,mg/L,7.1,0.3,DHEC
CW-016F,10/18/2017,10:58:00 AM,mg/L,29,0.3,DHEC
CW-033,2/16/2017,12:40:00 PM,mg/L,31,0.3,DHEC
CW-017,1/24/2017,10:23:00 AM,mg/L,18,0.3,DHEC
RS-17384,2/9/2017,9:50:00 AM,mg/L,5.3,0.3,DHEC
CW-236,10/12/2017,10:12:00 AM,mg/L,46,0.3,DHEC
CL-089,2/9/2017,11:09:00 AM,mg/L,29,0.3,DHEC
CW-083,7/18/2017,11:30:00 AM,mg/L,43,0.3,DHEC
CW-014,1/12/2017,10:03:00 AM,mg/L,22,0.3,DHEC
CW-016,1/5/2017,12:12:00 PM,mg/L,27,0.3,DHEC
CW-231,1/17/2017,10:35:00 AM,mg/L,30,0.3,DHEC
CW-016,10/18/2017,10:32:00 AM,mg/L,26,0.3,DHEC
CW-016F,7/18/2017,11:35:00 AM,mg/L,26,0.3,DHEC
CW-233,1/24/2017,11:09:00 AM,mg/L,22,0.3,DHEC
CW-207,11/20/2017,12:55:00 PM,mg/L,22,0.3,DHEC
CW-231,10/19/2017,10:51:00 AM,mg/L,26,0.3,DHEC
RL-17127,2/16/2017,12:24:00 PM,mg/L,32,0.3,DHEC
CW-017,4/5/2017,1:11:00 PM,mg/L,28,0.3,DHEC
RL-17127,1/17/2017,11:56:00 AM,mg/L,28,0.3,DHEC
CW-016,4/11/2017,11:31:00 AM,mg/L,23,0.3,DHEC
RS-17352,2/7/2017,12:48:00 PM,mg/L,56,0.3,DHEC
RS-17340,2/9/2017,10:42:00 AM,mg/L,24,0.3,DHEC
CW-222,2/28/2017,11:11:00 AM,mg/L,29,0.3,DHEC
RL-17127,7/13/2017,11:36:00 AM,mg/L,24,0.3,DHEC
RL-17055,8/24/2017,2:14:00 PM,mg/L,23,0.3,DHEC
CW-083,10/4/2017,9:47:00 AM,mg/L,55,0.3,DHEC
RL-17071,2/8/2017,10:45:00 AM,mg/L,36,0.3,DHEC
CL-089,11/20/2017,12:00:00 PM,mg/L,24,0.3,DHEC
CW-222,11/27/2017,11:11:00 AM,mg/L,26,0.3,DHEC
CW-017,10/12/2017,12:59:00 PM,mg/L,25,0.3,DHEC
CW-014,2/7/2017,2:25:00 PM,mg/L,19,0.3,DHEC
CW-206,5/23/2017,10:03:00 AM,mg/L,19,0.3,DHEC
CW-041,7/18/2017,11:03:00 AM,mg/L,22,0.3,DHEC
CW-033,1/17/2017,11:40:00 AM,mg/L,30,0.3,DHEC
CW-019,5/31/2017,11:11:00 AM,mg/L,18,0.3,DHEC
CW-233,10/12/2017,11:09:00 AM,mg/L,49,0.3,DHEC
CW-236,1/24/2017,12:37:00 PM,mg/L,23,0.3,DHEC
RS-17352,7/18/2017,12:12:00 PM,mg/L,56,0.3,DHEC
CW-016F,2/8/2017,11:05:00 AM,mg/L,36,0.3,DHEC
CW-174,10/19/2017,12:19:00 PM,mg/L,26,0.3,DHEC
CW-057,7/18/2017,12:31:00 PM,mg/L,24,0.3,DHEC
RS-17352,10/4/2017,10:15:00 AM,mg/L,62,0.3,DHEC
CW-014,4/17/2017,11:33:00 AM,mg/L,20,0.3,DHEC
CW-233,7/20/2017,9:43:00 AM,mg/L,45,0.3,DHEC
CW-016,2/8/2017,11:21:00 AM,mg/L,35,0.3,DHEC
CW-083,1/12/2017,12:25:00 PM,mg/L,42,0.3,DHEC
CW-233,2/9/2017,9:15:00 AM,mg/L,38,0.3,DHEC
CW-252,5/31/2017,10:22:00 AM,mg/L,28,0.3,DHEC
CW-174,2/16/2017,12:09:00 PM,mg/L,37,0.3,DHEC
CW-072,2/9/2017,12:20:00 PM,mg/L,45,0.3,DHEC
RS-17352,1/12/2017,8:53:00 AM,mg/L,24,0.3,DHEC
CW-014,10/4/2017,11:28:00 AM,mg/L,17,0.3,DHEC
RL-17071,1/5/2017,11:55:00 AM,mg/L,26,0.3,DHEC
CW-174,7/13/2017,11:11:00 AM,mg/L,25,0.3,DHEC
CW-251,2/9/2017,12:40:00 PM,mg/L,27,0.3,DHEC
CW-057,4/11/2017,10:35:00 AM,mg/L,29,0.3,DHEC
RL-17055,11/20/2017,1:07:00 PM,mg/L,22,0.3,DHEC
CW-019,2/9/2017,10:25:00 AM,mg/L,16,0.3,DHEC
CW-231,4/12/2017,10:00:00 AM,mg/L,27,0.3,DHEC
CW-236,2/9/2017,10:12:00 AM,mg/L,32,0.3,DHEC
CW-206,11/27/2017,9:58:00 AM,mg/L,20,0.3,DHEC
CW-036,7/18/2017,12:38:00 PM,mg/L,92,0.3,DHEC
CW-016,7/18/2017,11:04:00 AM,mg/L,26,0.3,DHEC
CW-174,1/17/2017,11:25:00 AM,mg/L,29,0.3,DHEC
CW-236,4/5/2017,11:34:00 AM,mg/L,46,0.3,DHEC
CW-033,7/13/2017,11:27:00 AM,mg/L,27,0.3,DHEC
CW-033,10/19/2017,12:31:00 PM,mg/L,26,0.3,DHEC
CW-222,8/30/2017,11:22:00 AM,mg/L,26,0.3,DHEC
CW-057,2/8/2017,11:46:00 AM,mg/L,35,0.3,DHEC
RL-17127,10/19/2017,12:45:00 PM,mg/L,26,0.3,DHEC
CW-019,11/20/2017,11:22:00 AM,mg/L,25,0.3,DHEC
CW-206,2/28/2017,10:15:00 AM,mg/L,16,0.3,DHEC
CW-036,1/12/2017,11:12:00 AM,mg/L,95,0.3,DHEC
CW-236,7/20/2017,10:13:00 AM,mg/L,48,0.3,DHEC
CW-036,10/4/2017,10:57:00 AM,mg/L,110,0.3,DHEC
CW-057,10/18/2017,11:35:00 AM,mg/L,26,0.3,DHEC
RL-17055,5/30/2017,12:36:00 PM,mg/L,20,0.3,DHEC
RS-17384,11/20/2017,10:52:00 AM,mg/L,5.9,0.3,DHEC
RS-17384,5/31/2017,12:24:00 PM,mg/L,5.4,0.3,DHEC
CW-072,5/31/2017,10:41:00 AM,mg/L,30,0.3,DHEC
RS-17340,1/24/2017,11:52:00 AM,mg/L,16,0.3,DHEC
CW-041,10/4/2017,9:22:00 AM,mg/L,23,0.3,DHEC
CW-041,4/17/2017,10:49:00 AM,mg/L,27,0.3,DHEC
RL-17127,4/12/2017,12:09:00 PM,mg/L,24,0.3,DHEC
CW-207,5/30/2017,1:00:00 PM,mg/L,20,0.3,DHEC
CW-033,4/12/2017,11:50:00 AM,mg/L,28,0.3,DHEC
CW-017,2/9/2017,12:55:00 PM,mg/L,30,0.3,DHEC
RL-17071,7/18/2017,12:05:00 PM,mg/L,31,0.3,DHEC
CW-016F,4/11/2017,11:06:00 AM,mg/L,26,0.3,DHEC
CW-014,7/18/2017,1:08:00 PM,mg/L,18,0.3,DHEC
CW-233,4/5/2017,10:23:00 AM,mg/L,47,0.3,DHEC
CW-083,2/7/2017,11:13:00 AM,mg/L,47,0.3,DHEC
CW-083,4/17/2017,2:04:00 PM,mg/L,61,0.3,DHEC
CW-017,7/20/2017,10:47:00 AM,mg/L,35,0.3,DHEC
CW-041,2/7/2017,10:35:00 AM,mg/L,28,0.3,DHEC
CW-231,7/13/2017,10:26:00 AM,mg/L,25,0.3,DHEC
CW-252,2/9/2017,12:48:00 PM,mg/L,41,0.3,DHEC
CW-206,8/30/2017,10:13:00 AM,mg/L,21,0.3,DHEC
CW-041,1/12/2017,12:50:00 PM,mg/L,29,0.3,DHEC
CW-057,1/5/2017,11:36:00 AM,mg/L,29,0.3,DHEC
CW-019,8/24/2017,11:31:00 AM,mg/L,23,0.3,DHEC
CW-036,2/7/2017,1:42:00 PM,mg/L,85,0.3,DHEC
RL-17071,4/11/2017,10:50:00 AM,mg/L,27,0.3,DHEC
CW-174,4/12/2017,11:36:00 AM,mg/L,28,0.3,DHEC
RS-17340,4/5/2017,10:57:00 AM,mg/L,30,0.3,DHEC
CW-016F,1/5/2017,12:21:00 PM,mg/L,26,0.3,DHEC
RS-17352,4/17/2017,1:09:00 PM,mg/L,65,0.3,DHEC
CW-231,2/16/2017,2:05:00 PM,mg/L,37,0.3,DHEC
CW-233,2/6/2018,2:13:00 PM,mg/L,25,0.3,DHEC
CW-083,4/10/2018,9:41:00 AM,mg/L,46,0.3,DHEC
RL-18146,12/11/2018,12:30:00 PM,mg/L,14,0.3,DHEC
CW-016,4/25/2018,2:23:00 PM,mg/L,26,0.3,DHEC
RL-18083,1/29/2018,12:12:00 PM,mg/L,26,0.3,DHEC
RS-18408,12/4/2018,1:27:00 PM,mg/L,11,0.3,DHEC
CW-029,1/23/2018,10:43:00 AM,mg/L,34,0.3,DHEC
CW-233,8/14/2018,2:05:00 PM,mg/L,45,0.3,DHEC
RS-14216,4/4/2018,10:39:00 AM,mg/L,45,0.3,DHEC
RS-18416,4/11/2018,11:06:00 AM,mg/L,23,0.3,DHEC
RS-15284,3/15/2018,10:15:00 AM,mg/L,29,0.3,DHEC
CW-019,7/24/2018,10:16:00 AM,mg/L,23,0.3,DHEC
CW-036,11/13/2018,11:19:00 AM,mg/L,30,0.3,DHEC
CW-072,3/15/2018,1:41:00 PM,mg/L,37,0.3,DHEC
CW-036,2/22/2018,11:00:00 AM,mg/L,110,0.3,DHEC
RS-18396,2/6/2018,10:58:00 AM,mg/L,20,0.3,DHEC
CW-174,3/19/2018,10:25:00 AM,mg/L,25,0.3,DHEC
CW-017,2/26/2018,1:40:00 PM,mg/L,37,0.3,DHEC
CW-222,2/8/2018,11:13:00 AM,mg/L,28,0.3,DHEC
RS-18416,1/23/2018,12:12:00 PM,mg/L,20,0.3,DHEC
CW-233,5/7/2018,3:00:00 PM,mg/L,50,0.3,DHEC
RL-18146,3/19/2018,10:55:00 AM,mg/L,27,0.3,DHEC
RS-14216,10/18/2018,11:06:00 AM,mg/L,53,0.3,DHEC
CW-016,7/12/2018,10:07:00 AM,mg/L,28,0.3,DHEC
CW-019,1/29/2018,10:14:00 AM,mg/L,21,0.3,DHEC
RL-18083,7/26/2018,11:28:00 AM,mg/L,27,0.3,DHEC
RS-17352,9/5/2018,11:12:00 AM,mg/L,78,0.3,DHEC
CW-014,3/29/2018,12:11:00 PM,mg/L,21,0.3,DHEC
CW-207,7/26/2018,11:09:00 AM,mg/L,25,0.3,DHEC
CW-019,4/25/2018,10:16:00 AM,mg/L,25,0.3,DHEC
RS-14200,2/26/2018,1:07:00 PM,mg/L,27,0.3,DHEC
CW-040,5/29/2018,1:23:00 PM,mg/L,59,0.3,DHEC
CW-041,9/5/2018,10:13:00 AM,mg/L,16,0.3,DHEC
CW-233,11/6/2018,1:01:00 PM,mg/L,43,0.3,DHEC
CW-069,11/6/2018,11:52:00 AM,mg/L,29,0.3,DHEC
RS-14200,8/9/2018,1:59:00 PM,mg/L,31,0.3,DHEC
CW-072,6/14/2018,1:21:00 PM,mg/L,71,0.3,DHEC
CW-029,10/16/2018,11:22:00 AM,mg/L,35,0.3,DHEC
CW-029,7/9/2018,11:11:00 AM,mg/L,47,0.3,DHEC
RS-14200,11/7/2018,2:15:00 PM,mg/L,24,0.3,DHEC
CW-014,12/5/2018,12:06:00 PM,mg/L,16,0.3,DHEC
CW-017,11/7/2018,9:10:00 AM,mg/L,28,0.3,DHEC
CW-231,12/11/2018,11:35:00 AM,mg/L,22,0.3,DHEC
CL-089,1/29/2018,10:52:00 AM,mg/L,27,0.3,DHEC
CW-206,4/24/2018,11:25:00 AM,mg/L,27,0.3,DHEC
CW-057,3/19/2018,2:52:00 PM,mg/L,24,0.3,DHEC
CW-083,1/16/2018,10:40:00 AM,mg/L,40,0.3,DHEC
CW-016F,3/19/2018,2:30:00 PM,mg/L,25,0.3,DHEC
RS-15284,6/20/2018,10:56:00 AM,mg/L,74,0.3,DHEC
CW-041,6/12/2018,9:23:00 AM,mg/L,17,0.3,DHEC
RS-17340,5/7/2018,1:41:00 PM,mg/L,39,0.3,DHEC
CW-174,12/11/2018,12:15:00 PM,mg/L,23,0.3,DHEC
CW-207,1/29/2018,11:47:00 AM,mg/L,26,0.3,DHEC
CW-231,6/18/2018,11:25:00 AM,mg/L,22,0.3,DHEC
RL-18083,4/25/2018,12:36:00 PM,mg/L,27,0.3,DHEC
CW-036,8/7/2018,12:43:00 PM,mg/L,46,0.3,DHEC
CL-089,4/25/2018,11:11:00 AM,mg/L,31,0.3,DHEC
CW-014,9/5/2018,1:14:00 PM,mg/L,15,0.3,DHEC
CW-083,10/23/2018,9:35:00 AM,mg/L,58,0.3,DHEC
CW-014,6/12/2018,12:43:00 PM,mg/L,17,0.3,DHEC
CW-236,3/6/2018,12:14:00 PM,mg/L,34,0.3,DHEC
RS-15284,12/6/2018,11:12:00 AM,mg/L,35,0.3,DHEC
RS-17352,6/12/2018,10:21:00 AM,mg/L,47,0.3,DHEC
CW-206,1/4/2018,10:53:00 AM,mg/L,15,0.3,DHEC
CW-057,12/11/2018,3:09:00 PM,mg/L,24,0.3,DHEC
RS-17352,12/5/2018,1:52:00 PM,mg/L,55,0.3,DHEC
CW-083,7/10/2018,9:53:00 AM,mg/L,39,0.3,DHEC
CW-036,5/1/2018,12:40:00 PM,mg/L,110,0.3,DHEC
CW-222,5/23/2018,11:00:00 AM,mg/L,25,0.3,DHEC
CW-016F,12/11/2018,2:36:00 PM,mg/L,24,0.3,DHEC
CW-040,11/14/2018,2:00:00 PM,mg/L,22,0.3,DHEC
CW-072,12/6/2018,12:52:00 PM,mg/L,33,0.3,DHEC
CW-174,6/18/2018,10:35:00 AM,mg/L,22,0.3,DHEC
CW-033,3/19/2018,10:42:00 AM,mg/L,26,0.3,DHEC
CW-033,6/18/2018,10:06:00 AM,mg/L,22,0.3,DHEC
CW-017,8/9/2018,10:18:00 AM,mg/L,37,0.3,DHEC
CW-252,10/29/2018,12:55:00 PM,mg/L,46,0.3,DHEC
CW-029,4/11/2018,10:01:00 AM,mg/L,30,0.3,DHEC
CW-040,8/8/2018,2:23:00 PM,mg/L,45,0.3,DHEC
CW-040,2/27/2018,2:44:00 PM,mg/L,33,0.3,DHEC
CW-206,10/3/2018,10:13:00 AM,mg/L,19,0.3,DHEC
CW-236,6/13/2018,12:47:00 PM,mg/L,50,0.3,DHEC
RS-18408,3/1/2018,1:17:00 PM,mg/L,13,0.3,DHEC
CW-041,12/5/2018,10:49:00 AM,mg/L,16,0.3,DHEC
RS-14200,5/30/2018,2:25:00 PM,mg/L,26,0.3,DHEC
CW-207,4/25/2018,12:16:00 PM,mg/L,30,0.3,DHEC
CW-016,1/31/2018,10:51:00 AM,mg/L,24,0.3,DHEC
CW-016F,6/19/2018,11:11:00 AM,mg/L,23,0.3,DHEC
CW-057,6/19/2018,11:44:00 AM,mg/L,21,0.3,DHEC
CW-252,1/29/2018,1:33:00 PM,mg/L,22,0.3,DHEC
RS-14216,1/24/2018,11:12:00 AM,mg/L,47,0.3,DHEC
RS-18396,5/7/2018,12:12:00 PM,mg/L,32,0.3,DHEC
CL-089,7/26/2018,10:36:00 AM,mg/L,23,0.3,DHEC
CW-041,3/29/2018,9:30:00 AM,mg/L,22,0.3,DHEC
CW-033,12/11/2018,12:47:00 PM,mg/L,22,0.3,DHEC
CL-089,10/29/2018,11:02:00 AM,mg/L,18,0.3,DHEC
CW-016,10/23/2018,2:17:00 PM,mg/L,20,0.3,DHEC
CW-019,10/29/2018,10:18:00 AM,mg/L,18,0.3,DHEC
CW-236,12/3/2018,12:18:00 PM,mg/L,29,0.3,DHEC
RS-14216,7/9/2018,11:09:00 AM,mg/L,57,0.3,DHEC
CW-222,8/9/2018,10:51:00 AM,mg/L,22,0.3,DHEC
RS-17352,3/29/2018,10:27:00 AM,mg/L,66,0.3,DHEC
CW-252,4/25/2018,2:20:00 PM,mg/L,33,0.3,DHEC
CW-206,7/19/2018,11:40:00 AM,mg/L,22,0.3,DHEC
CW-251,12/6/2018,1:12:00 PM,mg/L,35,0.3,DHEC
CW-251,3/15/2018,2:15:00 PM,mg/L,33,0.3,DHEC
CW-017,5/30/2018,3:05:00 PM,mg/L,26,0.3,DHEC
CW-222,11/29/2018,11:24:00 AM,mg/L,20,0.3,DHEC
CW-083,8/1/2019,10:52:00 AM,mg/L,56,0.3,DHEC
CW-072,6/3/2019,1:51:00 PM,mg/L,81,0.3,DHEC
CW-237,3/14/2019,10:18:00 AM,mg/L,10,0.3,DHEC
RS-14216,2/20/2019,10:24:00 AM,mg/L,38,0.3,DHEC
CW-155,3/14/2019,9:37:00 AM,mg/L,6.2,0.3,DHEC
CW-040,12/16/2019,2:17:00 PM,mg/L,22,0.3,DHEC
RL-19166,12/16/2019,12:26:00 PM,mg/L,24,0.3,DHEC
CW-082,6/17/2019,11:27:00 AM,mg/L,4.1,0.3,DHEC
CW-252,3/21/2019,1:51:00 PM,mg/L,56,0.3,DHEC
CW-166,9/19/2019,12:00:00 PM,mg/L,4,0.3,DHEC
RS-11056,6/20/2019,2:44:00 PM,mg/L,44,0.3,DHEC
RL-19258,5/8/2019,1:38:00 PM,mg/L,27,0.3,DHEC
CW-016F,5/8/2019,2:47:00 PM,mg/L,20,0.3,DHEC
CW-016,2/21/2019,11:22:00 AM,mg/L,23,0.3,DHEC
CW-029,1/16/2019,10:12:00 AM,mg/L,25,0.3,DHEC
CW-233,9/24/2019,1:36:00 PM,mg/L,56,0.3,DHEC
RS-17352,11/6/2019,1:58:00 PM,mg/L,59,0.3,DHEC
CW-236,6/26/2019,12:38:00 PM,mg/L,50,0.3,DHEC
CW-233,12/11/2019,2:53:00 PM,mg/L,46,0.3,DHEC
CW-231,8/15/2019,9:26:00 AM,mg/L,27,0.3,DHEC
CW-233,6/26/2019,12:52:00 PM,mg/L,53,0.3,DHEC
CW-251,12/16/2019,1:30:00 PM,mg/L,27,0.3,DHEC
CW-231,5/8/2019,9:46:00 AM,mg/L,29,0.3,DHEC
CW-252,12/16/2019,1:53:00 PM,mg/L,26,0.3,DHEC
RS-15284,3/28/2019,3:42:00 PM,mg/L,42,0.3,DHEC
RL-19149,5/8/2019,10:50:00 AM,mg/L,24,0.3,DHEC
RS-17352,5/7/2019,12:34:00 PM,mg/L,43,0.3,DHEC
CW-021,6/17/2019,11:07:00 AM,mg/L,5.7,0.3,DHEC
CW-155,12/19/2019,10:13:00 AM,mg/L,6.5,0.3,DHEC
RL-19149,8/15/2019,10:45:00 AM,mg/L,25,0.3,DHEC
RS-13152,2/20/2019,9:54:00 AM,mg/L,20,0.3,DHEC
RS-10331,11/13/2019,2:45:00 PM,mg/L,30,0.3,DHEC
CW-021,9/19/2019,12:25:00 PM,mg/L,4.5,0.3,DHEC
CW-206,4/1/2019,10:12:00 AM,mg/L,23,0.3,DHEC
RS-13168,3/28/2019,9:42:00 AM,mg/L,65,0.3,DHEC
CW-237,9/19/2019,1:20:00 PM,mg/L,12,0.3,DHEC
CW-017,2/12/2019,1:38:00 PM,mg/L,42,0.3,DHEC
CW-222,2/19/2019,10:43:00 AM,mg/L,26,0.3,DHEC
CW-082,9/19/2019,12:45:00 PM,mg/L,5.2,0.3,DHEC
CW-017,11/6/2019,9:36:00 AM,mg/L,34,0.3,DHEC
CW-207,6/3/2019,12:08:00 PM,mg/L,27,0.3,DHEC
CW-250,6/17/2019,12:39:00 PM,mg/L,0.99,0.3,DHEC
RL-19258,2/21/2019,10:08:00 AM,mg/L,28,0.3,DHEC
CW-057,2/21/2019,11:53:00 AM,mg/L,25,0.3,DHEC
CW-207,3/21/2019,11:42:00 AM,mg/L,23,0.3,DHEC
CW-014,2/12/2019,12:30:00 PM,mg/L,22,0.3,DHEC
CW-021,3/14/2019,10:51:00 AM,mg/L,5.1,0.3,DHEC
CW-174,10/22/2019,10:36:00 AM,mg/L,32,0.3,DHEC
CW-207,12/16/2019,11:22:00 AM,mg/L,23,0.3,DHEC
CW-174,8/15/2019,10:06:00 AM,mg/L,26,0.3,DHEC
CW-040,6/3/2019,2:31:00 PM,mg/L,68,0.3,DHEC
RS-13144,8/14/2019,1:35:00 PM,mg/L,34,0.3,DHEC
CW-016F,2/21/2019,11:39:00 AM,mg/L,23,0.3,DHEC
CW-041,11/6/2019,10:28:00 AM,mg/L,27,0.3,DHEC
CW-040,3/21/2019,2:15:00 PM,mg/L,36,0.3,DHEC
CW-222,11/21/2019,10:58:00 AM,mg/L,28,0.3,DHEC
RS-17340,6/26/2019,12:23:00 PM,mg/L,35,0.3,DHEC
RS-19476,8/8/2019,12:44:00 PM,mg/L,40,0.3,DHEC
CW-033,10/22/2019,10:49:00 AM,mg/L,28,0.3,DHEC
CW-166,12/19/2019,12:14:00 PM,mg/L,6.6,0.3,DHEC
CW-237,6/17/2019,10:39:00 AM,mg/L,11,0.3,DHEC
CW-036,2/12/2019,11:25:00 AM,mg/L,95,0.3,DHEC
CW-016F,10/22/2019,1:56:00 PM,mg/L,29,0.3,DHEC
CW-016F,8/29/2019,11:42:00 AM,mg/L,25,0.3,DHEC
RS-13168,6/20/2019,9:35:00 AM,mg/L,63,0.3,DHEC
CW-041,2/12/2019,9:29:00 AM,mg/L,27,0.3,DHEC
CW-222,5/21/2019,11:28:00 AM,mg/L,26,0.3,DHEC
RS-14216,5/22/2019,10:03:00 AM,mg/L,45,0.3,DHEC
CW-166,6/17/2019,12:03:00 PM,mg/L,5.2,0.3,DHEC
CL-089,3/21/2019,10:28:00 AM,mg/L,24,0.3,DHEC
CW-233,3/19/2019,2:59:00 PM,mg/L,44,0.3,DHEC
RL-19149,10/22/2019,11:03:00 AM,mg/L,27,0.3,DHEC
CW-029,4/30/2019,10:12:00 AM,mg/L,32,0.3,DHEC
RS-15284,6/20/2019,3:08:00 PM,mg/L,60,0.3,DHEC
CW-017,5/7/2019,10:14:00 AM,mg/L,25,0.3,DHEC
RS-19476,11/19/2019,1:45:00 PM,mg/L,52,0.3,DHEC
CW-154,6/17/2019,9:27:00 AM,mg/L,3.1,0.3,DHEC
CW-072,12/16/2019,1:00:00 PM,mg/L,27,0.3,DHEC
CW-033,8/15/2019,10:24:00 AM,mg/L,25,0.3,DHEC
CW-029,7/1/2019,10:24:00 AM,mg/L,35,0.3,DHEC
RS-13152,5/22/2019,9:37:00 AM,mg/L,40,0.3,DHEC
CW-019,3/21/2019,9:38:00 AM,mg/L,23,0.3,DHEC
CW-072,3/21/2019,1:17:00 PM,mg/L,55,0.3,DHEC
CW-207,1/10/2019,11:52:00 AM,mg/L,21,0.3,DHEC
CW-019,6/3/2019,10:17:00 AM,mg/L,23,0.3,DHEC
CW-237,12/19/2019,10:51:00 AM,mg/L,9.9,0.3,DHEC
CW-206,1/2/2019,10:04:00 AM,mg/L,19,0.3,DHEC
RS-15284,12/5/2019,3:49:00 PM,mg/L,36,0.3,DHEC
RS-13144,11/13/2019,3:05:00 PM,mg/L,30,0.3,DHEC
CW-082,3/14/2019,11:11:00 AM,mg/L,3.7,0.3,DHEC
RS-13152,8/14/2019,8:57:00 AM,mg/L,66,0.3,DHEC
RS-17352,2/12/2019,10:46:00 AM,mg/L,55,0.3,DHEC
RS-13152,11/13/2019,10:04:00 AM,mg/L,42,0.3,DHEC
CW-250,9/19/2019,11:43:00 AM,mg/L,1.3,0.3,DHEC
CW-174,5/8/2019,10:19:00 AM,mg/L,29,0.3,DHEC
RL-19254,10/22/2019,11:14:00 AM,mg/L,28,0.3,DHEC
CW-041,5/7/2019,10:57:00 AM,mg/L,24,0.3,DHEC
RS-13168,12/5/2019,9:56:00 AM,mg/L,64,0.3,DHEC
CW-083,5/7/2019,11:32:00 AM,mg/L,33,0.3,DHEC
CW-014,11/6/2019,11:58:00 AM,mg/L,19,0.3,DHEC
RL-19166,3/21/2019,12:40:00 PM,mg/L,22,0.3,DHEC
RS-14216,8/14/2019,9:20:00 AM,mg/L,58,0.3,DHEC
RS-14200,1/30/2019,10:21:00 AM,mg/L,24,0.3,DHEC
CW-036,5/7/2019,1:52:00 PM,mg/L,85,0.3,DHEC
RS-19476,2/27/2019,1:39:00 PM,mg/L,34,0.3,DHEC
CW-040,9/9/2019,1:11:00 PM,mg/L,61,0.3,DHEC
CW-083,2/12/2019,9:46:00 AM,mg/L,52,0.3,DHEC
RS-17340,12/11/2019,1:49:00 PM,mg/L,32,0.3,DHEC
CW-019,9/9/2019,9:58:00 AM,mg/L,26,0.3,DHEC
CW-231,10/22/2019,9:44:00 AM,mg/L,29,0.3,DHEC
RS-11056,9/25/2019,2:59:00 PM,mg/L,38,0.3,DHEC
RS-17352,8/1/2019,1:13:00 PM,mg/L,54,0.3,DHEC
CW-250,12/19/2019,12:51:00 PM,mg/L,2.3,0.3,DHEC
RL-19254,5/8/2019,11:07:00 AM,mg/L,24,0.3,DHEC
CW-236,3/19/2019,2:41:00 PM,mg/L,35,0.3,DHEC
RL-19254,8/15/2019,10:36:00 AM,mg/L,25,0.3,DHEC
RS-13144,2/20/2019,3:19:00 PM,mg/L,14,0.3,DHEC
RS-14216,11/13/2019,10:41:00 AM,mg/L,50,0.3,DHEC
CL-089,6/3/2019,11:09:00 AM,mg/L,22,0.3,DHEC
CW-207,9/9/2019,11:31:00 AM,mg/L,25,0.3,DHEC
CW-019,12/16/2019,9:49:00 AM,mg/L,23,0.3,DHEC
CW-252,1/10/2019,1:57:00 PM,mg/L,38,0.3,DHEC
CW-166,3/14/2019,11:41:00 AM,mg/L,5.8,0.3,DHEC
CL-089,1/10/2019,10:57:00 AM,mg/L,21,0.3,DHEC
CW-251,3/21/2019,1:38:00 PM,mg/L,50,0.3,DHEC
RS-14200,4/29/2019,3:22:00 PM,mg/L,39,0.3,DHEC
CW-154,12/19/2019,10:02:00 AM,mg/L,4.4,0.3,DHEC
CW-029,10/15/2019,9:12:00 AM,mg/L,54,0.3,DHEC
RL-19166,1/10/2019,12:45:00 PM,mg/L,19,0.3,DHEC
CW-083,11/6/2019,11:02:00 AM,mg/L,55,0.3,DHEC
CW-236,12/11/2019,2:18:00 PM,mg/L,45,0.3,DHEC
RL-19166,6/3/2019,12:56:00 PM,mg/L,29,0.3,DHEC
CW-019,1/10/2019,10:12:00 AM,mg/L,19,0.3,DHEC
CW-250,3/14/2019,12:14:00 PM,mg/L,1.7,0.3,DHEC
RS-15284,9/25/2019,3:24:00 PM,mg/L,94,0.3,DHEC
CW-206,7/9/2019,10:40:00 AM,mg/L,19,0.3,DHEC
CW-154,12/30/2019,9:57:00 AM,mg/L,4.3,0.3,DHEC
CW-016,8/29/2019,11:20:00 AM,mg/L,28,0.3,DHEC
CW-154,3/14/2019,9:27:00 AM,mg/L,3.4,0.3,DHEC
CW-016,5/8/2019,2:25:00 PM,mg/L,20,0.3,DHEC
RS-10331,2/20/2019,2:45:00 PM,mg/L,19,0.3,DHEC
CW-154,9/19/2019,2:07:00 PM,mg/L,3.3,0.3,DHEC
CW-236,9/24/2019,12:56:00 PM,mg/L,57,0.3,DHEC
CW-082,12/19/2019,11:30:00 AM,mg/L,5.3,0.3,DHEC
CW-036,8/1/2019,12:36:00 PM,mg/L,67,0.3,DHEC
RS-10331,5/22/2019,2:47:00 PM,mg/L,36,0.3,DHEC
CW-057,10/22/2019,2:18:00 PM,mg/L,31,0.3,DHEC
RL-19258,8/29/2019,2:40:00 AM,mg/L,25,0.3,DHEC
CW-155,9/19/2019,1:55:00 PM,mg/L,4.6,0.3,DHEC
RL-19149,2/28/2019,9:55:00 AM,mg/L,20,0.3,DHEC
CW-041,8/1/2019,10:17:00 AM,mg/L,30,0.3,DHEC
CL-089,12/16/2019,10:26:00 AM,mg/L,25,0.3,DHEC
CL-089,9/9/2019,10:33:00 AM,mg/L,25,0.3,DHEC
CW-057,8/29/2019,12:08:00 PM,mg/L,23,0.3,DHEC
CW-014,8/1/2019,11:55:00 AM,mg/L,17,0.3,DHEC
RS-11056,12/5/2019,3:24:00 PM,mg/L,29,0.3,DHEC
CW-057,5/8/2019,3:08:00 PM,mg/L,26,0.3,DHEC
RS-13144,5/22/2019,3:10:00 PM,mg/L,22,0.3,DHEC
RS-19476,5/28/2019,1:54:00 PM,mg/L,52,0.3,DHEC
CW-206,10/8/2019,10:10:00 AM,mg/L,23,0.3,DHEC
RS-17340,3/19/2019,2:30:00 PM,mg/L,30,0.3,DHEC
CW-033,5/8/2019,10:36:00 AM,mg/L,26,0.3,DHEC
CW-016,11/6/2019,1:35:00 PM,mg/L,25,0.3,DHEC
CW-017,8/1/2019,9:31:00 AM,mg/L,39,0.3,DHEC
RL-19166,9/9/2019,12:16:00 PM,mg/L,24,0.3,DHEC
CW-014,5/7/2019,2:36:00 PM,mg/L,18,0.3,DHEC
CW-021,12/19/2019,11:13:00 AM,mg/L,5.2,0.3,DHEC
CW-036,11/6/2019,12:38:00 PM,mg/L,110,0.3,DHEC
RS-10331,8/14/2019,1:22:00 PM,mg/L,52,0.3,DHEC
CW-016,1/10/2019,1:52:00 PM,mg/L,22,0.3,DHEC
CW-155,6/17/2019,9:39:00 AM,mg/L,5.6,0.3,DHEC
CW-154,9/21/2020,9:44:00 AM,mg/L,3.9,0.3,DHEC
CW-252,10/14/2020,11:14:00 AM,mg/L,27,0.3,DHEC
CW-174,8/25/2020,12:35:00 PM,mg/L,19,0.3,DHEC
CW-250,3/24/2020,11:54:00 AM,mg/L,1.8,0.3,DHEC
CW-019,12/10/2020,9:36:00 AM,mg/L,22,0.3,DHEC
CW-017,11/16/2020,2:30:00 PM,mg/L,30,0.3,DHEC
LCR-04,10/12/2020,1:03:00 PM,mg/L,21,0.3,DHEC
CW-166,3/24/2020,11:33:00 AM,mg/L,6.8,0.3,DHEC
CW-206,10/7/2020,9:32:00 AM,mg/L,20,0.3,DHEC
CW-016,2/19/2020,10:37:00 AM,mg/L,20,0.3,DHEC
CW-016,11/17/2020,11:18:00 AM,mg/L,16,0.3,DHEC
RL-20198,6/18/2020,11:00:00 AM,mg/L,21,0.3,DHEC
RS-20540,3/25/2020,12:49:00 PM,mg/L,20,0.3,DHEC
RS-17352,12/9/2020,12:32:00 PM,mg/L,62,0.3,DHEC
RS-17340,12/10/2020,12:12:00 PM,mg/L,35,0.3,DHEC
CW-233,3/3/2020,12:11:00 PM,mg/L,38,0.3,DHEC
RS-17340,9/21/2020,12:36:00 PM,mg/L,34,0.3,DHEC
CW-166,6/29/2020,11:55:00 AM,mg/L,6,0.3,DHEC
CW-250,9/21/2020,12:09:00 PM,mg/L,1.9,0.3,DHEC
RS-20536,12/10/2020,10:12:00 AM,mg/L,21,0.3,DHEC
CW-222,8/19/2020,10:35:00 AM,mg/L,26,0.3,DHEC
LCT-02,9/29/2020,3:06:00 PM,mg/L,61,0.3,DHEC
LCR-03,6/18/2020,1:01:00 PM,mg/L,24,0.3,DHEC
CW-206,4/6/2020,10:31:00 AM,mg/L,24,0.3,DHEC
RL-19149,8/25/2020,1:05:00 PM,mg/L,19,0.3,DHEC
RS-17352,6/18/2020,11:10:00 AM,mg/L,58,0.3,DHEC
CW-014,10/28/2020,1:10:00 PM,mg/L,15,0.3,DHEC
CW-166,9/21/2020,11:49:00 AM,mg/L,6,0.3,DHEC
CW-016F,2/19/2020,10:52:00 AM,mg/L,21,0.3,DHEC
CW-041,4/14/2020,2:35:00 PM,mg/L,29,0.3,DHEC
CW-017,2/27/2020,9:08:00 AM,mg/L,23,0.3,DHEC
CW-036,9/29/2020,2:11:00 PM,mg/L,86,0.3,DHEC
CW-083,8/17/2020,11:14:00 AM,mg/L,27,0.3,DHEC
CW-174,2/18/2020,11:25:00 AM,mg/L,19,0.3,DHEC
RS-14200,4/1/2020,12:18:00 PM,mg/L,27,0.3,DHEC
CW-083,2/18/2020,10:10:00 AM,mg/L,48,0.3,DHEC
CW-057,8/25/2020,2:47:00 PM,mg/L,18,0.3,DHEC
CW-206,1/27/2020,10:09:00 AM,mg/L,17,0.3,DHEC
CW-040,9/22/2020,1:08:00 PM,mg/L,36,0.3,DHEC
CW-033,11/17/2020,10:10:00 AM,mg/L,16,0.3,DHEC
RS-14216,2/11/2020,1:54:00 PM,mg/L,19,0.3,DHEC
CW-016,8/25/2020,2:12:00 PM,mg/L,20,0.3,DHEC
CW-036,12/9/2020,12:04:00 PM,mg/L,91,0.3,DHEC
CW-014,4/14/2020,12:14:00 PM,mg/L,22,0.3,DHEC
CW-233,12/10/2020,1:19:00 PM,mg/L,45,0.3,DHEC
CW-072,6/30/2020,11:10:00 AM,mg/L,72,0.3,DHEC
RS-11056,3/2/2020,3:28:00 PM,mg/L,24,0.3,DHEC
CW-016,5/27/2020,10:45:00 AM,mg/L,22,0.3,DHEC
CW-057,10/12/2020,1:10:00 PM,mg/L,22,0.3,DHEC
CW-237,9/21/2020,10:40:00 AM,mg/L,10,0.3,DHEC
RL-02319,10/12/2020,11:17:00 AM,mg/L,20,0.3,DHEC
CW-236,8/26/2020,10:41:00 AM,mg/L,31,0.3,DHEC
RS-13152,5/5/2020,1:05:00 PM,mg/L,17,0.3,DHEC
RS-19476,3/3/2020,11:28:00 AM,mg/L,33,0.3,DHEC
CW-083,11/5/2020,10:23:00 AM,mg/L,56,0.3,DHEC
CW-021,9/21/2020,11:04:00 AM,mg/L,5.3,0.3,DHEC
CW-222,5/14/2020,10:37:00 AM,mg/L,23,0.3,DHEC
CW-019,3/11/2020,11:33:00 AM,mg/L,18,0.3,DHEC
CW-237,6/29/2020,10:35:00 AM,mg/L,11,0.3,DHEC
CW-207,6/18/2020,12:08:00 PM,mg/L,23,0.3,DHEC
RS-20536,3/11/2020,12:30:00 PM,mg/L,15,0.3,DHEC
LCT-03,10/14/2020,10:22:00 AM,mg/L,71,0.3,DHEC
LCT-03,12/10/2020,10:42:00 AM,mg/L,76,0.3,DHEC
CW-033,2/18/2020,11:58:00 AM,mg/L,19,0.3,DHEC
RS-17352,9/29/2020,1:44:00 PM,mg/L,46,0.3,DHEC
RS-20540,3/4/2020,1:12:00 PM,mg/L,33,0.3,DHEC
RS-11056,6/1/2020,1:30:00 PM,mg/L,27,0.3,DHEC
CW-082,9/21/2020,11:20:00 AM,mg/L,4.4,0.3,DHEC
CW-033,8/25/2020,12:53:00 PM,mg/L,20,0.3,DHEC
CW-057,2/19/2020,11:23:00 AM,mg/L,17,0.3,DHEC
CW-231,6/18/2020,1:49:00 PM,mg/L,24,0.3,DHEC
CW-208,6/18/2020,1:11:00 PM,mg/L,24,0.3,DHEC
RS-20540,6/10/2020,1:32:00 PM,mg/L,53,0.3,DHEC
CW-041,10/28/2020,3:06:00 PM,mg/L,21,0.3,DHEC
RS-19476,9/21/2020,10:13:00 AM,mg/L,41,0.3,DHEC
CW-016F,8/25/2020,2:26:00 PM,mg/L,20,0.3,DHEC
CW-017,5/13/2020,9:44:00 AM,mg/L,31,0.3,DHEC
CW-233,6/3/2020,2:21:00 PM,mg/L,39,0.3,DHEC
RS-14216,5/5/2020,12:40:00 PM,mg/L,37,0.3,DHEC
RS-20540,12/15/2020,1:05:00 PM,mg/L,51,0.3,DHEC
RS-14200,7/1/2020,11:26:00 AM,mg/L,32,0.3,DHEC
CW-250,6/29/2020,12:17:00 PM,mg/L,1.3,0.3,DHEC
CW-233,9/21/2020,1:30:00 PM,mg/L,38,0.3,DHEC
CW-082,6/29/2020,11:18:00 AM,mg/L,4.3,0.3,DHEC
CW-072,12/10/2020,11:01:00 AM,mg/L,56,0.3,DHEC
RS-13168,6/1/2020,9:40:00 AM,mg/L,46,0.3,DHEC
CW-041,7/8/2020,11:40:00 AM,mg/L,31,0.3,DHEC
CW-222,11/23/2020,11:10:00 AM,mg/L,18,0.3,DHEC
LCR-04,5/27/2020,11:28:00 AM,mg/L,21,0.3,DHEC
RL-02319,8/25/2020,12:45:00 PM,mg/L,19,0.3,DHEC
RS-17340,3/3/2020,1:40:00 PM,mg/L,23,0.3,DHEC
LCT-02,6/18/2020,12:35:00 PM,mg/L,66,0.3,DHEC
RS-14216,8/4/2020,2:12:00 PM,mg/L,45,0.3,DHEC
CW-252,12/10/2020,11:38:00 AM,mg/L,56,0.3,DHEC
CW-252,3/11/2020,2:15:00 PM,mg/L,35,0.3,DHEC
CW-174,10/12/2020,11:05:00 AM,mg/L,22,0.3,DHEC
CW-154,6/29/2020,9:40:00 AM,mg/L,3.8,0.3,DHEC
CW-040,12/10/2020,12:02:00 PM,mg/L,40,0.3,DHEC
CW-014,7/8/2020,1:20:00 PM,mg/L,18,0.3,DHEC
LCR-02,6/18/2020,1:32:00 PM,mg/L,24,0.3,DHEC
CW-036,3/25/2020,10:48:00 AM,mg/L,25,0.3,DHEC
CW-207B,6/18/2020,12:15:00 PM,mg/L,23,0.3,DHEC
RS-20536,10/14/2020,9:52:00 AM,mg/L,21,0.3,DHEC
RS-11056,9/1/2020,2:15:00 PM,mg/L,29,0.3,DHEC
CW-016F,5/27/2020,11:05:00 AM,mg/L,21,0.3,DHEC
CW-155,3/24/2020,9:35:00 AM,mg/L,8,0.3,DHEC
CW-041,2/18/2020,9:37:00 AM,mg/L,21,0.3,DHEC
LCR-04,11/17/2020,11:44:00 AM,mg/L,16,0.3,DHEC
CW-040,3/11/2020,2:40:00 PM,mg/L,23,0.3,DHEC
CW-021,3/24/2020,10:41:00 AM,mg/L,5.4,0.3,DHEC
CW-036,6/18/2020,11:40:00 AM,mg/L,89,0.3,DHEC
RS-19476,6/3/2020,10:59:00 AM,mg/L,37,0.3,DHEC
CW-021,6/29/2020,11:00:00 AM,mg/L,4.6,0.3,DHEC
CW-083,5/19/2020,10:53:00 AM,mg/L,31,0.3,DHEC
RS-14200,1/6/2020,8:50:00 AM,mg/L,19,0.3,DHEC
CW-019,6/30/2020,9:46:00 AM,mg/L,23,0.3,DHEC
RS-13168,3/2/2020,10:05:00 AM,mg/L,57,0.3,DHEC
RL-19149,10/12/2020,11:44:00 AM,mg/L,23,0.3,DHEC
CW-019,9/22/2020,10:05:00 AM,mg/L,20,0.3,DHEC
RL-02319,11/17/2020,9:54:00 AM,mg/L,18,0.3,DHEC
CW-040,6/30/2020,12:05:00 PM,mg/L,62,0.3,DHEC
RL-19149,11/17/2020,10:17:00 AM,mg/L,16,0.3,DHEC
RS-20540,9/16/2020,1:09:00 PM,mg/L,78,0.3,DHEC
CW-014,2/18/2020,11:20:00 AM,mg/L,16,0.3,DHEC
CW-154,3/24/2020,9:17:00 AM,mg/L,4.1,0.3,DHEC
LCT-03,6/30/2020,10:44:00 AM,mg/L,120,0.3,DHEC
CW-016F,10/12/2020,12:53:00 PM,mg/L,22,0.3,DHEC
CW-236,5/13/2020,1:24:00 PM,mg/L,33,0.3,DHEC
CW-251,3/11/2020,2:01:00 PM,mg/L,31,0.3,DHEC
CW-057,5/27/2020,11:40:00 AM,mg/L,21,0.3,DHEC
CW-072,10/14/2020,10:40:00 AM,mg/L,29,0.3,DHEC
RS-19476,12/10/2020,11:16:00 AM,mg/L,50,0.3,DHEC
RS-14216,11/4/2020,12:04:00 PM,mg/L,56,0.3,DHEC
RL-19149,2/18/2020,12:11:00 PM,mg/L,19,0.3,DHEC
LCT-03,3/11/2020,1:06:00 PM,mg/L,46,0.3,DHEC
CW-033,10/12/2020,11:35:00 AM,mg/L,23,0.3,DHEC
CW-251,10/14/2020,11:04:00 AM,mg/L,39,0.3,DHEC
CW-206,7/7/2020,11:27:00 AM,mg/L,24,0.3,DHEC
CW-057,11/17/2020,11:51:00 AM,mg/L,16,0.3,DHEC
CL-089,6/18/2020,10:41:00 AM,mg/L,21,0.3,DHEC
RL-02319,2/18/2020,11:43:00 AM,mg/L,20,0.3,DHEC
CW-174,11/17/2020,9:46:00 AM,mg/L,17,0.3,DHEC
LCR-04,8/25/2020,2:36:00 PM,mg/L,19,0.3,DHEC
CW-017,8/26/2020,9:02:00 AM,mg/L,29,0.3,DHEC
CW-155,6/29/2020,9:51:00 AM,mg/L,6.1,0.3,DHEC
CW-251,12/10/2020,11:24:00 AM,mg/L,51,0.3,DHEC
CW-016F,11/17/2020,11:30:00 AM,mg/L,15,0.3,DHEC
CW-082,3/24/2020,11:01:00 AM,mg/L,4.3,0.3,DHEC
LCT-02,3/25/2020,11:55:00 AM,mg/L,29,0.3,DHEC
RS-14200,10/5/2020,1:02:00 PM,mg/L,34,0.3,DHEC
LCR-04,2/19/2020,11:06:00 AM,mg/L,18,0.3,DHEC
RS-13168,9/1/2020,9:09:00 AM,mg/L,29,0.3,DHEC
CW-236,2/27/2020,1:18:00 PM,mg/L,25,0.3,DHEC
LCT-02,12/9/2020,9:57:00 AM,mg/L,64,0.3,DHEC
CW-155,9/21/2020,9:56:00 AM,mg/L,5.8,0.3,DHEC
CW-072,3/11/2020,1:34:00 PM,mg/L,34,0.3,DHEC
RS-17340,6/3/2020,1:24:00 PM,mg/L,30,0.3,DHEC
CW-237,3/24/2020,10:12:00 AM,mg/L,11,0.3,DHEC
RS-17352,3/25/2020,10:08:00 AM,mg/L,17,0.3,DHEC
CW-236,11/16/2020,12:41:00 PM,mg/L,37,0.3,DHEC
RL-21210,2/9/2021,2:22:00 PM,mg/L,24,0.3,DHEC
CW-016F,1/14/2021,1:30:00 PM,mg/L,29,0.3,DHEC
RL-21226,4/19/2021,12:42:00 PM,mg/L,23,0.3,DHEC
CW-207B,9/15/2021,11:31:00 AM,mg/L,28,0.3,DHEC
CW-036,3/4/2021,11:10:00 AM,mg/L,91,0.3,DHEC
LCR-02,12/7/2021,11:46:00 AM,mg/L,30,0.3,DHEC
CW-236,2/24/2021,9:52:00 AM,mg/L,27,0.3,DHEC
RS-21025,9/9/2021,1:58:00 PM,mg/L,43,0.3,DHEC
LCR-04,1/14/2021,2:15:00 PM,mg/L,23,0.3,DHEC
LCR-03,9/15/2021,11:57:00 AM,mg/L,26,0.3,DHEC
RL-21210,7/22/2021,10:37:00 AM,mg/L,30,0.3,DHEC
CW-014,8/2/2021,11:20:00 AM,mg/L,20,0.3,DHEC
CW-036,4/12/2021,11:25:00 AM,mg/L,82,0.3,DHEC
CW-016,10/18/2021,2:45:00 PM,mg/L,23,0.3,DHEC
CW-251,12/8/2021,12:37:00 PM,mg/L,86,0.3,DHEC
CW-016,7/22/2021,10:14:00 AM,mg/L,30,0.3,DHEC
LCT-03,9/2/2021,10:56:00 AM,mg/L,110,0.3,DHEC
LCR-04,7/22/2021,11:03:00 AM,mg/L,31,0.3,DHEC
RL-21226,1/14/2021,1:55:00 PM,mg/L,29,0.3,DHEC
CW-236,12/2/2021,11:52:00 AM,mg/L,53,0.3,DHEC
RS-21037,12/2/2021,12:50:00 PM,mg/L,29,0.3,DHEC
CW-019,3/4/2021,9:38:00 AM,mg/L,23,0.3,DHEC
LCR-02,6/29/2021,12:05:00 PM,mg/L,28,0.3,DHEC
CW-206,7/14/2021,10:09:00 AM,mg/L,25,0.3,DHEC
RS-21037,9/14/2021,3:02:00 PM,mg/L,31,0.3,DHEC
CW-019,6/7/2021,11:19:00 AM,mg/L,16,0.3,DHEC
CW-033,2/9/2021,11:03:00 AM,mg/L,25,0.3,DHEC
LCR-04,2/9/2021,2:50:00 PM,mg/L,26,0.3,DHEC
LWT-01,9/7/2021,1:33:00 PM,mg/L,18,0.3,DHEC
RS-21033,8/17/2021,9:34:00 AM,mg/L,7.8,0.3,DHEC
CW-014,1/12/2021,11:47:00 AM,mg/L,20,0.3,DHEC
LCR-04,4/19/2021,12:56:00 PM,mg/L,23,0.3,DHEC
RS-21025,6/8/2021,1:10:00 PM,mg/L,42,0.3,DHEC
CW-036,7/7/2021,12:03:00 PM,mg/L,120,0.3,DHEC
CW-222,11/15/2021,11:58:00 AM,mg/L,29,0.3,DHEC
CW-222,5/18/2021,11:21:00 AM,mg/L,25,0.3,DHEC
CW-233,1/25/2021,10:05:00 AM,mg/L,46,0.3,DHEC
CW-252,3/4/2021,11:05:00 AM,mg/L,54,0.3,DHEC
RS-17352,3/4/2021,10:47:00 AM,mg/L,66,0.3,DHEC
RS-21053,11/16/2021,12:25:00 PM,mg/L,43,0.3,DHEC
LWT-01,3/15/2021,10:12:00 AM,mg/L,18,0.3,DHEC
LCT-02,3/4/2021,11:58:00 AM,mg/L,64,0.3,DHEC
RS-21025,3/4/2021,8:48:00 AM,mg/L,35,0.3,DHEC
CW-222,8/26/2021,10:24:00 AM,mg/L,30,0.3,DHEC
CW-017,7/27/2021,9:34:00 AM,mg/L,34,0.3,DHEC
RL-21277,11/23/2021,10:24:00 AM,mg/L,30,0.3,DHEC
CW-231,10/14/2021,11:21:00 AM,mg/L,30,0.3,DHEC
LWT-01,6/16/2021,1:35:00 PM,mg/L,21,0.3,DHEC
CW-016,9/14/2021,9:54:00 AM,mg/L,26,0.3,DHEC
CW-019,9/2/2021,10:08:00 AM,mg/L,31,0.3,DHEC
CW-233,7/27/2021,10:00:00 AM,mg/L,39,0.3,DHEC
CW-208,6/29/2021,11:47:00 AM,mg/L,29,0.3,DHEC
CW-041,3/4/2021,9:15:00 AM,mg/L,29,0.3,DHEC
RS-21037,6/9/2021,10:32:00 AM,mg/L,29,0.3,DHEC
CW-080,10/13/2021,10:26:00 AM,mg/L,30,0.3,DHEC
CW-072,9/2/2021,11:35:00 AM,mg/L,87,0.3,DHEC
RL-21210,11/23/2021,12:02:00 PM,mg/L,27,0.3,DHEC
RL-21277,10/14/2021,12:31:00 PM,mg/L,29,0.3,DHEC
CW-251,6/7/2021,1:23:00 PM,mg/L,86,0.3,DHEC
CW-036,10/7/2021,11:27:00 AM,mg/L,100,0.3,DHEC
RS-21033,2/3/2021,9:50:00 AM,mg/L,3.9,0.3,DHEC
CW-174,7/22/2021,12:30:00 PM,mg/L,33,0.3,DHEC
CW-057,1/14/2021,2:25:00 PM,mg/L,24,0.3,DHEC
CW-072,6/7/2021,12:40:00 PM,mg/L,81,0.3,DHEC
CW-207B,12/7/2021,10:54:00 AM,mg/L,28,0.3,DHEC
RS-21033,12/8/2021,10:37:00 AM,mg/L,4.7,0.3,DHEC
CW-174,4/19/2021,10:35:00 AM,mg/L,24,0.3,DHEC
RS-19476,5/18/2021,12:00:00 PM,mg/L,46,0.3,DHEC
LCT-03,12/8/2021,11:48:00 AM,mg/L,140,0.3,DHEC
CW-072,12/8/2021,12:11:00 PM,mg/L,82,0.3,DHEC
RL-21226,11/23/2021,11:26:00 AM,mg/L,28,0.3,DHEC
CW-208,12/7/2021,11:27:00 AM,mg/L,30,0.3,DHEC
CW-057,4/19/2021,1:05:00 PM,mg/L,23,0.3,DHEC
CW-021,3/4/2021,9:24:00 AM,mg/L,4.2,0.3,DHEC
CW-033,1/14/2021,11:47:00 AM,mg/L,25,0.3,DHEC
CW-016,2/9/2021,1:59:00 PM,mg/L,23,0.3,DHEC
CW-174,10/14/2021,12:19:00 PM,mg/L,30,0.3,DHEC
CW-207,6/29/2021,11:14:00 AM,mg/L,28,0.3,DHEC
CW-231,7/22/2021,11:52:00 AM,mg/L,30,0.3,DHEC
CW-016F,2/9/2021,2:12:00 PM,mg/L,24,0.3,DHEC
RS-19476,8/23/2021,12:38:00 PM,mg/L,50,0.3,DHEC
CL-089,6/29/2021,10:33:00 AM,mg/L,28,0.3,DHEC
CW-174,1/14/2021,11:08:00 AM,mg/L,24,0.3,DHEC
CW-014,5/4/2021,10:40:00 AM,mg/L,19,0.3,DHEC
RL-21277,4/19/2021,10:48:00 AM,mg/L,24,0.3,DHEC
CW-252,12/8/2021,12:56:00 PM,mg/L,77,0.3,DHEC
RS-17352,7/7/2021,11:22:00 AM,mg/L,59,0.3,DHEC
LCT-03,3/4/2021,10:17:00 AM,mg/L,68,0.3,DHEC
CW-033,4/19/2021,11:00:00 AM,mg/L,23,0.3,DHEC
CW-019,12/8/2021,11:00:00 AM,mg/L,25,0.3,DHEC
RS-17352,10/7/2021,11:48:00 AM,mg/L,67,0.3,DHEC
CW-041,7/7/2021,10:16:00 AM,mg/L,35,0.3,DHEC
CW-207B,6/29/2021,11:08:00 AM,mg/L,28,0.3,DHEC
CW-174,2/9/2021,10:35:00 AM,mg/L,31,0.3,DHEC
CW-083,1/12/2021,9:50:00 AM,mg/L,41,0.3,DHEC
CW-016F,11/23/2021,11:53:00 AM,mg/L,27,0.3,DHEC
CW-017,2/24/2021,12:51:00 PM,mg/L,26,0.3,DHEC
RS-17352,4/12/2021,11:39:00 AM,mg/L,76,0.3,DHEC
CW-014,11/23/2021,2:20:00 PM,mg/L,20,0.3,DHEC
CW-233,10/5/2021,9:48:00 AM,mg/L,51,0.3,DHEC
CW-251,3/4/2021,10:55:00 AM,mg/L,45,0.3,DHEC
RL-21226,7/22/2021,10:46:00 AM,mg/L,34,0.3,DHEC
CW-057,10/18/2021,3:40:00 PM,mg/L,26,0.3,DHEC
CW-207,9/15/2021,11:42:00 AM,mg/L,26,0.3,DHEC
RS-19476,11/16/2021,12:56:00 PM,mg/L,52,0.3,DHEC
CW-083,12/9/2021,11:54:00 AM,mg/L,49,0.3,DHEC
RL-21277,2/9/2021,10:21:00 AM,mg/L,30,0.3,DHEC
RL-21226,2/9/2021,2:31:00 PM,mg/L,26,0.3,DHEC
CW-033,11/23/2021,10:34:00 AM,mg/L,30,0.3,DHEC
CW-033,7/22/2021,12:43:00 PM,mg/L,31,0.3,DHEC
CW-017,4/13/2021,9:00:00 AM,mg/L,43,0.3,DHEC
LCT-02,8/2/2021,10:58:00 AM,mg/L,62,0.3,DHEC
RS-19476,3/17/2021,11:41:00 AM,mg/L,53,0.3,DHEC
RS-21037,3/17/2021,10:25:00 AM,mg/L,22,0.3,DHEC
RS-21033,11/23/2021,9:40:00 AM,mg/L,4.8,0.3,DHEC
CW-016F,4/19/2021,12:30:00 PM,mg/L,23,0.3,DHEC
RL-21218,6/29/2021,10:55:00 AM,mg/L,29,0.3,DHEC
CW-206,10/12/2021,9:38:00 AM,mg/L,27,0.3,DHEC
CW-057,11/23/2021,12:22:00 PM,mg/L,30,0.3,DHEC
CW-206,1/20/2021,10:30:00 AM,mg/L,20,0.3,DHEC
CW-017,10/5/2021,9:11:00 AM,mg/L,29,0.3,DHEC
CW-208,9/15/2021,12:08:00 PM,mg/L,27,0.3,DHEC
CW-207,12/7/2021,10:44:00 AM,mg/L,28,0.3,DHEC
CW-041,5/4/2021,12:20:00 PM,mg/L,36,0.3,DHEC
LCT-02,11/23/2021,2:54:00 PM,mg/L,61,0.3,DHEC
LCT-03,6/7/2021,12:09:00 PM,mg/L,120,0.3,DHEC
CW-233,4/13/2021,9:40:00 AM,mg/L,52,0.3,DHEC
CW-016F,10/18/2021,2:59:00 PM,mg/L,24,0.3,DHEC
CW-057,2/9/2021,3:00:00 PM,mg/L,29,0.3,DHEC
LCT-02,5/4/2021,10:11:00 AM,mg/L,61,0.3,DHEC
CW-017,1/25/2021,2:20:00 PM,mg/L,39,0.3,DHEC
CW-174,11/23/2021,10:13:00 AM,mg/L,30,0.3,DHEC
RL-21210,10/18/2021,3:19:00 PM,mg/L,25,0.3,DHEC
LWT-01,12/15/2021,11:15:00 AM,mg/L,18,0.3,DHEC
CW-016F,7/22/2021,10:30:00 AM,mg/L,29,0.3,DHEC
CL-089,9/15/2021,10:54:00 AM,mg/L,28,0.3,DHEC
RL-21277,7/22/2021,12:21:00 PM,mg/L,34,0.3,DHEC
LCR-04,10/18/2021,3:33:00 PM,mg/L,25,0.3,DHEC
CW-072,3/4/2021,10:35:00 AM,mg/L,53,0.3,DHEC
CW-016,5/13/2021,12:10:00 PM,mg/L,26,0.3,DHEC
CW-057,7/22/2021,11:12:00 AM,mg/L,31,0.3,DHEC
RS-21025,12/9/2021,10:50:00 AM,mg/L,58,0.3,DHEC
LCR-02,9/15/2021,12:26:00 PM,mg/L,27,0.3,DHEC
CW-083,6/8/2021,12:22:00 PM,mg/L,25,0.3,DHEC
RL-21218,12/7/2021,10:30:00 AM,mg/L,28,0.3,DHEC
RL-21210,4/19/2021,12:35:00 PM,mg/L,22,0.3,DHEC
CW-041,10/7/2021,12:49:00 PM,mg/L,33,0.3,DHEC
CW-236,6/9/2021,10:05:00 AM,mg/L,54,0.3,DHEC
RL-21210,1/14/2021,1:45:00 PM,mg/L,28,0.3,DHEC
LCR-03,6/29/2021,11:29:00 AM,mg/L,28,0.3,DHEC
CW-206,4/19/2021,10:35:00 AM,mg/L,23,0.3,DHEC
CW-083,2/4/2021,12:01:00 PM,mg/L,43,0.3,DHEC
CW-080,7/22/2021,10:03:00 AM,mg/L,26,0.3,DHEC
LCR-04,11/23/2021,12:14:00 PM,mg/L,30,0.3,DHEC
CW-083,9/9/2021,1:03:00 PM,mg/L,69,0.3,DHEC
CL-089,12/7/2021,10:15:00 AM,mg/L,27,0.3,DHEC
RL-21277,1/14/2021,11:20:00 AM,mg/L,24,0.3,DHEC
RS-21053,5/18/2021,11:28:00 AM,mg/L,43,0.3,DHEC
RS-21053,8/23/2021,12:09:00 PM,mg/L,29,0.3,DHEC
RL-21226,10/18/2021,3:10:00 PM,mg/L,25,0.3,DHEC
LCR-03,12/7/2021,11:16:00 AM,mg/L,29,0.3,DHEC
CW-033,10/14/2021,12:40:00 PM,mg/L,32,0.3,DHEC
RL-21218,9/15/2021,11:18:00 AM,mg/L,29,0.3,DHEC
RS-21033,5/13/2021,9:42:00 AM,mg/L,4.8,0.3,DHEC
RS-21053,3/17/2021,11:05:00 AM,mg/L,29,0.3,DHEC
CW-236,9/14/2021,3:33:00 PM,mg/L,45,0.3,DHEC
CW-208,6/29/2022,11:08:00 AM,mg/L,29,0.3,DHEC
CW-174,7/14/2022,1:04:00 PM,mg/L,27,0.3,DHEC
CW-017,1/11/2022,10:22:00 AM,mg/L,29,0.3,DHEC
CW-041,1/11/2022,10:56:00 AM,mg/L,28,0.3,DHEC
CW-041,10/5/2022,11:59:00 AM,mg/L,33,0.3,DHEC
CW-036,1/11/2022,12:25:00 PM,mg/L,71,0.3,DHEC
CW-033,10/20/2022,3:24:00 PM,mg/L,31,0.3,DHEC
CW-016,4/5/2022,10:12:00 AM,mg/L,28,0.3,DHEC
CL-089,12/13/2022,9:53:00 AM,mg/L,29,0.3,DHEC
CW-252,7/14/2022,10:47:00 AM,mg/L,31,0.3,DHEC
LCR-02,9/21/2022,11:12:00 AM,mg/L,27,0.3,DHEC
CW-174,1/27/2022,1:52:00 PM,mg/L,33,0.3,DHEC
CW-174,10/20/2022,3:15:00 PM,mg/L,32,0.3,DHEC
CW-231,7/14/2022,12:32:00 PM,mg/L,28,0.3,DHEC
CW-019,1/11/2022,11:49:00 AM,mg/L,30,0.3,DHEC
CW-016,1/27/2022,11:28:00 AM,mg/L,29,0.3,DHEC
LWT-01,7/25/2022,3:12:00 PM,mg/L,20,0.3,DHEC
LCR-02,3/22/2022,12:54:00 PM,mg/L,29,0.3,DHEC
CW-014,11/14/2022,1:01:00 PM,mg/L,19,0.3,DHEC
CW-174,4/5/2022,12:34:00 PM,mg/L,28,0.3,DHEC
RL-22013,7/14/2022,11:10:00 AM,mg/L,31,0.3,DHEC
RL-22105,1/27/2022,2:08:00 PM,mg/L,35,0.3,DHEC
CW-017,4/12/2022,2:19:00 PM,mg/L,32,0.3,DHEC
CW-083,3/3/2022,1:43:00 PM,mg/L,51,0.3,DHEC
CW-041,4/12/2022,1:36:00 PM,mg/L,35,0.3,DHEC
CW-206,4/14/2022,10:02:00 AM,mg/L,22,0.3,DHEC
CW-208,12/13/2022,11:57:00 AM,mg/L,32,0.3,DHEC
LCR-04,1/27/2022,12:00:00 PM,mg/L,32,0.3,DHEC
CW-019,4/21/2022,12:30:00 PM,mg/L,22,0.3,DHEC
CW-251,3/3/2022,1:04:00 PM,mg/L,54,0.3,DHEC
CW-222,2/24/2022,10:51:00 AM,mg/L,33,0.3,DHEC
CW-033,4/5/2022,12:45:00 PM,mg/L,28,0.3,DHEC
CW-014,5/4/2022,10:10:00 AM,mg/L,160,0.3,DHEC
CW-208,3/22/2022,1:16:00 PM,mg/L,30,0.3,DHEC
CW-231,10/19/2022,11:58:00 AM,mg/L,30,0.3,DHEC
RS-22081,3/14/2022,2:18:00 PM,mg/L,2.7,0.3,DHEC
RL-22011,3/22/2022,10:31:00 AM,mg/L,31,0.3,DHEC
CW-251,9/14/2022,10:01:00 AM,mg/L,63,0.3,DHEC
CW-207B,3/22/2022,11:51:00 AM,mg/L,28,0.3,DHEC
CW-019,7/14/2022,9:30:00 AM,mg/L,27,0.3,DHEC
RL-22011,12/13/2022,10:02:00 AM,mg/L,29,0.3,DHEC
RL-22013,4/5/2022,10:39:00 AM,mg/L,27,0.3,DHEC
RL-22105,7/14/2022,1:19:00 PM,mg/L,30,0.3,DHEC
CW-017,10/5/2022,12:35:00 PM,mg/L,20,0.3,DHEC
CW-016,10/19/2022,10:27:00 AM,mg/L,36,0.3,DHEC
CW-222,8/18/2022,11:14:00 AM,mg/L,32,0.3,DHEC
CW-016F,1/27/2022,11:37:00 AM,mg/L,33,0.3,DHEC
LCR-04,10/19/2022,11:04:00 AM,mg/L,33,0.3,DHEC
RL-22013,10/19/2022,10:51:00 AM,mg/L,32,0.3,DHEC
CL-089,3/22/2022,10:24:00 AM,mg/L,30,0.3,DHEC
CW-057,10/19/2022,11:12:00 AM,mg/L,33,0.3,DHEC
LWT-01,10/18/2022,9:42:00 AM,mg/L,19,0.3,DHEC
CW-231,4/5/2022,11:59:00 AM,mg/L,29,0.3,DHEC
CW-057,7/14/2022,11:33:00 AM,mg/L,30,0.3,DHEC
CW-251,12/13/2022,1:28:00 PM,mg/L,58,0.3,DHEC
CW-057,4/5/2022,10:54:00 AM,mg/L,29,0.3,DHEC
CW-252,4/21/2022,1:40:00 PM,mg/L,35,0.3,DHEC
CW-016,7/14/2022,10:40:00 AM,mg/L,35,0.3,DHEC
CW-016F,7/14/2022,10:55:00 AM,mg/L,33,0.3,DHEC
CW-016F,4/5/2022,10:25:00 AM,mg/L,33,0.3,DHEC
CW-233,3/8/2022,2:15:00 PM,mg/L,50,0.3,DHEC
CW-222,11/8/2022,10:37:00 AM,mg/L,26,0.3,DHEC
LCR-04,4/5/2022,10:47:00 AM,mg/L,29,0.3,DHEC
LCR-02,6/29/2022,11:24:00 AM,mg/L,30,0.3,DHEC
RL-22011,9/21/2022,10:21:00 AM,mg/L,28,0.3,DHEC
CL-089,9/21/2022,10:05:00 AM,mg/L,28,0.3,DHEC
CW-014,2/10/2022,12:20:00 PM,mg/L,20,0.3,DHEC
CW-016F,10/19/2022,10:42:00 AM,mg/L,34,0.3,DHEC
RL-22109,4/5/2022,12:52:00 PM,mg/L,27,0.3,DHEC
CW-252,10/5/2022,10:48:00 AM,mg/L,72,0.3,DHEC
CW-207B,6/29/2022,10:45:00 AM,mg/L,28,0.3,DHEC
CW-222,5/25/2022,10:24:00 AM,mg/L,31,0.3,DHEC
LCR-04,7/14/2022,11:19:00 AM,mg/L,31,0.3,DHEC
CW-014,8/1/2022,10:42:00 AM,mg/L,23,0.3,DHEC
CW-233,12/7/2022,10:13:00 AM,mg/L,40,0.3,DHEC
CW-236,12/7/2022,10:50:00 AM,mg/L,40,0.3,DHEC
CW-033,1/27/2022,2:00:00 PM,mg/L,32,0.3,DHEC
CW-206,1/4/2022,10:24:00 AM,mg/L,24,0.3,DHEC
CW-208,9/21/2022,10:55:00 AM,mg/L,28,0.3,DHEC
CW-252,1/11/2022,12:59:00 PM,mg/L,53,0.3,DHEC
CW-041,7/6/2022,11:29:00 AM,mg/L,38,0.3,DHEC
CW-017,7/6/2022,12:06:00 PM,mg/L,27,0.3,DHEC
CW-036,4/12/2022,12:17:00 PM,mg/L,98,0.3,DHEC
CW-019,10/5/2022,12:28:00 PM,mg/L,26,0.3,DHEC
CW-251,6/2/2022,10:24:00 AM,mg/L,75,0.3,DHEC
CW-033,7/14/2022,1:15:00 PM,mg/L,30,0.3,DHEC
CW-206,7/7/2022,10:48:00 AM,mg/L,26,0.3,DHEC
CW-231,1/27/2022,1:16:00 PM,mg/L,33,0.3,DHEC
CW-206,10/12/2022,10:12:00 AM,mg/L,20,0.3,DHEC
CW-207B,9/21/2022,10:38:00 AM,mg/L,27,0.3,DHEC
LWT-01,1/19/2022,2:32:00 PM,mg/L,21,0.3,DHEC
LCR-02,12/13/2022,12:13:00 PM,mg/L,28,0.3,DHEC
RL-22011,6/29/2022,12:24:00 PM,mg/L,28,0.3,DHEC
RL-22013,1/27/2022,11:50:00 AM,mg/L,33,0.3,DHEC
RL-22105,10/20/2022,3:30:00 PM,mg/L,30,0.3,DHEC
LWT-01,4/4/2022,3:10:00 PM,mg/L,20,0.3,DHEC
CW-057,1/27/2022,12:08:00 PM,mg/L,32,0.3,DHEC
CL-089,6/29/2022,10:21:00 AM,mg/L,28,0.3,DHEC
CW-207B,12/13/2022,11:04:00 AM,mg/L,26,0.3,DHEC
CW-236,3/8/2022,1:48:00 PM,mg/L,45,0.3,DHEC
CW-016,1/31/2023,11:39:00 AM,mg/L,30,0.3,DHEC
LWT-01,1/30/2023,1:40:00 PM,mg/L,21,0.3,DHEC
CW-236,3/6/2023,1:20:00 PM,mg/L,44,0.3,DHEC
CW-206,1/4/2023,9:22:00 AM,mg/L,23,0.3,DHEC
CW-083,3/22/2023,1:30:00 PM,mg/L,61,0.3,DHEC
CW-036,1/4/2023,10:30:00 AM,mg/L,68,0.3,DHEC
CW-017,1/4/2023,8:25:00 AM,mg/L,34,0.3,DHEC
RS-23081,2/2/2023,11:28:00 AM,mg/L,3.2,0.3,DHEC
CW-041,1/4/2023,9:20:00 AM,mg/L,36,0.3,DHEC
CW-233,3/6/2023,1:51:00 PM,mg/L,46,0.3,DHEC
CW-019,1/12/2023,9:41:00 AM,mg/L,25,0.3,DHEC
RL-23045,4/11/2023,11:48:00 AM,mg/L,32,0.3,DHEC
CW-041,4/6/2023,9:50:00 AM,mg/L,36,0.3,DHEC
RL-23116,5/4/2023,10:05:00 AM,mg/L,27,0.3,DHEC
CW-057,5/4/2023,11:41:00 AM,mg/L,28,0.3,DHEC
CW-033,5/4/2023,10:02:00 AM,mg/L,26,0.3,DHEC
CL-089,4/11/2023,10:44:00 AM,mg/L,30,0.3,DHEC
CW-208,4/11/2023,1:33:00 PM,mg/L,33,0.3,DHEC
CW-017,4/6/2023,8:50:00 AM,mg/L,37,0.3,DHEC
LCR-02,4/11/2023,1:51:00 PM,mg/L,27,0.3,DHEC
CW-231,5/4/2023,9:27:00 AM,mg/L,27,0.3,DHEC
RL-23120,5/4/2023,10:13:00 AM,mg/L,27,0.3,DHEC
CW-036,4/6/2023,10:50:00 AM,mg/L,120,0.3,DHEC
CW-207B,4/11/2023,12:09:00 PM,mg/L,32,0.3,DHEC
RL-23029,4/11/2023,12:25:00 PM,mg/L,30,0.3,DHEC
CW-174,5/4/2023,9:54:00 AM,mg/L,28,0.3,DHEC
CW-016,4/13/2023,12:25:00 PM,mg/L,25,0.3,DHEC
LWT-01,4/12/2023,11:02:00 AM,mg/L,22,0.3,DHEC
CW-016F,5/4/2023,11:26:00 AM,mg/L,27,0.3,DHEC
CW-014,5/3/2023,12:15:00 PM,mg/L,24,0.3,DHEC
