StationID,ActivityStartDate,ActivityStartTime/Time,secchi_units,secchi,source
RL-11040,3/24/2011,11:15:00 AM,m,0.5,DHEC
CW-207,5/26/2011,10:50:00 AM,m,1,DHEC
CW-207,3/24/2011,10:35:00 AM,m,2,DHEC
CW-033,8/18/2011,12:00:00 PM,m,0.5,DHEC
RL-11040,5/26/2011,11:25:00 AM,m,0.5,DHEC
CL-089,5/26/2011,10:20:00 AM,m,1.1,DHEC
RL-11040,8/18/2011,10:45:00 AM,m,0.75,DHEC
CL-089,3/24/2011,9:55:00 AM,m,1,DHEC
CW-207,5/17/2012,11:10:00 AM,m,1,DHEC
CW-231,6/14/2012,11:35:00 AM,m,1,DHEC
CW-033,8/16/2012,11:30:00 AM,m,1,DHEC
RL-12125,8/16/2012,11:20:00 AM,m,1,DHEC
RL-12125,5/17/2012,12:40:00 PM,m,0.5,DHEC
CL-089,7/19/2012,11:50:00 AM,m,1.5,DHEC
CW-207,7/19/2012,12:15:00 PM,m,1,DHEC
RL-12056,6/14/2012,10:00:00 AM,m,1.5,DHEC
CL-089,5/17/2012,10:40:00 AM,m,1,DHEC
RL-12056,8/16/2012,10:20:00 AM,m,1,DHEC
RL-12125,7/19/2012,1:45:00 PM,m,0.75,DHEC
RL-12125,6/14/2012,11:00:00 AM,m,1.5,DHEC
RL-12056,7/19/2012,12:30:00 PM,m,0.75,DHEC
CW-033,6/14/2012,11:10:00 AM,m,1.5,DHEC
CL-089,7/18/2013,10:15:00 AM,m,2,DHEC
RL-13134,7/30/2013,10:31:00 AM,m,0.5,DHEC
RL-13084,1/17/2013,10:55:00 AM,m,1,DHEC
CW-016F,3/27/2013,11:00:00 AM,m,1,DHEC
CW-231,6/20/2013,12:00:00 PM,m,1.2,DHEC
RL-13134,6/20/2013,1:47:00 PM,m,1,DHEC
RL-13072,7/17/2013,12:11:00 PM,m,1.5,DHEC
CW-207,9/12/2013,11:55:00 AM,m,1.3,DHEC
RL-13072,8/21/2013,10:00:00 AM,m,0.5,DHEC
RL-13072,10/29/2013,1:00:00 PM,m,1.5,DHEC
RL-13072,6/20/2013,3:25:00 PM,m,1,DHEC
CW-016,7/17/2013,11:35:00 AM,m,1,DHEC
RL-13084,10/10/2013,10:40:00 AM,m,0.75,DHEC
CW-207,7/18/2013,11:50:00 AM,m,0.5,DHEC
CW-033,10/10/2013,12:45:00 PM,m,1,DHEC
CL-089,1/17/2013,10:15:00 AM,m,1.25,DHEC
CW-016F,7/17/2013,11:47:00 AM,m,1.5,DHEC
CW-207,1/17/2013,10:40:00 AM,m,1,DHEC
CW-057,7/17/2013,12:37:00 PM,m,1.5,DHEC
RL-13072,3/27/2013,11:15:00 AM,m,1,DHEC
CW-231,10/10/2013,12:15:00 PM,m,1,DHEC
CW-016,3/27/2013,10:46:00 AM,m,1,DHEC
RL-13084,6/20/2013,10:32:00 AM,m,1.2,DHEC
RL-13134,10/29/2013,10:53:00 AM,m,0.5,DHEC
RL-13084,9/12/2013,12:05:00 PM,m,1,DHEC
CW-057,3/27/2013,1:29:00 PM,m,1,DHEC
CW-033,6/20/2013,12:40:00 PM,m,1.03,DHEC
CL-089,9/12/2013,10:01:00 AM,m,2,DHEC
RL-13134,8/21/2013,11:07:00 AM,m,0.3,DHEC
CW-033,1/8/2014,1:11:00 PM,m,0.33,DHEC
RL-14155,12/11/2014,11:56:00 AM,m,0.75,DHEC
RL-14147,1/8/2014,1:02:00 PM,m,0.33,DHEC
CL-089,8/14/2014,9:52:00 AM,m,1,DHEC
RL-14155,7/16/2014,9:35:00 AM,m,0.9,DHEC
CW-033,7/16/2014,11:40:00 AM,m,0.7,DHEC
CW-016F,10/20/2014,11:30:00 AM,m,0.4,DHEC
CW-057,8/6/2014,11:08:00 AM,m,0.3,DHEC
CW-016F,6/11/2014,10:39:00 AM,m,2,DHEC
RL-14155,1/8/2014,10:28:00 AM,m,0.33,DHEC
CW-231,7/16/2014,12:10:00 PM,m,0.5,DHEC
RL-14155,8/14/2014,10:58:00 AM,m,0.75,DHEC
CW-207,12/11/2014,12:09:00 PM,m,0.5,DHEC
CW-057,6/11/2014,11:05:00 AM,m,2,DHEC
RL-14147,7/16/2014,11:25:00 AM,m,0.7,DHEC
CW-207,8/14/2014,10:46:00 AM,m,0.75,DHEC
RL-14147,12/11/2014,1:30:00 PM,m,0.75,DHEC
CW-016F,8/6/2014,10:30:00 AM,m,0.3,DHEC
CW-057,10/20/2014,12:08:00 PM,m,0.4,DHEC
RL-14147,8/14/2014,12:13:00 PM,m,0.5,DHEC
RL-15007,4/16/2015,12:17:00 PM,m,0.5,DHEC
RL-15007,11/19/2015,12:38:00 PM,m,0.1,DHEC
CW-231,4/16/2015,1:42:00 PM,m,0.25,DHEC
CL-089,2/19/2015,10:22:00 AM,m,0.75,DHEC
CW-231,2/19/2015,1:44:00 PM,m,0.5,DHEC
CW-207,4/16/2015,11:17:00 AM,m,0.75,DHEC
CL-089,11/19/2015,10:17:00 AM,m,0.25,DHEC
CW-231,6/18/2015,1:16:00 PM,m,1,DHEC
CL-089,4/16/2015,10:20:00 AM,m,1,DHEC
CW-207,11/19/2015,11:09:00 AM,m,0.25,DHEC
CW-231,6/30/2016,12:20:00 PM,m,0.8,DHEC
CW-174,6/8/2016,11:30:00 AM,m,0.5,DHEC
RL-16039,1/28/2016,11:39:00 AM,m,0.5,DHEC
CL-089,1/28/2016,10:30:00 AM,m,0.75,DHEC
CL-089,9/22/2016,10:38:00 AM,m,1.25,DHEC
RL-16039,6/30/2016,11:23:00 AM,m,0.9,DHEC
CW-033,6/8/2016,10:55:00 AM,m,0.5,DHEC
CW-231,4/21/2016,1:14:00 PM,m,1,DHEC
CW-231,12/7/2016,1:28:00 PM,m,0.5,DHEC
CL-089,6/30/2016,10:04:00 AM,m,1.5,DHEC
CW-057,6/9/2016,10:41:00 AM,m,0.4,DHEC
CL-089,4/21/2016,10:43:00 AM,m,1,DHEC
CW-207,6/30/2016,11:05:00 AM,m,1.2,DHEC
RL-16115,6/8/2016,11:15:00 AM,m,0.5,DHEC
RL-16039,8/30/2016,12:00:00 PM,m,0.5,DHEC
CW-207,9/22/2016,11:31:00 AM,m,0.75,DHEC
CW-016,6/9/2016,10:07:00 AM,m,0.4,DHEC
CW-207,1/28/2016,11:26:00 AM,m,0.5,DHEC
CL-089,8/30/2016,10:49:00 AM,m,1.5,DHEC
CW-207,4/21/2016,11:39:00 AM,m,0.75,DHEC
RL-16039,9/22/2016,11:44:00 AM,m,0.5,DHEC
RL-16039,4/21/2016,11:56:00 AM,m,0.75,DHEC
CL-089,12/7/2016,10:51:00 AM,m,1,DHEC
CW-207,8/30/2016,11:47:00 AM,m,0.75,DHEC
RL-16039,12/7/2016,12:27:00 PM,m,1,DHEC
CW-231,8/30/2016,1:06:00 PM,m,0.5,DHEC
CW-207,12/7/2016,12:07:00 PM,m,1,DHEC
RL-17055,12/5/2017,12:45:00 PM,m,0.75,DHEC
CW-016F,9/20/2017,11:09:00 AM,m,0.4,DHEC
CW-057,7/18/2017,12:31:00 PM,m,0.9,DHEC
RL-17071,9/20/2017,11:27:00 AM,m,0.4,DHEC
RL-17071,10/18/2017,11:21:00 AM,m,0.3,DHEC
CL-089,9/28/2017,11:22:00 AM,m,0.5,DHEC
CW-016,6/13/2017,10:16:00 AM,m,0.3,DHEC
RL-17055,8/24/2017,2:14:00 PM,m,0.75,DHEC
RL-17127,8/23/2017,11:15:00 AM,m,1,DHEC
CW-207,8/24/2017,1:58:00 PM,m,0.75,DHEC
RL-17127,7/13/2017,11:36:00 AM,m,0.7,DHEC
CW-207,1/30/2017,12:25:00 PM,m,0.5,DHEC
CL-089,10/25/2017,11:05:00 AM,m,1,DHEC
CW-231,5/16/2017,10:45:00 AM,m,0.3,DHEC
CW-207,7/27/2017,12:15:00 PM,m,0.75,DHEC
CW-057,9/20/2017,12:05:00 PM,m,0.6,DHEC
CW-057,10/18/2017,11:35:00 AM,m,0.3,DHEC
CW-033,5/16/2017,11:30:00 AM,m,0.3,DHEC
CW-016F,6/13/2017,10:41:00 AM,m,0.3,DHEC
CL-089,6/22/2017,11:39:00 AM,m,0.75,DHEC
CW-207,10/25/2017,12:07:00 PM,m,0.75,DHEC
CW-207,5/30/2017,1:00:00 PM,m,0.4,DHEC
CL-089,3/29/2017,11:33:00 AM,m,1.25,DHEC
CW-222,1/26/2017,11:46:00 AM,m,0.25,DHEC
RL-17127,6/14/2017,1:00:00 PM,m,1,DHEC
CL-089,7/27/2017,11:13:00 AM,m,1.25,DHEC
RL-17055,6/22/2017,12:51:00 PM,m,0.75,DHEC
CL-089,12/5/2017,11:35:00 AM,m,1.25,DHEC
CW-207,3/29/2017,12:30:00 PM,m,1,DHEC
RL-17055,3/29/2017,12:42:00 PM,m,1.25,DHEC
CW-231,6/14/2017,11:36:00 AM,m,1,DHEC
RL-17055,7/27/2017,12:25:00 PM,m,0.5,DHEC
CW-057,6/13/2017,11:36:00 AM,m,0.3,DHEC
CW-207,6/22/2017,12:41:00 PM,m,0.5,DHEC
RL-17055,10/25/2017,12:16:00 PM,m,0.75,DHEC
CL-089,8/24/2017,12:38:00 PM,m,0.75,DHEC
CW-207,9/28/2017,12:42:00 PM,m,0.5,DHEC
RL-17071,6/13/2017,11:01:00 AM,m,0.3,DHEC
CL-089,11/20/2017,12:00:00 PM,m,1,DHEC
CW-016F,7/18/2017,11:35:00 AM,m,0.6,DHEC
CW-174,8/23/2017,10:49:00 AM,m,0.3,DHEC
RL-17055,4/26/2017,12:22:00 PM,m,0.5,DHEC
CW-016F,10/18/2017,10:58:00 AM,m,0.3,DHEC
CL-089,1/30/2017,11:31:00 AM,m,0.75,DHEC
CW-174,7/13/2017,11:11:00 AM,m,0.7,DHEC
RL-17055,9/28/2017,12:53:00 PM,m,0.5,DHEC
CL-089,5/30/2017,1:20:00 PM,m,0.6,DHEC
CW-057,5/11/2017,11:55:00 AM,m,0.6,DHEC
RL-17071,7/18/2017,12:05:00 PM,m,0.6,DHEC
RL-17071,5/11/2017,11:35:00 AM,m,0.3,DHEC
CL-089,4/26/2017,11:15:00 AM,m,1,DHEC
CW-207,4/26/2017,12:12:00 PM,m,0.5,DHEC
CW-231,8/23/2017,9:52:00 AM,m,1,DHEC
RL-17055,1/30/2017,12:36:00 PM,m,0.5,DHEC
CW-231,10/19/2017,10:51:00 AM,m,0.4,DHEC
RL-17127,5/16/2017,12:04:00 PM,m,0.3,DHEC
CW-207,12/5/2017,12:35:00 PM,m,0.75,DHEC
RL-17055,5/30/2017,12:36:00 PM,m,0.4,DHEC
RL-17055,11/20/2017,1:07:00 PM,m,0.75,DHEC
CW-174,10/19/2017,12:19:00 PM,m,0.3,DHEC
CW-231,7/13/2017,10:26:00 AM,m,0.7,DHEC
CW-033,10/19/2017,12:31:00 PM,m,0.3,DHEC
CW-207,11/20/2017,12:55:00 PM,m,0.75,DHEC
CW-033,6/14/2017,12:48:00 PM,m,0.8,DHEC
CW-174,5/16/2017,11:46:00 AM,m,0.3,DHEC
CW-222,2/28/2017,11:11:00 AM,m,0.5,DHEC
RL-17127,10/19/2017,12:45:00 PM,m,0.3,DHEC
CW-174,6/14/2017,12:16:00 PM,m,0.8,DHEC
RL-17132,5/16/2017,9:45:00 AM,m,0.3,DHEC
CW-016F,5/11/2017,11:10:00 AM,m,0.6,DHEC
CW-033,7/13/2017,11:27:00 AM,m,0.6,DHEC
CW-033,8/23/2017,11:35:00 AM,m,1,DHEC
CW-207,2/27/2018,12:34:00 PM,m,0.75,DHEC
RL-18083,8/8/2018,12:25:00 PM,m,0.25,DHEC
CW-033,6/18/2018,10:06:00 AM,m,1,DHEC
CW-057,7/12/2018,10:46:00 AM,m,1,DHEC
RL-18146,5/31/2018,10:50:00 AM,m,1.2,DHEC
CL-089,1/29/2018,10:52:00 AM,m,1,DHEC
RL-18083,1/29/2018,12:12:00 PM,m,0.5,DHEC
CW-016F,10/23/2018,2:43:00 PM,m,0.3,DHEC
RL-18083,5/29/2018,11:33:00 AM,m,0.5,DHEC
RL-18083,2/27/2018,12:53:00 PM,m,0.5,DHEC
CL-089,5/29/2018,10:22:00 AM,m,1,DHEC
CL-089,7/26/2018,10:36:00 AM,m,1.25,DHEC
CW-033,10/23/2018,11:07:00 AM,m,0.3,DHEC
CL-089,3/15/2018,11:10:00 AM,m,1,DHEC
RL-18146,6/18/2018,10:21:00 AM,m,1,DHEC
RL-18083,7/26/2018,11:28:00 AM,m,0.5,DHEC
CW-033,7/16/2018,2:30:00 PM,m,1.5,DHEC
CW-231,8/7/2018,12:00:00 PM,m,0.6,DHEC
CW-057,10/23/2018,3:09:00 PM,m,0.6,DHEC
RL-18146,10/23/2018,10:27:00 AM,m,1,DHEC
CL-089,4/25/2018,11:11:00 AM,m,0.75,DHEC
CW-016F,7/12/2018,10:22:00 AM,m,1,DHEC
CW-207,11/14/2018,11:46:00 AM,m,0.5,DHEC
CL-089,8/8/2018,10:25:00 AM,m,1,DHEC
CW-174,6/18/2018,10:35:00 AM,m,0.7,DHEC
CW-231,5/31/2018,9:56:00 AM,m,0.4,DHEC
RL-18146,7/16/2018,2:45:00 PM,m,1.75,DHEC
CW-033,8/7/2018,1:05:00 PM,m,0.6,DHEC
CW-207,8/8/2018,12:03:00 PM,m,0.5,DHEC
CW-231,10/23/2018,9:53:00 AM,m,1,DHEC
CW-207,3/15/2018,12:28:00 PM,m,0.5,DHEC
CL-089,2/27/2018,11:12:00 AM,m,0.75,DHEC
CW-207,7/26/2018,11:09:00 AM,m,0.5,DHEC
CW-174,7/16/2018,2:55:00 PM,m,0.6,DHEC
CW-207,5/29/2018,11:15:00 AM,m,0.75,DHEC
CW-207,4/25/2018,12:16:00 PM,m,0.5,DHEC
CL-089,11/14/2018,10:41:00 AM,m,1,DHEC
CW-231,6/18/2018,11:25:00 AM,m,0.8,DHEC
CW-231,7/16/2018,1:40:00 PM,m,1.75,DHEC
CW-207,1/29/2018,11:47:00 AM,m,0.75,DHEC
CW-033,5/31/2018,10:35:00 AM,m,1.1,DHEC
CW-174,10/23/2018,10:46:00 AM,m,0.3,DHEC
RL-18146,8/7/2018,12:31:00 PM,m,0.6,DHEC
CW-174,8/7/2018,12:45:00 PM,m,0.6,DHEC
RL-18083,3/15/2018,12:50:00 PM,m,0.5,DHEC
RL-18083,11/14/2018,12:08:00 PM,m,0.25,DHEC
CW-174,5/31/2018,11:17:00 AM,m,0.3,DHEC
CW-207,1/10/2019,11:52:00 AM,m,0.25,DHEC
LCR-02,6/18/2019,2:20:00 PM,m,0.3,DHEC
RL-19149,7/2/2019,11:09:00 AM,m,1.75,DHEC
CW-057,9/3/2019,9:39:00 AM,m,0.7,DHEC
LCR-01,10/1/2019,12:03:00 PM,m,0.65,DHEC
LCR-04,9/3/2019,11:02:00 AM,m,0.8,DHEC
LCR-01,8/6/2019,1:10:00 PM,m,0.6,DHEC
CW-057F,8/20/2019,9:20:00 AM,m,0.82,DHEC
RL-19254,9/17/2019,10:59:00 AM,m,0.9,DHEC
RL-19166,12/16/2019,12:26:00 PM,m,0.5,DHEC
LCR-04,8/20/2019,10:32:00 AM,m,0.9,DHEC
CW-208,8/27/2019,1:03:00 PM,m,0.55,DHEC
LCR-05,10/15/2019,9:50:00 AM,m,0.35,DHEC
LCR-04,10/1/2019,10:56:00 AM,m,0.8,DHEC
CW-208,8/13/2019,3:58:00 PM,m,0.6,DHEC
RL-19254,12/10/2019,3:16:00 PM,m,1,DHEC
LCR-01,6/11/2019,2:00:00 PM,m,0.3,DHEC
CW-016F,3/27/2019,2:14:00 PM,m,1.6,DHEC
RL-19166,10/24/2019,12:04:00 PM,m,1,DHEC
LCR-01,9/3/2019,11:55:00 AM,m,0.5,DHEC
CW-057,7/9/2019,10:03:00 AM,m,1.1,DHEC
CW-057,8/20/2019,9:20:00 AM,m,0.82,DHEC
CW-033,12/10/2019,2:47:00 PM,m,1,DHEC
CW-057,10/22/2019,2:18:00 PM,m,0.4,DHEC
CW-208,10/23/2019,2:16:00 PM,m,0.7,DHEC
RL-19166,6/3/2019,12:56:00 PM,m,0.5,DHEC
LCR-05,10/29/2019,10:35:00 AM,m,0.75,DHEC
CW-231,2/21/2019,1:22:00 PM,m,0.6,DHEC
CW-057,8/6/2019,10:06:00 AM,m,0.8,DHEC
CW-057,6/25/2019,10:27:00 AM,m,0.8,DHEC
CL-089,10/23/2019,9:19:00 AM,m,1.2,DHEC
CW-016,3/27/2019,2:00:00 PM,m,1.2,DHEC
CW-231,3/27/2019,9:33:00 AM,m,1.2,DHEC
LCR-05,9/17/2019,10:58:00 AM,m,0.7,DHEC
LCR-02,7/15/2019,1:19:00 PM,m,0.8,DHEC
RL-19149,2/28/2019,9:55:00 AM,m,0.4,DHEC
CW-057,7/2/2019,2:27:00 PM,m,1.75,DHEC
CW-057,7/25/2019,10:07:00 AM,m,0.8,DHEC
CW-207,7/30/2019,11:58:00 AM,m,0.75,DHEC
CW-207,11/13/2019,11:58:00 AM,m,0.75,DHEC
CW-174,12/10/2019,2:31:00 PM,m,0.6,DHEC
LCR-05,10/1/2019,10:26:00 AM,m,0.85,DHEC
LCR-01,7/9/2019,12:42:00 PM,m,0.6,DHEC
CW-057,2/21/2019,11:53:00 AM,m,0.4,DHEC
RL-19258,12/10/2019,9:58:00 AM,m,1.1,DHEC
CW-057,6/11/2019,10:47:00 AM,m,0.4,DHEC
CW-207,12/16/2019,11:22:00 AM,m,0.5,DHEC
CW-057,3/27/2019,2:31:00 PM,m,2,DHEC
CW-231,10/22/2019,9:44:00 AM,m,0.5,DHEC
RL-19258,3/27/2019,1:07:00 PM,m,0.8,DHEC
LCR-01,10/15/2019,10:49:00 AM,m,0.6,DHEC
CW-207B,7/30/2019,10:44:00 AM,m,0.9,DHEC
CW-033,8/15/2019,10:24:00 AM,m,0.4,DHEC
CL-089,8/13/2019,10:12:00 AM,m,1.2,DHEC
CW-231,5/8/2019,9:46:00 AM,m,0.6,DHEC
CW-016,2/21/2019,11:22:00 AM,m,0.4,DHEC
CW-016F,2/21/2019,11:39:00 AM,m,0.3,DHEC
RL-19166,9/9/2019,12:16:00 PM,m,0.5,DHEC
CW-174,2/21/2019,2:25:00 PM,m,0.3,DHEC
CL-089,8/8/2019,11:06:00 AM,m,0.75,DHEC
RL-19254,5/8/2019,11:07:00 AM,m,0.6,DHEC
CW-207,9/9/2019,11:31:00 AM,m,0.5,DHEC
CL-089,12/16/2019,10:26:00 AM,m,1,DHEC
CL-089,10/8/2019,9:20:00 AM,m,1.15,DHEC
LCR-02,10/23/2019,11:44:00 AM,m,0.65,DHEC
LCR-05,8/6/2019,11:38:00 AM,m,0.6,DHEC
RL-19166,2/6/2019,1:02:00 PM,m,0.25,DHEC
CW-231,12/10/2019,1:57:00 PM,m,0.9,DHEC
CW-207B,10/23/2019,10:25:00 AM,m,0.9,DHEC
RL-19149,3/27/2019,10:52:00 AM,m,0.8,DHEC
LCR-04F,8/20/2019,10:32:00 AM,m,0.9,DHEC
LCR-04F,8/20/2019,10:32:00 AM,m,0.9,DHEC
CL-089,8/27/2019,8:57:00 AM,m,1.02,DHEC
RL-19166,7/30/2019,12:57:00 PM,m,0.5,DHEC
CW-016F,10/22/2019,1:56:00 PM,m,0.4,DHEC
LCR-04,6/11/2019,1:05:00 PM,m,0.3,DHEC
CW-016F,9/17/2019,1:25:00 PM,m,0.4,DHEC
LCR-05,6/25/2019,12:13:00 PM,m,0.6,DHEC
CW-033,3/27/2019,10:35:00 AM,m,0.6,DHEC
LCR-04,8/6/2019,12:07:00 PM,m,0.65,DHEC
LCR-04,10/15/2019,10:14:00 AM,m,0.55,DHEC
CW-174,3/27/2019,10:22:00 AM,m,0.6,DHEC
LCR-03,8/27/2019,12:30:00 PM,m,0.55,DHEC
CL-089,7/30/2019,9:38:00 AM,m,1.2,DHEC
CW-033,7/2/2019,10:52:00 AM,m,1,DHEC
CL-089,7/30/2019,10:52:00 AM,m,1,DHEC
CW-057,10/29/2019,9:18:00 AM,m,0.7,DHEC
LCR-02,9/24/2019,11:59:00 AM,m,0.45,DHEC
CW-207,8/8/2019,12:16:00 PM,m,0.75,DHEC
CW-208,9/24/2019,2:17:00 PM,m,0.5,DHEC
CL-089,1/10/2019,10:57:00 AM,m,0.5,DHEC
LCR-05,6/11/2019,12:32:00 PM,m,0.6,DHEC
LCR-04,7/9/2019,12:02:00 PM,m,0.95,DHEC
LCR-03,10/23/2019,1:13:00 PM,m,0.7,DHEC
LCR-01F,8/20/2019,12:13:00 PM,m,0.53,DHEC
RL-19149,10/22/2019,11:03:00 AM,m,0.9,DHEC
CW-207B,8/13/2019,11:37:00 AM,m,1,DHEC
LCR-03,10/8/2019,1:36:00 PM,m,0.65,DHEC
CW-207B,8/27/2019,9:58:00 AM,m,0.8,DHEC
CW-174,9/17/2019,10:28:00 AM,m,0.9,DHEC
CW-057,8/29/2019,12:08:00 PM,m,0.4,DHEC
CL-089,6/18/2019,10:22:00 AM,m,1,DHEC
CL-089,2/6/2019,11:02:00 AM,m,0.25,DHEC
CW-033,9/17/2019,10:43:00 AM,m,0.9,DHEC
RL-19166,8/8/2019,1:17:00 PM,m,0.75,DHEC
LCR-04,6/25/2019,12:50:00 PM,m,0.7,DHEC
CW-208,6/18/2019,5:41:00 PM,m,0.7,DHEC
LCR-03,6/18/2019,4:37:00 PM,m,0.5,DHEC
CL-089,6/3/2019,11:09:00 AM,m,1.25,DHEC
CW-174,7/2/2019,10:36:00 AM,m,1,DHEC
RL-19149,5/8/2019,10:50:00 AM,m,0.4,DHEC
CW-207,6/3/2019,12:08:00 PM,m,0.75,DHEC
CL-089,7/15/2019,10:31:00 AM,m,0.9,DHEC
LCR-05,7/9/2019,11:31:00 AM,m,0.9,DHEC
CW-033,10/22/2019,10:49:00 AM,m,0.5,DHEC
RL-19258,8/29/2019,2:40:00 AM,m,0.3,DHEC
CL-089,9/9/2019,10:33:00 AM,m,1.5,DHEC
LCR-01,7/25/2019,1:20:00 PM,m,0.6,DHEC
CW-057,10/15/2019,9:02:00 AM,m,0.7,DHEC
LCR-05F,8/20/2019,11:08:00 AM,m,0.65,DHEC
CW-057,12/10/2019,11:20:00 AM,m,1,DHEC
LCR-02,10/8/2019,11:34:00 AM,m,0.6,DHEC
LCR-05,8/20/2019,11:08:00 AM,m,0.65,DHEC
CW-016F,8/29/2019,11:42:00 AM,m,0.4,DHEC
CW-207B,10/8/2019,10:19:00 AM,m,0.75,DHEC
RL-19166,1/10/2019,12:45:00 PM,m,0.25,DHEC
CW-057,10/1/2019,9:28:00 AM,m,0.8,DHEC
CW-057,5/8/2019,3:08:00 PM,m,1.2,DHEC
RL-19254,8/15/2019,10:36:00 AM,m,0.4,DHEC
LCR-03,9/24/2019,1:13:00 PM,m,0.65,DHEC
CW-057F,8/20/2019,9:20:00 AM,m,0.82,DHEC
LCR-04,8/20/2019,10:32:00 AM,m,0.9,DHEC
CL-089,11/13/2019,10:54:00 AM,m,1,DHEC
RL-19254,3/27/2019,11:00:00 AM,m,0.6,DHEC
LCR-03,7/30/2019,1:43:00 PM,m,0.8,DHEC
LCR-01,8/20/2019,12:13:00 PM,m,0.53,DHEC
LCR-03,8/13/2019,2:26:00 PM,m,0.9,DHEC
CL-089,9/24/2019,9:45:00 AM,m,1.2,DHEC
RL-19258,5/8/2019,1:38:00 PM,m,0.6,DHEC
LCR-01,6/25/2019,2:00:00 PM,m,0.7,DHEC
CW-208,7/30/2019,2:58:00 PM,m,0.7,DHEC
RL-19254,2/21/2019,1:47:00 PM,m,0.4,DHEC
LCR-04,9/17/2019,11:48:00 AM,m,0.65,DHEC
CW-207B,7/15/2019,11:43:00 AM,m,1,DHEC
CW-174,10/22/2019,10:36:00 AM,m,0.7,DHEC
CW-231,8/15/2019,9:26:00 AM,m,0.6,DHEC
CW-057,9/17/2019,9:59:00 AM,m,0.85,DHEC
RL-19149,8/15/2019,10:45:00 AM,m,0.4,DHEC
RL-19258,7/2/2019,12:54:00 PM,m,1.5,DHEC
CW-016,5/8/2019,2:25:00 PM,m,0.9,DHEC
RL-19254,7/2/2019,11:22:00 AM,m,1.75,DHEC
LCR-04,7/25/2019,12:16:00 PM,m,0.8,DHEC
CW-016,12/10/2019,10:45:00 AM,m,1.5,DHEC
LCR-03,7/15/2019,2:30:00 PM,m,0.95,DHEC
LCR-02,7/30/2019,12:52:00 PM,m,0.5,DHEC
LCR-05,9/3/2019,10:34:00 AM,m,0.8,DHEC
RL-19258,2/21/2019,10:08:00 AM,m,0.3,DHEC
CW-208,10/8/2019,1:03:00 PM,m,0.6,DHEC
RL-19254,10/22/2019,11:14:00 AM,m,1,DHEC
CW-057,9/17/2019,1:50:00 PM,m,0.7,DHEC
CW-231,9/17/2019,9:36:00 AM,m,1,DHEC
CW-057,8/20/2019,9:20:00 AM,m,0.82,DHEC
CW-208,7/15/2019,3:51:00 PM,m,0.7,DHEC
RL-19166,11/13/2019,1:00:00 PM,m,0.75,DHEC
CW-033,5/8/2019,10:36:00 AM,m,0.3,DHEC
LCR-01,9/17/2019,12:31:00 PM,m,0.5,DHEC
CW-174,5/8/2019,10:19:00 AM,m,0.3,DHEC
CW-174,8/15/2019,10:06:00 AM,m,0.3,DHEC
CW-207,10/24/2019,11:25:00 AM,m,0.75,DHEC
LCR-02,8/27/2019,11:14:00 AM,m,0.44,DHEC
LCR-01,10/29/2019,11:04:00 AM,m,0.75,DHEC
LCR-02,8/13/2019,1:19:00 PM,m,0.6,DHEC
CW-231,7/2/2019,9:37:00 AM,m,1,DHEC
CW-033,2/21/2019,2:06:00 PM,m,0.4,DHEC
CW-207B,6/18/2019,12:05:00 PM,m,0.9,DHEC
CW-016F,12/10/2019,11:00:00 AM,m,0.8,DHEC
CW-207B,9/24/2019,10:45:00 AM,m,0.8,DHEC
RL-19149,12/10/2019,3:05:00 PM,m,1.1,DHEC
CW-016F,5/8/2019,2:47:00 PM,m,1,DHEC
LCR-05,7/25/2019,11:46:00 AM,m,0.4,DHEC
CW-016F,7/2/2019,2:04:00 PM,m,1.5,DHEC
CW-207,2/6/2019,12:06:00 PM,m,0.5,DHEC
RL-19149,9/17/2019,11:10:00 AM,m,0.9,DHEC
LCR-04,10/29/2019,10:02:00 AM,m,0.7,DHEC
RL-02319,12/2/2020,9:46:00 AM,m,0.3,DHEC
CW-207B,12/15/2020,11:08:00 AM,m,0.75,DHEC
CW-174,12/2/2020,9:37:00 AM,m,0.3,DHEC
CW-174,11/17/2020,9:46:00 AM,m,0.1,DHEC
CW-231,6/29/2020,12:38:00 PM,m,0.65,DHEC
CL-089,7/14/2020,10:03:00 AM,m,1,DHEC
RL-02319,3/25/2020,10:07:00 AM,m,0.4,DHEC
CW-231,4/22/2020,1:40:00 PM,m,0.5,DHEC
CW-207,2/19/2020,12:29:00 PM,m,0.25,DHEC
LCR-02,12/15/2020,11:55:00 AM,m,0.5,DHEC
LCR-02,6/2/2020,1:17:00 PM,m,0.35,DHEC
CW-207B,10/20/2020,11:12:00 AM,m,0.55,DHEC
CW-033,5/28/2020,10:56:00 AM,m,0.25,DHEC
CW-208,9/22/2020,12:03:00 PM,m,0.5,DHEC
LCR-03,7/27/2020,12:31:00 PM,m,0.8,DHEC
LCR-04,6/29/2020,8:54:00 AM,m,0.8,DHEC
LCR-02,7/27/2020,1:37:00 PM,m,0.5,DHEC
CW-033,7/14/2020,10:50:00 AM,m,1,DHEC
CW-208,3/18/2020,1:52:00 PM,m,0.75,DHEC
CL-089,2/19/2020,10:21:00 AM,m,0,DHEC
LCR-03,10/20/2020,11:42:00 AM,m,0.55,DHEC
LCR-03,1/16/2020,1:03:00 PM,m,0,DHEC
CL-089,3/18/2020,11:16:00 AM,m,0.5,DHEC
LCR-02,7/13/2020,1:04:00 PM,m,0.5,DHEC
CW-207B,5/12/2020,12:02:00 PM,m,0.25,DHEC
LCR-02,10/27/2020,12:05:00 PM,m,0.5,DHEC
LCR-02,7/14/2020,12:40:00 PM,m,0.5,DHEC
CW-231,9/22/2020,1:04:00 PM,m,0.45,DHEC
CW-207,5/12/2020,11:52:00 AM,m,0.25,DHEC
LCR-03,6/16/2020,11:48:00 AM,m,0.6,DHEC
CW-174,10/12/2020,11:05:00 AM,m,0.25,DHEC
CW-231,7/14/2020,1:05:00 PM,m,1,DHEC
CW-231,10/20/2020,1:06:00 PM,m,0.55,DHEC
CW-231,7/13/2020,1:38:00 PM,m,0.45,DHEC
CW-207B,1/16/2020,12:46:00 PM,m,0,DHEC
RL-02319,11/17/2020,9:54:00 AM,m,0.1,DHEC
CW-231,7/27/2020,2:13:00 PM,m,0.45,DHEC
CW-231,9/8/2020,1:33:00 PM,m,0.6,DHEC
LCR-03,10/5/2020,11:55:00 AM,m,0.5,DHEC
RL-02319,4/9/2020,10:13:00 AM,m,1.75,DHEC
RL-19149,6/25/2020,1:27:00 PM,m,0.4,DHEC
RL-20198,2/19/2020,10:40:00 AM,m,0.25,DHEC
CW-033,12/2/2020,9:54:00 AM,m,0.2,DHEC
CW-231,10/5/2020,1:13:00 PM,m,0.4,DHEC
CW-208,8/10/2020,11:44:00 AM,m,0.7,DHEC
CW-016F,7/14/2020,12:16:00 PM,m,1.25,DHEC
LCR-04,10/12/2020,1:03:00 PM,m,0.9,DHEC
CW-033,6/25/2020,1:15:00 PM,m,0.4,DHEC
CW-208,7/13/2020,12:29:00 PM,m,0.45,DHEC
RL-19149,3/25/2020,10:32:00 AM,m,1.5,DHEC
LCR-04,11/17/2020,11:44:00 AM,m,0.1,DHEC
LCR-03,2/19/2020,12:52:00 PM,m,0.5,DHEC
CW-207B,10/5/2020,11:27:00 AM,m,0.6,DHEC
CW-207B,6/29/2020,10:23:00 AM,m,0.9,DHEC
CW-174,5/28/2020,10:23:00 AM,m,0.25,DHEC
CW-016F,12/2/2020,11:22:00 AM,m,0.7,DHEC
CW-016F,5/27/2020,11:05:00 AM,m,0.5,DHEC
RL-19149,11/17/2020,10:17:00 AM,m,0.1,DHEC
CW-057,4/9/2020,12:22:00 PM,m,2,DHEC
CW-016,4/9/2020,11:35:00 AM,m,2,DHEC
CW-033,4/9/2020,10:23:00 AM,m,2,DHEC
LCR-03,6/29/2020,11:02:00 AM,m,0.7,DHEC
RL-20198,4/22/2020,10:20:00 AM,m,0.5,DHEC
CW-207B,9/22/2020,11:12:00 AM,m,0.5,DHEC
CW-016F,10/12/2020,12:53:00 PM,m,0.05,DHEC
CW-033,11/17/2020,10:10:00 AM,m,0.1,DHEC
CW-057,3/25/2020,1:58:00 PM,m,2,DHEC
LCR-03,9/8/2020,12:02:00 PM,m,0.6,DHEC
CW-207B,4/22/2020,11:37:00 AM,m,0.25,DHEC
LCR-04,7/14/2020,12:27:00 PM,m,1,DHEC
CW-208,10/20/2020,12:08:00 PM,m,0.65,DHEC
CW-208,10/27/2020,11:46:00 AM,m,0.75,DHEC
LCR-03,10/27/2020,11:34:00 AM,m,0.5,DHEC
RL-02319,5/28/2020,10:46:00 AM,m,0.25,DHEC
RL-20198,5/12/2020,10:47:00 AM,m,0.5,DHEC
CW-033,9/14/2020,10:57:00 AM,m,0.5,DHEC
CL-089,10/27/2020,9:46:00 AM,m,1,DHEC
CW-057,12/2/2020,11:42:00 AM,m,0.2,DHEC
LCR-04,8/10/2020,9:23:00 AM,m,0.75,DHEC
CW-208,9/8/2020,12:28:00 PM,m,0.7,DHEC
LCR-04,9/8/2020,9:47:00 AM,m,0.5,DHEC
CW-174,3/25/2020,9:52:00 AM,m,1,DHEC
CW-057,11/17/2020,11:51:00 AM,m,0.1,DHEC
LCR-02,3/18/2020,2:13:00 PM,m,0.5,DHEC
CW-231,6/16/2020,1:20:00 PM,m,0.6,DHEC
CW-016F,3/25/2020,1:24:00 PM,m,1.5,DHEC
CW-208,6/16/2020,12:13:00 PM,m,0.7,DHEC
LCR-02,10/5/2020,12:47:00 PM,m,0.5,DHEC
CW-207,10/27/2020,11:16:00 AM,m,0.75,DHEC
RL-19149,5/28/2020,11:10:00 AM,m,0.4,DHEC
CW-208,2/19/2020,1:04:00 PM,m,0.25,DHEC
LCR-04,5/27/2020,11:28:00 AM,m,0.5,DHEC
LCR-03,3/18/2020,1:42:00 PM,m,0.5,DHEC
CW-016F,4/9/2020,11:54:00 AM,m,1.75,DHEC
CW-208,4/22/2020,12:56:00 PM,m,0.25,DHEC
LCR-03,5/12/2020,1:06:00 PM,m,0.25,DHEC
CW-207B,7/27/2020,11:57:00 AM,m,1.05,DHEC
LCR-02,9/8/2020,1:03:00 PM,m,0.6,DHEC
CW-207,4/22/2020,11:31:00 AM,m,0.25,DHEC
LCR-03,7/14/2020,12:11:00 PM,m,1,DHEC
CW-207B,6/2/2020,11:28:00 AM,m,0.4,DHEC
CW-208,7/27/2020,12:57:00 PM,m,0.8,DHEC
CW-207B,2/19/2020,12:35:00 PM,m,0,DHEC
CW-207B,6/16/2020,11:12:00 AM,m,0.75,DHEC
RL-19149,4/9/2020,10:45:00 AM,m,1.5,DHEC
CW-207,1/16/2020,12:38:00 PM,m,0,DHEC
CL-089,5/12/2020,10:34:00 AM,m,0.25,DHEC
CL-089,4/22/2020,10:07:00 AM,m,0.5,DHEC
CW-231,6/2/2020,1:56:00 PM,m,0.35,DHEC
CW-033,3/25/2020,10:20:00 AM,m,0.6,DHEC
LCR-02,9/22/2020,12:35:00 PM,m,0.4,DHEC
LCR-04,10/20/2020,9:08:00 AM,m,0.55,DHEC
CW-208,6/29/2020,11:29:00 AM,m,0.7,DHEC
LCR-03,7/13/2020,11:49:00 AM,m,0.85,DHEC
LCR-02,8/10/2020,12:22:00 PM,m,0.65,DHEC
CW-174,6/25/2020,12:50:00 PM,m,0.4,DHEC
CW-208,10/5/2020,12:17:00 PM,m,0.5,DHEC
LCR-03,9/22/2020,11:40:00 AM,m,0.4,DHEC
CW-207B,9/8/2020,11:33:00 AM,m,0.7,DHEC
LCR-02,6/29/2020,12:06:00 PM,m,0.65,DHEC
CW-057,5/27/2020,11:40:00 AM,m,0.5,DHEC
LCR-04,10/5/2020,9:40:00 AM,m,0.5,DHEC
CW-231,5/12/2020,1:57:00 PM,m,0.5,DHEC
CW-208,7/14/2020,12:20:00 PM,m,1,DHEC
RL-02319,9/14/2020,10:50:00 AM,m,0.5,DHEC
RL-19149,10/12/2020,11:44:00 AM,m,0.1,DHEC
RL-20198,7/14/2020,10:19:00 AM,m,1,DHEC
RL-19149,7/14/2020,12:36:00 PM,m,1.25,DHEC
CW-231,8/10/2020,12:53:00 PM,m,0.6,DHEC
CW-207,3/18/2020,12:42:00 PM,m,0.75,DHEC
RL-02319,10/12/2020,11:17:00 AM,m,0.25,DHEC
CW-207B,7/13/2020,10:59:00 AM,m,1,DHEC
LCR-03,8/10/2020,11:21:00 AM,m,0.8,DHEC
RL-19149,9/14/2020,11:03:00 AM,m,0.7,DHEC
LCR-04,3/25/2020,1:44:00 PM,m,2,DHEC
CW-057,7/14/2020,10:57:00 AM,m,1,DHEC
CW-207B,8/10/2020,10:50:00 AM,m,0.95,DHEC
CW-174,7/14/2020,10:32:00 AM,m,1,DHEC
CW-174,9/14/2020,10:43:00 AM,m,0.5,DHEC
LCR-04,4/9/2020,12:09:00 PM,m,1.75,DHEC
CW-207B,3/18/2020,12:50:00 PM,m,0.5,DHEC
CW-208,12/15/2020,11:33:00 AM,m,0.75,DHEC
LCR-04,7/27/2020,10:20:00 AM,m,0.6,DHEC
LCR-02,6/16/2020,12:53:00 PM,m,0.7,DHEC
CW-231,10/27/2020,12:18:00 PM,m,0.25,DHEC
LCR-03,4/22/2020,12:48:00 PM,m,0.25,DHEC
RL-02319,7/14/2020,10:42:00 AM,m,0.5,DHEC
LCR-04,9/22/2020,9:14:00 AM,m,0.45,DHEC
LCR-02,2/19/2020,1:27:00 PM,m,0.25,DHEC
LCR-02,10/20/2020,12:39:00 PM,m,0.5,DHEC
LCR-04,6/2/2020,9:54:00 AM,m,0.4,DHEC
CW-208,5/12/2020,1:17:00 PM,m,0.5,DHEC
CW-207B,7/14/2020,11:26:00 AM,m,1,DHEC
RL-19149,12/2/2020,10:00:00 AM,m,0.25,DHEC
RL-20198,3/18/2020,11:36:00 AM,m,1,DHEC
RL-02319,6/25/2020,1:05:00 PM,m,0.4,DHEC
LCR-03,12/15/2020,11:25:00 AM,m,0.5,DHEC
CW-207B,10/27/2020,11:21:00 AM,m,0.75,DHEC
RL-20198,1/16/2020,10:40:00 AM,m,0.5,DHEC
CW-207,7/14/2020,11:20:00 AM,m,1,DHEC
CW-208,1/16/2020,12:21:00 PM,m,0.25,DHEC
CL-089,1/16/2020,10:50:00 AM,m,0.25,DHEC
LCR-04,7/13/2020,9:20:00 AM,m,0.9,DHEC
CW-231,12/15/2020,12:09:00 PM,m,0.5,DHEC
LCR-04,6/16/2020,9:28:00 AM,m,0.45,DHEC
RL-20198,10/27/2020,10:09:00 AM,m,1,DHEC
LCR-02,1/16/2020,1:39:00 PM,m,0,DHEC
LCR-03,6/2/2020,12:02:00 PM,m,0.4,DHEC
LCR-02,5/12/2020,1:41:00 PM,m,0.25,DHEC
LCR-02,4/22/2020,1:20:00 PM,m,0.25,DHEC
CW-016F,11/17/2020,11:30:00 AM,m,0.1,DHEC
CW-057,10/12/2020,1:10:00 PM,m,0.2,DHEC
LCR-04,12/2/2020,11:35:00 AM,m,0.4,DHEC
CW-033,10/12/2020,11:35:00 AM,m,0.25,DHEC
CW-208,6/2/2020,12:36:00 PM,m,0.6,DHEC
LCR-03,3/9/2021,11:49:00 AM,m,0.4,DHEC
CW-033,7/22/2021,12:43:00 PM,m,0.8,DHEC
CW-057,10/18/2021,3:40:00 PM,m,0.7,DHEC
LCR-04,4/19/2021,12:56:00 PM,m,0.7,DHEC
RL-21277,2/9/2021,10:21:00 AM,m,0.75,DHEC
CL-089,3/9/2021,10:20:00 AM,m,0.15,DHEC
CW-207B,2/16/2021,11:57:00 AM,m,0.25,DHEC
RL-21277,7/22/2021,12:21:00 PM,m,0.7,DHEC
RL-21210,7/22/2021,10:37:00 AM,m,0.4,DHEC
RL-21210,12/16/2021,1:02:00 PM,m,0.7,DHEC
LCR-02,6/29/2021,12:05:00 PM,m,0.4,DHEC
LCR-04,1/14/2021,2:15:00 PM,m,0.5,DHEC
CW-174,12/16/2021,10:46:00 AM,m,1.1,DHEC
CW-033,1/14/2021,11:47:00 AM,m,0.5,DHEC
RL-21210,3/10/2021,1:02:00 PM,m,0.5,DHEC
CW-033,3/10/2021,10:37:00 AM,m,0.7,DHEC
CL-089,5/19/2021,11:03:00 AM,m,1,DHEC
CW-207,9/15/2021,11:42:00 AM,m,0.8,DHEC
RL-21210,6/17/2021,12:00:00 PM,m,0.9,DHEC
CW-016F,5/13/2021,12:25:00 PM,m,1,DHEC
CW-208,10/14/2021,11:35:00 AM,m,0.3,DHEC
LCR-04,8/24/2021,12:51:00 PM,m,0.5,DHEC
LCR-03,6/29/2021,11:29:00 AM,m,0.6,DHEC
RL-21218,12/7/2021,10:30:00 AM,m,1.1,DHEC
CW-057,9/14/2021,10:51:00 AM,m,0.8,DHEC
RL-21226,1/14/2021,1:55:00 PM,m,0.9,DHEC
CW-208,6/29/2021,11:47:00 AM,m,0.6,DHEC
CW-016F,1/14/2021,1:30:00 PM,m,0.8,DHEC
RL-21277,8/24/2021,10:31:00 AM,m,0.25,DHEC
CW-208,12/7/2021,11:27:00 AM,m,0.7,DHEC
RL-21218,3/9/2021,11:31:00 AM,m,0.25,DHEC
CW-033,8/24/2021,10:52:00 AM,m,0.6,DHEC
RL-21210,1/14/2021,1:45:00 PM,m,0.9,DHEC
CW-231,5/13/2021,10:05:00 AM,m,0.7,DHEC
LCR-03,4/28/2021,1:17:00 PM,m,0.4,DHEC
LCR-04,9/14/2021,10:42:00 AM,m,0.5,DHEC
CL-089,6/29/2021,10:33:00 AM,m,1.2,DHEC
CW-208,2/24/2021,10:44:00 AM,m,0.1,DHEC
LCR-03,9/15/2021,11:57:00 AM,m,0.6,DHEC
CW-057,8/24/2021,1:02:00 PM,m,0.6,DHEC
CW-033,4/19/2021,11:00:00 AM,m,0.6,DHEC
CL-089,9/15/2021,10:54:00 AM,m,1.1,DHEC
LCR-04,6/17/2021,12:25:00 PM,m,0.95,DHEC
RL-21210,10/18/2021,3:19:00 PM,m,0.7,DHEC
RL-21218,2/16/2021,11:34:00 AM,m,0.25,DHEC
LCR-04,7/22/2021,11:03:00 AM,m,0.9,DHEC
LCR-02,3/9/2021,12:31:00 PM,m,0.4,DHEC
CW-207,5/19/2021,12:00:00 PM,m,0.9,DHEC
RL-21218,4/28/2021,11:52:00 AM,m,0.5,DHEC
CW-016F,10/18/2021,2:59:00 PM,m,0.7,DHEC
CW-207,6/29/2021,11:14:00 AM,m,1,DHEC
RL-21226,5/13/2021,12:42:00 PM,m,0.9,DHEC
LCR-03,12/7/2021,11:16:00 AM,m,0.7,DHEC
CW-207,4/28/2021,11:31:00 AM,m,0.4,DHEC
CW-033,5/13/2021,10:56:00 AM,m,0.7,DHEC
CW-057,3/10/2021,1:43:00 PM,m,0.7,DHEC
RL-21210,8/24/2021,12:25:00 PM,m,0.5,DHEC
RL-21277,5/13/2021,10:36:00 AM,m,0.7,DHEC
RL-21218,10/14/2021,10:52:00 AM,m,0.8,DHEC
CW-016F,4/19/2021,12:30:00 PM,m,1,DHEC
RL-21277,10/14/2021,12:31:00 PM,m,0.5,DHEC
CW-174,3/10/2021,10:27:00 AM,m,0.6,DHEC
LCR-04,5/13/2021,12:56:00 PM,m,0.75,DHEC
CW-207,2/16/2021,11:46:00 AM,m,0.25,DHEC
LCR-04,12/16/2021,1:16:00 PM,m,1,DHEC
RL-21218,5/19/2021,11:32:00 AM,m,0.9,DHEC
RL-21277,4/19/2021,10:48:00 AM,m,0.6,DHEC
CW-016F,7/22/2021,10:30:00 AM,m,0.6,DHEC
CW-174,5/13/2021,10:45:00 AM,m,0.75,DHEC
RL-21277,12/16/2021,10:54:00 AM,m,1,DHEC
RL-21218,9/15/2021,11:18:00 AM,m,1,DHEC
LCR-04,10/18/2021,3:33:00 PM,m,0.7,DHEC
CW-174,4/19/2021,10:35:00 AM,m,0.5,DHEC
CW-174,7/22/2021,12:30:00 PM,m,0.8,DHEC
LCR-02,10/14/2021,11:52:00 AM,m,0.3,DHEC
CW-033,2/9/2021,11:03:00 AM,m,0.45,DHEC
CW-033,10/14/2021,12:40:00 PM,m,0.7,DHEC
RL-21210,4/19/2021,12:35:00 PM,m,0.9,DHEC
LCR-03,10/14/2021,11:24:00 AM,m,0.4,DHEC
CW-207B,10/14/2021,11:02:00 AM,m,0.5,DHEC
RL-21226,9/14/2021,10:29:00 AM,m,0.3,DHEC
CW-016F,3/10/2021,12:52:00 PM,m,0.7,DHEC
RL-21277,1/14/2021,11:20:00 AM,m,0.5,DHEC
CW-174,10/14/2021,12:19:00 PM,m,0.5,DHEC
CW-174,2/9/2021,10:35:00 AM,m,0.25,DHEC
RL-21210,9/14/2021,10:18:00 AM,m,0.4,DHEC
RL-21210,5/13/2021,12:35:00 PM,m,0.8,DHEC
CW-231,3/9/2021,12:47:00 PM,m,0.25,DHEC
CL-089,4/28/2021,10:14:00 AM,m,0.9,DHEC
CW-057,1/14/2021,2:25:00 PM,m,0.4,DHEC
RL-21218,6/29/2021,10:55:00 AM,m,1,DHEC
RL-21226,4/19/2021,12:42:00 PM,m,0.5,DHEC
CW-207B,12/7/2021,10:54:00 AM,m,1,DHEC
CW-231,2/24/2021,11:14:00 AM,m,0.1,DHEC
CW-207B,9/15/2021,11:31:00 AM,m,0.9,DHEC
LCR-02,5/19/2021,12:52:00 PM,m,0.4,DHEC
CW-208,3/9/2021,11:57:00 AM,m,0.25,DHEC
CW-208,5/19/2021,12:15:00 PM,m,0.6,DHEC
RL-21226,7/22/2021,10:46:00 AM,m,0.5,DHEC
CW-207B,5/19/2021,11:53:00 AM,m,0.9,DHEC
RL-21226,8/24/2021,12:35:00 PM,m,0.5,DHEC
CW-174,8/24/2021,10:40:00 AM,m,0.2,DHEC
CW-057,7/22/2021,11:12:00 AM,m,1,DHEC
LCR-03,5/19/2021,12:25:00 PM,m,0.7,DHEC
CW-057,12/16/2021,1:24:00 PM,m,1,DHEC
LCR-02,2/24/2021,11:01:00 AM,m,0.25,DHEC
CW-016F,8/24/2021,12:14:00 PM,m,0.5,DHEC
LCR-02,9/15/2021,12:26:00 PM,m,0.5,DHEC
LCR-02,4/28/2021,1:37:00 PM,m,0.5,DHEC
CW-016F,12/16/2021,12:38:00 PM,m,1,DHEC
CW-016F,9/14/2021,10:07:00 AM,m,0.5,DHEC
CL-089,2/16/2021,10:31:00 AM,m,0.5,DHEC
CW-207B,3/9/2021,11:21:00 AM,m,0.4,DHEC
CL-089,10/14/2021,10:25:00 AM,m,1,DHEC
CW-231,4/28/2021,1:58:00 PM,m,0.3,DHEC
LCR-03,2/24/2021,10:38:00 AM,m,0.25,DHEC
CW-231,7/22/2021,11:52:00 AM,m,0.6,DHEC
CW-207B,4/28/2021,11:41:00 AM,m,0.5,DHEC
CW-174,1/14/2021,11:08:00 AM,m,0.35,DHEC
RL-21226,3/10/2021,1:12:00 PM,m,0.6,DHEC
LCR-04,3/10/2021,1:32:00 PM,m,0.4,DHEC
CW-033,12/16/2021,11:06:00 AM,m,0.8,DHEC
RL-21277,3/10/2021,10:16:00 AM,m,0.6,DHEC
CW-207,10/14/2021,11:12:00 AM,m,0.5,DHEC
CW-016F,6/17/2021,11:54:00 AM,m,0.75,DHEC
CW-208,4/28/2021,1:08:00 PM,m,0.4,DHEC
RL-21226,10/18/2021,3:10:00 PM,m,0.5,DHEC
CW-057,4/19/2021,1:05:00 PM,m,0.5,DHEC
CW-207B,6/29/2021,11:08:00 AM,m,1,DHEC
RL-21226,12/16/2021,12:45:00 PM,m,0.6,DHEC
LCR-02,12/7/2021,11:46:00 AM,m,0.6,DHEC
CW-231,8/24/2021,10:00:00 AM,m,0.2,DHEC
CL-089,12/7/2021,10:15:00 AM,m,1,DHEC
CW-057,6/17/2021,12:34:00 PM,m,0.9,DHEC
RL-21226,6/17/2021,12:08:00 PM,m,0.9,DHEC
CW-207,3/9/2021,11:13:00 AM,m,0.25,DHEC
CW-207,12/7/2021,10:44:00 AM,m,0.9,DHEC
CW-057,5/13/2021,1:05:00 PM,m,0.75,DHEC
CW-208,9/15/2021,12:08:00 PM,m,0.6,DHEC
CW-057,2/16/2022,1:39:00 PM,m,0.6,DHEC
LCR-04,5/11/2022,11:24:00 AM,m,1,DHEC
RL-22011,8/17/2022,11:04:00 AM,m,1.1,DHEC
CW-057,10/19/2022,11:12:00 AM,m,0.9,DHEC
RL-22109,3/15/2022,12:57:00 PM,m,0.2,DHEC
CW-208,7/26/2022,12:33:00 PM,m,0.7,DHEC
CW-207B,8/17/2022,12:03:00 PM,m,0.7,DHEC
CW-208,11/17/2022,12:52:00 PM,m,0.6,DHEC
CW-208,2/15/2022,11:16:00 AM,m,0.5,DHEC
CW-207B,10/18/2022,12:09:00 PM,m,1,DHEC
CW-016,6/23/2022,10:34:00 AM,m,0.6,DHEC
RL-22013,9/28/2022,11:00:00 AM,m,0.6,DHEC
RL-22013,1/27/2022,11:50:00 AM,m,0.6,DHEC
CW-208,5/11/2022,11:39:00 AM,m,0.6,DHEC
CL-089,5/11/2022,10:50:00 AM,m,1.2,DHEC
CW-174,4/5/2022,12:34:00 PM,m,0.6,DHEC
RL-22013,8/11/2022,11:13:00 AM,m,0.4,DHEC
RL-22011,4/25/2022,11:39:00 AM,m,0.6,DHEC
CW-207B,3/22/2022,11:51:00 AM,m,0.3,DHEC
CW-208,3/22/2022,1:16:00 PM,m,0.4,DHEC
LCR-02,3/22/2022,12:54:00 PM,m,0.3,DHEC
CW-174,6/23/2022,12:32:00 PM,m,0.8,DHEC
CW-208,9/21/2022,10:55:00 AM,m,0.5,DHEC
CW-057,8/11/2022,11:33:00 AM,m,0.7,DHEC
CW-057,6/23/2022,11:16:00 AM,m,0.9,DHEC
CW-208,8/17/2022,1:05:00 PM,m,0.5,DHEC
CW-016F,4/5/2022,10:25:00 AM,m,0.8,DHEC
CW-033,5/11/2022,1:18:00 PM,m,0.7,DHEC
CW-033,12/8/2022,11:51:00 AM,m,0.6,DHEC
CW-207B,7/26/2022,11:33:00 AM,m,0.8,DHEC
LCR-04,12/8/2022,1:48:00 PM,m,0.7,DHEC
CW-033,3/15/2022,2:09:00 PM,m,0.3,DHEC
CW-033,4/5/2022,12:45:00 PM,m,0.7,DHEC
RL-22109,4/5/2022,12:52:00 PM,m,0.6,DHEC
RL-22105,12/8/2022,11:57:00 AM,m,0.8,DHEC
CW-057,5/11/2022,11:32:00 AM,m,0.8,DHEC
CW-174,3/15/2022,1:58:00 PM,m,0.2,DHEC
CL-089,9/21/2022,10:05:00 AM,m,0.9,DHEC
RL-22105,8/11/2022,1:25:00 PM,m,0.8,DHEC
CW-016F,2/16/2022,1:10:00 PM,m,0.6,DHEC
LCR-02,8/17/2022,1:21:00 PM,m,0.5,DHEC
CW-016F,9/28/2022,10:43:00 AM,m,0.4,DHEC
CW-016F,3/15/2022,11:39:00 AM,m,0.5,DHEC
CW-057,12/8/2022,1:54:00 PM,m,0.7,DHEC
CW-016,8/11/2022,10:42:00 AM,m,0.5,DHEC
CW-207B,2/15/2022,11:01:00 AM,m,0.5,DHEC
CL-089,6/29/2022,10:21:00 AM,m,1.1,DHEC
LCR-02,5/11/2022,11:55:00 AM,m,0.4,DHEC
CW-174,2/16/2022,3:04:00 PM,m,0.7,DHEC
RL-22013,6/23/2022,11:04:00 AM,m,0.9,DHEC
CW-207B,1/26/2022,10:59:00 AM,m,0.6,DHEC
LCR-04,4/5/2022,10:47:00 AM,m,0.6,DHEC
CL-089,3/22/2022,10:24:00 AM,m,1,DHEC
RL-22105,1/27/2022,2:08:00 PM,m,0.6,DHEC
RL-22105,5/11/2022,1:24:00 PM,m,1,DHEC
RL-22011,6/29/2022,12:24:00 PM,m,0.4,DHEC
RL-22013,5/11/2022,11:16:00 AM,m,0.9,DHEC
CL-089,1/26/2022,10:37:00 AM,m,0.7,DHEC
RL-22013,4/5/2022,10:39:00 AM,m,0.5,DHEC
CL-089,8/17/2022,10:52:00 AM,m,1.2,DHEC
CW-016,5/11/2022,10:50:00 AM,m,1,DHEC
CL-089,4/25/2022,11:47:00 AM,m,0.7,DHEC
CW-208,6/29/2022,11:08:00 AM,m,0.5,DHEC
CW-033,2/16/2022,3:15:00 PM,m,0.7,DHEC
CW-174,10/20/2022,3:15:00 PM,m,1,DHEC
CW-016F,8/11/2022,10:57:00 AM,m,0.6,DHEC
RL-22105,10/20/2022,3:30:00 PM,m,0.9,DHEC
CL-089,10/18/2022,10:50:00 AM,m,2.1,DHEC
LCR-04,2/16/2022,1:30:00 PM,m,0.6,DHEC
RL-22013,10/19/2022,10:51:00 AM,m,0.6,DHEC
CW-174,9/28/2022,12:50:00 PM,m,0.6,DHEC
CW-016F,6/23/2022,10:47:00 AM,m,1,DHEC
CW-057,9/28/2022,11:24:00 AM,m,1,DHEC
LCR-02,11/17/2022,12:31:00 PM,m,0.2,DHEC
RL-22105,2/16/2022,3:22:00 PM,m,0.7,DHEC
CW-016F,5/11/2022,11:05:00 AM,m,0.6,DHEC
LCR-02,1/26/2022,11:29:00 AM,m,0.5,DHEC
CW-016F,10/19/2022,10:42:00 AM,m,0.6,DHEC
CW-174,12/8/2022,11:42:00 AM,m,0.7,DHEC
CW-174,5/11/2022,1:05:00 PM,m,0.5,DHEC
RL-22011,5/11/2022,11:05:00 AM,m,0.7,DHEC
CW-057,3/15/2022,12:06:00 PM,m,0.4,DHEC
CW-207B,11/17/2022,11:06:00 AM,m,0.9,DHEC
CW-016,10/19/2022,10:27:00 AM,m,0.8,DHEC
CL-089,11/17/2022,9:44:00 AM,m,1.1,DHEC
LCR-04,6/23/2022,11:09:00 AM,m,0.9,DHEC
RL-22011,7/26/2022,10:16:00 AM,m,1.3,DHEC
RL-22013,3/15/2022,11:51:00 AM,m,0.6,DHEC
RL-22011,11/17/2022,9:53:00 AM,m,1.2,DHEC
LCR-04,9/28/2022,11:10:00 AM,m,0.7,DHEC
CL-089,7/26/2022,10:04:00 AM,m,1.5,DHEC
LCR-02,9/21/2022,11:12:00 AM,m,0.4,DHEC
RL-22011,10/18/2022,11:04:00 AM,m,1.5,DHEC
CW-231,12/8/2022,11:01:00 AM,m,0.7,DHEC
CW-207B,9/21/2022,10:38:00 AM,m,0.8,DHEC
CW-208,10/18/2022,1:17:00 PM,m,1.5,DHEC
CW-208,1/26/2022,11:15:00 AM,m,0.6,DHEC
CW-016,9/28/2022,10:30:00 AM,m,0.8,DHEC
LCR-02,4/25/2022,10:35:00 AM,m,0.4,DHEC
CW-207B,4/25/2022,11:16:00 AM,m,0.6,DHEC
LCR-02,6/29/2022,11:24:00 AM,m,0.4,DHEC
LCR-04,10/19/2022,11:04:00 AM,m,0.8,DHEC
CW-174,8/11/2022,1:09:00 PM,m,0.8,DHEC
LCR-02,10/18/2022,1:34:00 PM,m,0.5,DHEC
CW-207B,6/29/2022,10:45:00 AM,m,0.6,DHEC
CW-174,1/27/2022,1:52:00 PM,m,0.6,DHEC
RL-22105,9/28/2022,1:06:00 PM,m,0.7,DHEC
CW-033,10/20/2022,3:24:00 PM,m,0.9,DHEC
LCR-02,2/15/2022,11:32:00 AM,m,0.4,DHEC
LCR-04,1/27/2022,12:00:00 PM,m,0.6,DHEC
LCR-02,7/26/2022,12:52:00 PM,m,0.6,DHEC
RL-22013,12/8/2022,1:41:00 PM,m,0.7,DHEC
RL-22011,3/22/2022,10:31:00 AM,m,0.7,DHEC
CW-207B,5/11/2022,11:23:00 AM,m,0.7,DHEC
CW-016F,12/8/2022,1:27:00 PM,m,0.9,DHEC
CW-016F,1/27/2022,11:37:00 AM,m,0.7,DHEC
CW-208,4/25/2022,10:53:00 AM,m,0.6,DHEC
RL-22011,9/21/2022,10:21:00 AM,m,0.9,DHEC
RL-22011,1/26/2022,10:43:00 AM,m,0.7,DHEC
CL-089,2/15/2022,10:35:00 AM,m,0.8,DHEC
CW-033,6/23/2022,12:39:00 PM,m,0.8,DHEC
CW-057,4/5/2022,10:54:00 AM,m,0.6,DHEC
CW-033,1/27/2022,2:00:00 PM,m,0.5,DHEC
CW-033,9/28/2022,12:59:00 PM,m,0.9,DHEC
RL-22105,6/23/2022,12:45:00 PM,m,0.9,DHEC
RL-22013,2/16/2022,1:22:00 PM,m,0.5,DHEC
RL-22011,2/15/2022,10:43:00 AM,m,0.7,DHEC
LCR-04,3/15/2022,11:58:00 AM,m,0.4,DHEC
RL-22105,3/15/2022,2:17:00 PM,m,0.3,DHEC
CW-033,8/11/2022,1:18:00 PM,m,0.8,DHEC
CW-057,1/27/2022,12:08:00 PM,m,0.7,DHEC
CL-089,2/9/2023,11:30:00 AM,m,0.4,DHEC
RL-23029,1/12/2023,11:55:00 AM,m,0.1,DHEC
LCR-02,3/21/2023,1:54:00 PM,m,0.6,DHEC
RL-23045,1/12/2023,11:28:00 AM,m,0.2,DHEC
RL-23045,3/21/2023,11:41:00 AM,m,0.8,DHEC
CW-174,2/14/2023,10:53:00 AM,m,0.2,DHEC
CW-016F,1/31/2023,11:53:00 AM,m,0.7,DHEC
CW-016F,2/14/2023,12:40:00 PM,m,0.4,DHEC
CW-033,2/14/2023,11:07:00 AM,m,0.2,DHEC
CW-208,3/21/2023,1:38:00 PM,m,0.8,DHEC
CW-208,1/12/2023,12:50:00 PM,m,0.2,DHEC
CW-231,2/14/2023,10:18:00 AM,m,0.1,DHEC
CW-207B,1/12/2023,11:41:00 AM,m,0.2,DHEC
CL-089,3/21/2023,10:29:00 AM,m,1.1,DHEC
CW-208,2/9/2023,1:47:00 PM,m,0.3,DHEC
CW-207B,3/21/2023,12:00:00 PM,m,0.9,DHEC
CW-016,3/14/2023,12:51:00 PM,m,1.2,DHEC
CW-033,1/31/2023,10:09:00 AM,m,0.4,DHEC
CW-016F,3/14/2023,1:05:00 PM,m,1,DHEC
CW-057,3/14/2023,1:24:00 PM,m,0.9,DHEC
RL-23045,2/9/2023,12:25:00 PM,m,0.3,DHEC
RL-23116,1/31/2023,10:14:00 AM,m,0.4,DHEC
RL-23116,2/14/2023,11:14:00 AM,m,0.1,DHEC
RL-23120,2/14/2023,11:21:00 AM,m,0.1,DHEC
CW-174,1/31/2023,9:51:00 AM,m,0.4,DHEC
CL-089,1/12/2023,10:19:00 AM,m,0.2,DHEC
CW-057,1/31/2023,12:17:00 PM,m,0.6,DHEC
CW-057,2/14/2023,12:56:00 PM,m,0.2,DHEC
RL-23120,1/31/2023,10:24:00 AM,m,0.5,DHEC
LCR-02,1/12/2023,1:21:00 PM,m,0.5,DHEC
CW-207B,2/9/2023,12:39:00 PM,m,0.4,DHEC
RL-23029,3/21/2023,12:20:00 PM,m,0.8,DHEC
RL-23029,2/9/2023,12:50:00 PM,m,0.4,DHEC
CW-033,6/7/2023,10:53:00 AM,m,0.7,DHEC
RL-23029,4/11/2023,12:25:00 PM,m,0.2,DHEC
RL-23120,5/4/2023,10:13:00 AM,m,0.5,DHEC
RL-23116,5/4/2023,10:05:00 AM,m,0.6,DHEC
CW-207B,4/11/2023,12:09:00 PM,m,0.4,DHEC
LCR-02,4/11/2023,1:51:00 PM,m,0.2,DHEC
CL-089,5/24/2023,10:42:00 AM,m,1.4,DHEC
RL-23045,6/14/2023,10:37:00 AM,m,1.1,DHEC
RL-23045,5/24/2023,11:18:00 AM,m,1,DHEC
CW-016F,5/4/2023,11:26:00 AM,m,0.6,DHEC
RL-23116,4/13/2023,10:57:00 AM,m,0.4,DHEC
CW-208,4/11/2023,1:33:00 PM,m,0.3,DHEC
LCR-02,6/14/2023,11:27:00 AM,m,0.5,DHEC
CW-174,6/7/2023,10:44:00 AM,m,0.7,DHEC
CW-174,5/4/2023,9:54:00 AM,m,0.5,DHEC
CW-033,5/4/2023,10:02:00 AM,m,0.6,DHEC
CW-057,5/4/2023,11:41:00 AM,m,0.5,DHEC
RL-23120,6/7/2023,11:10:00 AM,m,0.8,DHEC
CW-207B,5/24/2023,11:26:00 AM,m,0.6,DHEC
RL-23029,5/24/2023,11:41:00 AM,m,0.8,DHEC
CW-207B,6/14/2023,10:49:00 AM,m,0.8,DHEC
RL-23116,6/7/2023,11:01:00 AM,m,0.8,DHEC
LCR-02,5/24/2023,12:13:00 PM,m,0.5,DHEC
CW-208,5/24/2023,11:56:00 AM,m,0.5,DHEC
CW-174,4/13/2023,10:37:00 AM,m,0.4,DHEC
CL-089,6/14/2023,10:16:00 AM,m,1.2,DHEC
CW-208,6/14/2023,11:11:00 AM,m,0.4,DHEC
RL-23045,4/11/2023,11:48:00 AM,m,0.8,DHEC
RL-23120,4/13/2023,11:06:00 AM,m,0.3,DHEC
RL-23029,6/14/2023,10:59:00 AM,m,0.6,DHEC
CW-033,4/13/2023,10:51:00 AM,m,0.3,DHEC
CL-089,4/11/2023,10:44:00 AM,m,0.9,DHEC
CW-057,4/13/2023,12:57:00 PM,m,0.8,DHEC
CW-016F,4/13/2023,12:39:00 PM,m,1,DHEC
CW-016F,5/3/2017,10:45:00 AM,m,0.7,lowcarb
CW-016,6/27/2017,8:45:00 AM,m,0.6,lowcarb
CW-016F,6/27/2017,9:50:00 AM,m,0.5,lowcarb
CW-057,6/27/2017,1:07:00 PM,m,0.5,lowcarb
CW-174,6/29/2017,10:05:00 AM,m,0.5,lowcarb
CW-033,6/29/2017,10:50:00 AM,m,0.7,lowcarb
CW-231,6/29/2017,8:45:00 AM,m,0.7,lowcarb
CW-207A,6/28/2017,12:35:00 PM,m,0.9,lowcarb
CW-207B,6/28/2017,1:55:00 PM,m,0.9,lowcarb
CL-089,6/28/2017,9:20:00 AM,m,1.1,lowcarb
CW-016,8/3/2017,8:25:00 AM,m,0.6,lowcarb
CW-016F,8/3/2017,9:11:00 AM,m,0.3,lowcarb
CW-057,8/1/2017,2:00:00 PM,m,0.6,lowcarb
CW-174,8/1/2017,11:00:00 AM,m,0.6,lowcarb
CW-033,8/1/2017,9:50:00 AM,m,0.6,lowcarb
CW-231,8/1/2017,8:30:00 AM,m,1.1,lowcarb
CW-207A,8/2/2017,12:20:00 PM,m,0.7,lowcarb
CW-207B,8/2/2017,1:48:00 PM,m,0.8,lowcarb
CL-089,8/2/2017,9:15:00 AM,m,1.2,lowcarb
CW-016,8/30/2017,10:42:00 AM,m,0.6,lowcarb
CW-016F,8/30/2017,11:20:00 AM,m,0.4,lowcarb
CW-057,8/30/2017,9:10:00 AM,m,0.4,lowcarb
CW-174,8/29/2017,2:40:00 PM,m,0.6,lowcarb
CW-033,8/29/2017,1:40:00 PM,m,0.6,lowcarb
CW-231,8/29/2017,12:40:00 PM,m,0.8,lowcarb
CW-207A,8/28/2017,12:52:00 PM,m,0.8,lowcarb
CW-207B,8/28/2017,2:40:00 PM,m,0.7,lowcarb
CL-089,8/29/2017,9:55:00 AM,m,1,lowcarb
CW-016,9/25/2017,3:35:00 PM,m,0.6,lowcarb
CW-016F,9/27/2017,1:22:00 PM,m,0.9,lowcarb
CW-057,9/25/2017,10:20:00 AM,m,0.75,lowcarb
CW-174,9/27/2017,10:00:00 AM,m,0.6,lowcarb
CW-033,9/27/2017,10:24:00 AM,m,0.6,lowcarb
CW-231,9/27/2017,8:45:00 AM,m,0.65,lowcarb
CW-207A,9/26/2017,12:30:00 PM,m,0.9,lowcarb
CW-207B,9/26/2017,1:50:00 PM,m,0.8,lowcarb
CL-089,9/26/2017,9:45:00 AM,m,0.9,lowcarb
CW-016,10/18/2017,8:40:00 AM,m,0.35,lowcarb
CW-016F,10/18/2017,9:15:00 AM,m,0.35,lowcarb
CW-057,10/17/2017,2:15:00 PM,m,0.5,lowcarb
CW-174,10/17/2017,10:25:00 AM,m,0.5,lowcarb
CW-033,10/17/2017,11:11:00 AM,m,0.5,lowcarb
CW-231,10/17/2017,9:07:00 AM,m,0.6,lowcarb
CW-207A,10/16/2017,12:20:00 PM,m,0.8,lowcarb
CW-207B,10/16/2017,1:50:00 PM,m,0.9,lowcarb
CL-089,10/16/2017,9:04:00 AM,m,1.4,lowcarb
CW-231,6/21/2018,8:18:00 AM,m,0.75,lowcarb
CW-207C,6/21/2018,10:16:00 AM,m,0.85,lowcarb
CW-207A,6/21/2018,12:35:00 PM,m,0.75,lowcarb
CL-089B,6/19/2018,8:59:00 AM,m,1,lowcarb
CL-089,6/19/2018,11:44:00 AM,m,1,lowcarb
CW-231,7/23/2018,11:34:00 AM,m,0.65,lowcarb
CW-207C,7/24/2018,2:52:00 PM,m,0.75,lowcarb
CW-207A,7/24/2018,12:00:00 PM,m,0.9,lowcarb
CL-089B,7/25/2018,8:45:00 AM,m,1.1,lowcarb
CL-089,7/25/2018,11:57:00 AM,m,1.2,lowcarb
CW-231,8/13/2018,8:50:00 AM,m,0.45,lowcarb
CW-207C,8/13/2018,1:25:00 PM,m,0.7,lowcarb
CW-207A,8/15/2018,7:27:00 AM,m,1.1,lowcarb
CL-089B,8/14/2018,1:00:00 PM,m,1.2,lowcarb
CL-089,8/14/2018,8:00:00 AM,m,1.05,lowcarb
CW-231,10/15/2018,9:15:00 AM,m,0.5,lowcarb
CW-207C,10/15/2018,12:59:00 PM,m,0.45,lowcarb
CW-207A,10/17/2018,10:12:00 AM,m,0.7,lowcarb
CL-089B,10/16/2018,1:55:00 PM,m,0.9,lowcarb
CL-089,10/16/2018,9:30:00 AM,m,0.95,lowcarb
,,,,,
,,,,,
,,,,,
,,,,,
,,,,,
,,,,,
,,,,,
,,,,,
,,,,,
,,,,,
,,,,,
,,,,,
,,,,,
,,,,,
,,,,,
,,,,,
,,,,,
,,,,,
,,,,,
,,,,,
,,,,,
,,,,,
,,,,,
,,,,,
,,,,,
,,,,,
,,,,,
,,,,,
,,,,,
,,,,,
,,,,,
,,,,,
,,,,,
,,,,,
,,,,,
,,,,,
,,,,,
,,,,,
,,,,,
,,,,,
,,,,,
,,,,,
,,,,,
,,,,,
,,,,,
,,,,,
,,,,,
,,,,,
,,,,,
,,,,,
,,,,,
,,,,,
,,,,,
,,,,,
,,,,,
,,,,,
,,,,,
,,,,,
,,,,,
,,,,,
,,,,,
,,,,,
,,,,,
,,,,,
,,,,,
,,,,,
,,,,,
,,,,,
,,,,,
,,,,,
,,,,,
,,,,,
,,,,,
,,,,,
,,,,,
,,,,,
,,,,,
,,,,,
,,,,,
,,,,,
,,,,,
,,,,,
,,,,,
,,,,,
,,,,,
,,,,,
,,,,,
,,,,,
,,,,,
,,,,,
,,,,,
,,,,,
,,,,,
,,,,,
,,,,,
,,,,,
,,,,,
,,,,,
,,,,,
,,,,,
,,,,,
,,,,,
,,,,,
,,,,,
