StationID,ActivityStartDate,ActivityStartTime/Time,TSS_units,TSS,Depth_m,Source
CW-206,9/9/1999,9:40:00 AM,mg/L,11,0.3,DHEC
CW-222,9/9/1999,10:30:00 AM,mg/L,24,0.3,DHEC
CW-208,6/2/1999,11:30:00 AM,mg/L,7,0.3,DHEC
CW-016,7/1/1999,2:50:00 PM,mg/L,5.6,0.3,DHEC
CW-206,1/14/1999,11:45:00 AM,mg/L,11,0.3,DHEC
CW-206,5/13/1999,9:45:00 AM,mg/L,11,0.3,DHEC
CW-207,3/4/1999,10:35:00 AM,mg/L,10,0.3,DHEC
CW-016,5/20/1999,1:45:00 PM,mg/L,6,0.3,DHEC
CW-041,4/5/1999,1:30:00 PM,mg/L,15,0.3,DHEC
CW-208,5/6/1999,12:30:00 PM,mg/L,11,0.3,DHEC
CW-208,10/21/1999,11:55:00 AM,mg/L,15,0.3,DHEC
CW-222,12/29/1999,10:25:00 AM,mg/L,9,0.3,DHEC
CW-016,10/27/1999,2:30:00 PM,mg/L,3.4,0.3,DHEC
CW-209,2/11/1999,11:15:00 AM,mg/L,12,0.3,DHEC
CW-041,12/29/1999,12:30:00 PM,mg/L,2.1,0.3,DHEC
CW-206,2/25/1999,9:50:00 AM,mg/L,16,0.3,DHEC
CW-222,10/14/1999,10:15:00 AM,mg/L,22,0.3,DHEC
CW-206,4/8/1999,9:30:00 AM,mg/L,7.6,0.3,DHEC
CW-207,2/11/1999,11:30:00 AM,mg/L,4.5,0.3,DHEC
CW-208,1/7/1999,12:05:00 PM,mg/L,11,0.3,DHEC
CW-222,5/13/1999,10:45:00 AM,mg/L,25,0.3,DHEC
CW-041,1/7/1999,12:53:00 PM,mg/L,7.8,0.3,DHEC
CW-207,10/21/1999,11:20:00 AM,mg/L,16,0.3,DHEC
CW-206,6/10/1999,9:55:00 AM,mg/L,14,0.3,DHEC
CW-083,8/19/1999,10:00:00 AM,mg/L,12.2,0.3,DHEC
CW-041,8/3/1999,9:40:00 AM,mg/L,10,0.3,DHEC
CW-206,7/15/1999,9:45:00 AM,mg/L,19,0.3,DHEC
CW-083,10/28/1999,10:30:00 AM,mg/L,2.7,0.3,DHEC
CW-208,11/4/1999,10:05:00 AM,mg/L,13,0.3,DHEC
CW-207,12/28/1999,11:27:00 AM,mg/L,8.8,0.3,DHEC
CW-207,4/29/1999,11:30:00 AM,mg/L,15,0.3,DHEC
CW-206,12/29/1999,9:30:00 AM,mg/L,6.2,0.3,DHEC
CW-016,11/4/1999,2:20:00 PM,mg/L,7.2,0.3,DHEC
CW-209,1/7/1999,11:10:00 AM,mg/L,6.5,0.3,DHEC
CW-209,9/2/1999,10:35:00 AM,mg/L,6.4,0.3,DHEC
CW-208,7/8/1999,11:15:00 AM,mg/L,7.6,0.3,DHEC
CW-208,8/19/1999,11:15:00 AM,mg/L,10,0.3,DHEC
CW-222,11/29/1999,11:15:00 AM,mg/L,21,0.3,DHEC
CW-208,2/11/1999,12:00:00 PM,mg/L,12,0.3,DHEC
CW-041,9/1/1999,1:30:00 PM,mg/L,3.8,0.3,DHEC
CW-016,1/7/1999,2:13:00 PM,mg/L,8.2,0.3,DHEC
CW-083,6/9/1999,2:20:00 PM,mg/L,96,0.3,DHEC
CW-209,11/4/1999,9:25:00 AM,mg/L,11,0.3,DHEC
CW-222,3/25/1999,10:15:00 AM,mg/L,19,0.3,DHEC
CW-083,5/10/1999,10:23:00 AM,mg/L,15,0.3,DHEC
CW-207,9/2/1999,11:00:00 AM,mg/L,9.8,0.3,DHEC
CW-016,9/1/1999,3:15:00 PM,mg/L,5.4,0.3,DHEC
CW-209,8/19/1999,10:10:00 AM,mg/L,4.6,0.3,DHEC
CW-209,7/8/1999,9:55:00 AM,mg/L,3.4,0.3,DHEC
CW-016,8/3/1999,11:15:00 AM,mg/L,7,0.3,DHEC
CW-206,10/14/1999,9:25:00 AM,mg/L,23,0.3,DHEC
CW-206,11/29/1999,10:15:00 AM,mg/L,13,0.3,DHEC
CW-041,5/20/1999,12:00:00 PM,mg/L,5.6,0.3,DHEC
CW-002,4/8/1999,10:10:00 AM,mg/L,3.1,0.3,DHEC
CW-222,4/8/1999,10:30:00 AM,mg/L,14,0.3,DHEC
CW-209,12/28/1999,10:55:00 AM,mg/L,6.9,0.3,DHEC
CW-207,1/7/1999,11:40:00 AM,mg/L,6.8,0.3,DHEC
CW-208,4/29/1999,11:50:00 AM,mg/L,18,0.3,DHEC
CW-222,7/15/1999,10:40:00 AM,mg/L,30,0.3,DHEC
CW-209,4/29/1999,11:00:00 AM,mg/L,5.9,0.3,DHEC
CW-207,11/4/1999,9:45:00 AM,mg/L,13,0.3,DHEC
CW-208,12/28/1999,11:48:00 AM,mg/L,6.9,0.3,DHEC
CW-041,7/1/1999,1:10:00 PM,mg/L,14,0.3,DHEC
CW-207,7/8/1999,10:40:00 AM,mg/L,4.2,0.3,DHEC
CW-206,3/25/1999,9:30:00 AM,mg/L,9.3,0.3,DHEC
CW-208,3/4/1999,10:55:00 AM,mg/L,7.8,0.3,DHEC
CW-041,11/4/1999,12:45:00 PM,mg/L,7.6,0.3,DHEC
CW-208,9/2/1999,11:25:00 AM,mg/L,13,0.3,DHEC
CW-207,8/19/1999,10:45:00 AM,mg/L,5.8,0.3,DHEC
CW-041,10/27/1999,1:05:00 PM,mg/L,5.2,0.3,DHEC
CW-016,6/2/1999,2:35:00 PM,mg/L,5,0.3,DHEC
CW-207,5/6/1999,11:50:00 AM,mg/L,8.7,0.3,DHEC
CW-206,8/5/1999,9:15:00 AM,mg/L,16,0.3,DHEC
CW-207,6/2/1999,11:05:00 AM,mg/L,5.6,0.3,DHEC
CW-209,3/4/1999,10:10:00 AM,mg/L,7.2,0.3,DHEC
CW-209,10/21/1999,11:03:00 AM,mg/L,9.4,0.3,DHEC
CW-209,5/6/1999,11:15:00 AM,mg/L,6.4,0.3,DHEC
CW-209,6/2/1999,10:25:00 AM,mg/L,4.8,0.3,DHEC
CW-222,1/21/1999,10:00:00 AM,mg/L,27,0.3,DHEC
CW-016,4/5/1999,3:00:00 PM,mg/L,4.2,0.3,DHEC
CW-222,6/10/1999,10:55:00 AM,mg/L,27,0.3,DHEC
CW-016,12/29/1999,2:00:00 PM,mg/L,2.7,0.3,DHEC
CW-222,8/5/1999,10:00:00 AM,mg/L,18,0.3,DHEC
CW-229,12/5/2000,1:20:00 PM,mg/L,110,0.3,DHEC
CW-209,7/13/2000,10:40:00 AM,mg/L,3.8,0.3,DHEC
CW-206,11/15/2000,1:05:00 PM,mg/L,5.5,0.3,DHEC
CW-209,9/21/2000,9:55:00 AM,mg/L,3.5,0.3,DHEC
CW-209,2/3/2000,11:10:00 AM,mg/L,7.4,0.3,DHEC
CW-206,8/1/2000,8:55:00 AM,mg/L,14,0.3,DHEC
CW-016,4/27/2000,3:00:00 PM,mg/L,3.7,0.3,DHEC
CW-016,2/17/2000,3:15:00 PM,mg/L,12,0.3,DHEC
CW-041,3/9/2000,12:45:00 PM,mg/L,39,0.3,DHEC
CW-222,7/6/2000,10:40:00 AM,mg/L,23,0.3,DHEC
CW-016,9/21/2000,2:25:00 PM,mg/L,14,0.3,DHEC
CW-208,4/12/2000,10:40:00 AM,mg/L,14,0.3,DHEC
CW-207,12/6/2000,11:10:00 AM,mg/L,7.6,0.3,DHEC
CW-083,10/11/2000,2:30:00 PM,mg/L,3.8,0.3,DHEC
CW-041,7/20/2000,1:00:00 PM,mg/L,12,0.3,DHEC
CW-206,7/6/2000,9:55:00 AM,mg/L,13,0.3,DHEC
CW-228,10/19/2000,9:20:00 AM,mg/L,0.7,0.3,DHEC
CW-208,9/21/2000,10:50:00 AM,mg/L,6.9,0.3,DHEC
CW-041,6/1/2000,1:00:00 PM,mg/L,4.9,0.3,DHEC
CW-222,10/26/2000,9:50:00 AM,mg/L,17,0.3,DHEC
CW-206,10/25/2000,12:20:00 PM,mg/L,5.4,0.3,DHEC
CW-207,7/13/2000,11:10:00 AM,mg/L,5.6,0.3,DHEC
CW-209,12/6/2000,10:35:00 AM,mg/L,5.8,0.3,DHEC
CW-208,10/19/2000,11:10:00 AM,mg/L,10,0.3,DHEC
CW-222,11/16/2000,11:15:00 AM,mg/L,7.6,0.3,DHEC
CW-207,3/9/2000,11:05:00 AM,mg/L,8.1,0.3,DHEC
CW-209,11/8/2000,10:00:00 AM,mg/L,4.3,0.3,DHEC
CW-207,10/19/2000,10:45:00 AM,mg/L,5.9,0.3,DHEC
CW-209,4/12/2000,10:00:00 AM,mg/L,9.6,0.3,DHEC
CW-083,6/14/2000,10:40:00 AM,mg/L,22,0.3,DHEC
CW-207,4/12/2000,10:20:00 AM,mg/L,9.6,0.3,DHEC
CW-206,2/24/2000,10:25:00 AM,mg/L,11,0.3,DHEC
CW-083,9/6/2000,2:40:00 PM,mg/L,26,0.3,DHEC
CW-209,8/3/2000,10:45:00 AM,mg/L,3.9,0.3,DHEC
CW-222,3/23/2000,10:30:00 AM,mg/L,42,0.3,DHEC
CW-041,3/21/2000,1:30:00 PM,mg/L,39,0.3,DHEC
CW-016,12/27/2000,2:05:00 PM,mg/L,3.1,0.3,DHEC
CW-222,9/7/2000,10:15:00 AM,mg/L,29,0.3,DHEC
CW-083,8/16/2000,10:20:00 AM,mg/L,26,0.3,DHEC
CW-016,11/30/2000,12:30:00 PM,mg/L,9.4,0.3,DHEC
CW-209,1/6/2000,10:00:00 AM,mg/L,7.1,0.3,DHEC
CW-209,6/1/2000,10:10:00 AM,mg/L,4.3,0.3,DHEC
CW-208,8/3/2000,11:30:00 AM,mg/L,7.2,0.3,DHEC
CW-041,5/4/2000,1:15:00 PM,mg/L,13,0.3,DHEC
CW-209,5/9/2000,10:05:00 AM,mg/L,5.3,0.3,DHEC
CW-041,2/17/2000,12:45:00 PM,mg/L,29,0.3,DHEC
CW-016,1/14/2000,2:38:00 PM,mg/L,9.3,0.3,DHEC
CW-041,4/27/2000,1:30:00 PM,mg/L,55,0.3,DHEC
CW-207,5/9/2000,10:40:00 AM,mg/L,4.4,0.3,DHEC
CW-207,6/1/2000,10:50:00 AM,mg/L,8.6,0.3,DHEC
CW-228,5/9/2000,9:20:00 AM,mg/L,3.5,0.3,DHEC
CW-016,7/20/2000,1:40:00 PM,mg/L,9.5,0.3,DHEC
CW-222,2/24/2000,11:30:00 AM,mg/L,21,0.3,DHEC
CW-207,9/21/2000,10:30:00 AM,mg/L,5.8,0.3,DHEC
CW-229,5/9/2000,8:55:00 AM,mg/L,10,0.3,DHEC
CW-016,6/1/2000,1:40:00 PM,mg/L,3.3,0.3,DHEC
CW-207,2/3/2000,11:45:00 AM,mg/L,10,0.3,DHEC
CW-016,8/17/2000,1:15:00 PM,mg/L,9.9,0.3,DHEC
CW-208,6/1/2000,11:15:00 AM,mg/L,14,0.3,DHEC
CW-207,8/3/2000,11:10:00 AM,mg/L,5.3,0.3,DHEC
CW-206,12/11/2000,9:20:00 AM,mg/L,4,0.3,DHEC
CW-222,12/11/2000,10:30:00 AM,mg/L,3.4,0.3,DHEC
CW-222,5/25/2000,10:30:00 AM,mg/L,23,0.3,DHEC
CW-206,9/7/2000,9:30:00 AM,mg/L,15,0.3,DHEC
CW-206,3/23/2000,9:45:00 AM,mg/L,27,0.3,DHEC
CW-016,3/9/2000,2:40:00 PM,mg/L,5.2,0.3,DHEC
CW-208,3/9/2000,11:35:00 AM,mg/L,8.6,0.3,DHEC
CW-041,12/27/2000,1:30:00 PM,mg/L,3.1,0.3,DHEC
CW-016,5/4/2000,2:50:00 PM,mg/L,16,0.3,DHEC
CW-207,11/8/2000,10:35:00 AM,mg/L,6.2,0.3,DHEC
CW-209,10/19/2000,10:00:00 AM,mg/L,3.6,0.3,DHEC
CW-206,4/20/2000,9:30:00 AM,mg/L,27,0.3,DHEC
CW-208,1/6/2000,10:50:00 AM,mg/L,8,0.3,DHEC
CW-222,8/1/2000,9:45:00 AM,mg/L,23,0.3,DHEC
CW-207,1/6/2000,10:30:00 AM,mg/L,10,0.3,DHEC
CW-222,4/20/2000,10:20:00 AM,mg/L,30,0.3,DHEC
CW-208,11/8/2000,11:00:00 AM,mg/L,6.8,0.3,DHEC
CW-083,5/8/2000,11:05:00 AM,mg/L,17,0.3,DHEC
CW-222,1/20/2000,10:05:00 AM,mg/L,43,0.3,DHEC
CW-041,11/16/2000,1:30:00 PM,mg/L,64,0.3,DHEC
CW-041,8/17/2000,12:30:00 PM,mg/L,15,0.3,DHEC
CW-206,1/20/2000,9:20:00 AM,mg/L,16,0.3,DHEC
CW-083,7/18/2000,10:30:00 AM,mg/L,22,0.3,DHEC
CW-208,12/6/2000,11:40:00 AM,mg/L,7.6,0.3,DHEC
CW-208,2/3/2000,12:10:00 PM,mg/L,10,0.3,DHEC
CW-229,10/19/2000,8:50:00 AM,mg/L,3.2,0.3,DHEC
CW-208,7/13/2000,11:40:00 AM,mg/L,9.6,0.3,DHEC
CW-209,3/9/2000,10:30:00 AM,mg/L,8.8,0.3,DHEC
CW-206,5/25/2000,9:30:00 AM,mg/L,11,0.3,DHEC
CW-016,11/1/2001,2:45:00 PM,mg/L,4.4,0.3,DHEC
CW-222,2/15/2001,10:35:00 AM,mg/L,9.7,0.3,DHEC
CW-041,2/1/2001,1:10:00 PM,mg/L,14,0.3,DHEC
CW-231,11/29/2001,11:30:00 AM,mg/L,2.6,0.3,DHEC
CW-222,10/25/2001,10:20:00 AM,mg/L,13,0.3,DHEC
CW-083,2/14/2001,10:45:00 AM,mg/L,2.8,0.3,DHEC
CW-206,1/23/2001,9:35:00 AM,mg/L,8.5,0.3,DHEC
CW-016,5/3/2001,1:40:00 PM,mg/L,5.5,0.3,DHEC
CW-222,9/25/2001,12:50:00 PM,mg/L,23,0.3,DHEC
CW-083,4/12/2001,11:00:00 AM,mg/L,20,0.3,DHEC
CW-231,12/11/2001,11:00:00 AM,mg/L,6.8,0.3,DHEC
CW-231,8/9/2001,10:40:00 AM,mg/L,13,0.3,DHEC
CW-041,8/23/2001,1:00:00 PM,mg/L,6.5,0.3,DHEC
CW-206,3/28/2001,10:25:00 AM,mg/L,16,0.3,DHEC
CW-231,4/26/2001,11:25:00 AM,mg/L,23,0.3,DHEC
CW-222,8/27/2001,10:35:00 AM,mg/L,32,0.3,DHEC
CW-222,5/30/2001,10:00:00 AM,mg/L,31,0.3,DHEC
CW-206,5/30/2001,9:25:00 AM,mg/L,13,0.3,DHEC
CW-083,1/2/2001,11:20:00 AM,mg/L,3.8,0.3,DHEC
CW-206,7/26/2001,9:20:00 AM,mg/L,13,0.3,DHEC
CW-016,9/19/2001,1:30:00 PM,mg/L,4.1,0.3,DHEC
CW-083,9/25/2001,10:55:00 AM,mg/L,390,0.3,DHEC
CW-041,1/4/2001,1:00:00 PM,mg/L,3.2,0.3,DHEC
CW-041,11/1/2001,1:25:00 PM,mg/L,4.4,0.3,DHEC
CW-206,10/24/2001,11:25:00 AM,mg/L,6.6,0.3,DHEC
CW-083,10/1/2001,11:00:00 AM,mg/L,15,0.3,DHEC
CW-016,2/1/2001,2:00:00 PM,mg/L,14,0.3,DHEC
CW-041,6/15/2001,1:05:00 PM,mg/L,45,0.3,DHEC
CW-206,11/29/2001,8:30:00 AM,mg/L,9.5,0.3,DHEC
CW-016,12/10/2001,1:20:00 PM,mg/L,12,0.3,DHEC
CW-021,4/5/2001,1:35:00 PM,mg/L,29,0.3,DHEC
CW-222,3/28/2001,11:10:00 AM,mg/L,32,0.3,DHEC
CW-222,11/29/2001,9:30:00 AM,mg/L,13,0.3,DHEC
CW-083,3/15/2001,1:55:00 PM,mg/L,60,0.3,DHEC
CW-041,1/2/2001,11:10:00 AM,mg/L,12,0.3,DHEC
CW-222,6/27/2001,10:35:00 AM,mg/L,44,0.3,DHEC
CW-083,5/29/2001,1:55:00 PM,mg/L,48,0.3,DHEC
CW-222,1/23/2001,10:10:00 AM,mg/L,10,0.3,DHEC
CW-231,2/8/2001,10:15:00 AM,mg/L,16,0.3,DHEC
CW-041,9/19/2001,12:50:00 PM,mg/L,7.1,0.3,DHEC
CW-016,8/23/2001,1:35:00 PM,mg/L,8,0.3,DHEC
CW-016,6/28/2001,8:50:00 AM,mg/L,7.2,0.3,DHEC
CW-206,6/27/2001,10:00:00 AM,mg/L,22,0.3,DHEC
CW-083,12/13/2001,10:15:00 AM,mg/L,25,0.3,DHEC
CW-083,11/6/2001,10:40:00 AM,mg/L,12,0.3,DHEC
CW-231,1/31/2001,11:30:00 AM,mg/L,12,0.3,DHEC
CW-206,8/27/2001,9:35:00 AM,mg/L,12,0.3,DHEC
CW-016,1/4/2001,1:30:00 PM,mg/L,3,0.3,DHEC
CW-222,12/13/2001,9:55:00 AM,mg/L,11,0.3,DHEC
CW-016,4/5/2001,2:20:00 PM,mg/L,10,0.3,DHEC
CW-016,10/18/2001,2:00:00 PM,mg/L,8.8,0.3,DHEC
CW-222,7/26/2001,10:35:00 AM,mg/L,20,0.3,DHEC
CW-231,3/29/2001,10:10:00 AM,mg/L,13,0.3,DHEC
CW-041,5/3/2001,12:45:00 PM,mg/L,6,0.3,DHEC
CW-041,12/10/2001,12:45:00 PM,mg/L,4.9,0.3,DHEC
CW-041,3/1/2001,1:30:00 PM,mg/L,20,0.3,DHEC
CW-231,9/6/2001,10:50:00 AM,mg/L,23,0.3,DHEC
CW-206,2/15/2001,10:05:00 AM,mg/L,6.2,0.3,DHEC
CW-041,10/18/2001,12:40:00 PM,mg/L,6.2,0.3,DHEC
CW-206,9/20/2001,9:15:00 AM,mg/L,8.8,0.3,DHEC
CW-231,6/28/2001,11:35:00 AM,mg/L,9.7,0.3,DHEC
CW-083,6/25/2001,1:45:00 PM,mg/L,32,0.3,DHEC
CW-083,8/7/2001,10:55:00 AM,mg/L,4.3,0.3,DHEC
CW-206,12/13/2001,8:55:00 AM,mg/L,7.2,0.3,DHEC
CW-208,11/14/2002,10:20:00 AM,mg/L,7.8,0.3,DHEC
CW-041,7/30/2002,2:35:00 PM,mg/L,4.8,0.3,DHEC
CW-079,12/5/2002,11:50:00 AM,mg/L,5.2,0.3,DHEC
CW-041,11/14/2002,3:10:00 PM,mg/L,32,0.3,DHEC
CW-016,3/14/2002,10:30:00 AM,mg/L,11,0.3,DHEC
CW-209,9/4/2002,11:05:00 AM,mg/L,3.2,0.3,DHEC
CW-222,8/29/2002,11:30:00 AM,mg/L,24,0.3,DHEC
CW-016,11/21/2002,10:50:00 AM,mg/L,15,0.3,DHEC
CW-209,11/14/2002,11:20:00 AM,mg/L,7.1,0.3,DHEC
CW-231,3/14/2002,12:35:00 PM,mg/L,62,0.3,DHEC
CW-237,12/5/2002,12:25:00 PM,mg/L,8.8,0.3,DHEC
CW-083,8/20/2002,1:25:00 PM,mg/L,110,0.3,DHEC
CW-209,7/2/2002,10:50:00 AM,mg/L,4.8,0.3,DHEC
CW-209,8/22/2002,11:15:00 AM,mg/L,3.8,0.3,DHEC
CW-206,8/21/2002,9:15:00 AM,mg/L,12,0.3,DHEC
CW-016,4/25/2002,10:55:00 AM,mg/L,8.5,0.3,DHEC
CW-083,10/16/2002,2:00:00 PM,mg/L,220,0.3,DHEC
CW-206,2/13/2002,11:45:00 AM,mg/L,19,0.3,DHEC
CW-041,2/21/2002,2:30:00 PM,mg/L,18,0.3,DHEC
CW-208,3/14/2002,12:00:00 PM,mg/L,7.8,0.3,DHEC
CW-207,8/22/2002,11:00:00 AM,mg/L,5.2,0.3,DHEC
CW-231,1/31/2002,12:50:00 PM,mg/L,50,0.3,DHEC
CW-231,10/31/2002,12:10:00 PM,mg/L,6.7,0.3,DHEC
CW-222,2/28/2002,11:15:00 AM,mg/L,13,0.3,DHEC
CW-206,6/5/2002,9:20:00 AM,mg/L,6.2,0.3,DHEC
CW-209,3/14/2002,11:00:00 AM,mg/L,4.2,0.3,DHEC
CW-208,4/4/2002,10:55:00 AM,mg/L,9.8,0.3,DHEC
CW-207,9/4/2002,10:50:00 AM,mg/L,6,0.3,DHEC
CW-083,11/20/2002,11:25:00 AM,mg/L,8.9,0.3,DHEC
CW-041,12/12/2002,3:20:00 PM,mg/L,100,0.3,DHEC
CW-207,6/20/2002,11:05:00 AM,mg/L,5.6,0.3,DHEC
CW-041,8/29/2002,2:00:00 PM,mg/L,30,0.3,DHEC
CW-208,1/10/2002,11:15:00 AM,mg/L,5.2,0.3,DHEC
CW-222,3/28/2002,10:45:00 AM,mg/L,26,0.3,DHEC
CW-209,2/14/2002,10:50:00 AM,mg/L,6,0.3,DHEC
CW-016,2/28/2002,11:10:00 AM,mg/L,6.4,0.3,DHEC
CW-016,6/13/2002,10:50:00 AM,mg/L,7.3,0.3,DHEC
CW-208,2/14/2002,11:55:00 AM,mg/L,11,0.3,DHEC
CW-231,7/31/2002,12:50:00 PM,mg/L,88,0.3,DHEC
CW-209,1/10/2002,10:10:00 AM,mg/L,5.2,0.3,DHEC
CW-016,1/31/2002,10:50:00 AM,mg/L,6.6,0.3,DHEC
CW-207,4/4/2002,11:25:00 AM,mg/L,4.8,0.3,DHEC
CW-238,12/5/2002,1:05:00 PM,mg/L,3.8,0.3,DHEC
CW-222,4/29/2002,10:10:00 AM,mg/L,28,0.3,DHEC
CW-206,12/16/2002,12:00:00 PM,mg/L,27,0.3,DHEC
CW-080,12/5/2002,11:35:00 AM,mg/L,1.6,0.3,DHEC
CW-207,10/23/2002,10:45:00 AM,mg/L,9,0.3,DHEC
CW-206,3/13/2002,10:55:00 AM,mg/L,21,0.3,DHEC
CW-222,12/16/2002,11:05:00 AM,mg/L,43,0.3,DHEC
CW-209,6/20/2002,10:35:00 AM,mg/L,4.6,0.3,DHEC
CW-206,4/9/2002,11:10:00 AM,mg/L,12,0.3,DHEC
CW-222,11/25/2002,11:10:00 AM,mg/L,17,0.3,DHEC
CW-041,5/23/2002,2:05:00 PM,mg/L,18,0.3,DHEC
CW-240,5/15/2002,1:00:00 PM,mg/L,2.9,0.3,DHEC
CW-231,12/17/2002,12:30:00 PM,mg/L,12,0.3,DHEC
CW-207,7/2/2002,11:10:00 AM,mg/L,5.6,0.3,DHEC
CW-208,10/23/2002,10:10:00 AM,mg/L,8.6,0.3,DHEC
CW-206,11/12/2002,11:20:00 AM,mg/L,14,0.3,DHEC
CW-231,2/28/2002,12:35:00 PM,mg/L,8.5,0.3,DHEC
CW-222,6/27/2002,10:10:00 AM,mg/L,33,0.3,DHEC
CW-083,12/10/2002,2:20:00 PM,mg/L,4.4,0.3,DHEC
CW-250,5/15/2002,1:25:00 PM,mg/L,2.8,0.3,DHEC
CW-083,5/8/2002,1:45:00 PM,mg/L,10,0.3,DHEC
CW-021,12/5/2002,12:50:00 PM,mg/L,14,0.3,DHEC
CW-222,7/25/2002,10:25:00 AM,mg/L,30,0.3,DHEC
CW-222,10/22/2002,10:25:00 AM,mg/L,35,0.3,DHEC
CW-041,4/18/2002,2:00:00 PM,mg/L,14,0.3,DHEC
CW-208,7/2/2002,11:50:00 AM,mg/L,6.8,0.3,DHEC
CW-016,12/17/2002,11:00:00 AM,mg/L,18,0.3,DHEC
CW-206,7/10/2002,8:55:00 AM,mg/L,13,0.3,DHEC
CW-208,9/4/2002,10:10:00 AM,mg/L,6.9,0.3,DHEC
CW-041,6/20/2002,2:30:00 PM,mg/L,63,0.3,DHEC
CW-207,2/14/2002,11:15:00 AM,mg/L,9.2,0.3,DHEC
CW-231,11/21/2002,12:55:00 PM,mg/L,10,0.3,DHEC
CW-222,5/30/2002,10:35:00 AM,mg/L,31,0.3,DHEC
CW-016,7/31/2002,11:15:00 AM,mg/L,13,0.3,DHEC
CW-206,5/15/2002,12:30:00 PM,mg/L,14,0.3,DHEC
CW-041,3/28/2002,2:15:00 PM,mg/L,20,0.3,DHEC
CW-209,4/4/2002,11:35:00 AM,mg/L,4.2,0.3,DHEC
CW-016,10/31/2002,10:35:00 AM,mg/L,21,0.3,DHEC
CW-222,9/19/2002,12:15:00 PM,mg/L,16,0.3,DHEC
CW-083,9/19/2002,1:05:00 PM,mg/L,16,0.3,DHEC
CW-231,4/25/2002,12:45:00 PM,mg/L,22,0.3,DHEC
CW-207,1/10/2002,10:40:00 AM,mg/L,3.6,0.3,DHEC
CW-208,5/6/2002,9:00:00 AM,mg/L,11,0.3,DHEC
CW-206,9/18/2002,9:00:00 AM,mg/L,6.7,0.3,DHEC
CW-207,3/14/2002,11:20:00 AM,mg/L,5.2,0.3,DHEC
CW-041,10/17/2002,3:00:00 PM,mg/L,58,0.3,DHEC
CW-231,6/13/2002,12:55:00 PM,mg/L,54,0.3,DHEC
CW-208,6/20/2002,11:40:00 AM,mg/L,11,0.3,DHEC
CW-209,10/23/2002,11:00:00 AM,mg/L,6.1,0.3,DHEC
CW-208,8/22/2002,10:25:00 AM,mg/L,7.4,0.3,DHEC
CW-016,5/30/2002,10:35:00 AM,mg/L,11,0.3,DHEC
CW-207,11/14/2002,11:00:00 AM,mg/L,8,0.3,DHEC
CW-231,6/30/2003,10:15:00 AM,mg/L,47,0.3,DHEC
CW-231,9/29/2003,10:45:00 AM,mg/L,10,0.3,DHEC
CW-206,2/4/2003,11:25:00 AM,mg/L,13,0.3,DHEC
CW-083,11/5/2003,2:15:00 PM,mg/L,7.2,0.3,DHEC
CW-222,11/13/2003,1:10:00 PM,mg/L,19,0.3,DHEC
CW-041,2/20/2003,2:45:00 PM,mg/L,9.3,0.3,DHEC
CW-041,10/30/2003,2:00:00 PM,mg/L,9.8,0.3,DHEC
CW-206,12/29/2003,10:15:00 AM,mg/L,8.9,0.3,DHEC
CW-206,8/14/2003,10:00:00 AM,mg/L,19,0.3,DHEC
CW-083,9/17/2003,11:10:00 AM,mg/L,23,0.3,DHEC
CW-231,7/17/2003,10:10:00 AM,mg/L,260,0.3,DHEC
CW-041,11/20/2003,2:15:00 PM,mg/L,12,0.3,DHEC
CW-016,6/23/2003,2:55:00 PM,mg/L,8.8,0.3,DHEC
CW-231,11/13/2003,11:50:00 AM,mg/L,12,0.3,DHEC
CW-222,1/22/2003,9:55:00 AM,mg/L,15,0.3,DHEC
CW-083,5/21/2003,12:55:00 PM,mg/L,19,0.3,DHEC
CW-222,7/17/2003,11:40:00 AM,mg/L,28,0.3,DHEC
CW-222,10/21/2003,10:30:00 AM,mg/L,7.6,0.3,DHEC
CW-222,9/4/2003,11:50:00 AM,mg/L,36,0.3,DHEC
CW-206,10/21/2003,11:15:00 AM,mg/L,18,0.3,DHEC
CW-083,1/22/2003,2:15:00 PM,mg/L,3,0.3,DHEC
CW-083,8/27/2003,12:00:00 PM,mg/L,13,0.3,DHEC
CW-222,8/14/2003,11:05:00 AM,mg/L,23,0.3,DHEC
CW-016,9/29/2003,3:45:00 PM,mg/L,4.6,0.3,DHEC
CW-016,2/20/2003,3:25:00 PM,mg/L,9.1,0.3,DHEC
CW-206,1/2/2003,11:35:00 AM,mg/L,12,0.3,DHEC
CW-231,12/18/2003,10:15:00 AM,mg/L,17,0.3,DHEC
CW-083,3/10/2003,11:30:00 AM,mg/L,17,0.3,DHEC
CW-041,4/17/2003,10:25:00 AM,mg/L,19,0.3,DHEC
CW-016,4/17/2003,11:55:00 AM,mg/L,19,0.3,DHEC
CW-231,3/31/2003,11:05:00 AM,mg/L,31,0.3,DHEC
CW-206,9/4/2003,11:00:00 AM,mg/L,47,0.3,DHEC
CW-041,5/29/2003,1:25:00 PM,mg/L,6.6,0.3,DHEC
CW-231,5/15/2003,10:40:00 AM,mg/L,14,0.3,DHEC
CW-231,4/17/2003,1:40:00 PM,mg/L,400,0.3,DHEC
CW-231,8/14/2003,10:20:00 AM,mg/L,14,0.3,DHEC
CW-016,7/31/2003,2:35:00 PM,mg/L,11,0.3,DHEC
CW-222,6/30/2003,11:40:00 AM,mg/L,53,0.3,DHEC
CW-083,12/11/2003,10:30:00 AM,mg/L,250,0.3,DHEC
CW-016,11/20/2003,3:35:00 PM,mg/L,4.4,0.3,DHEC
CW-206,6/30/2003,10:00:00 AM,mg/L,48,0.3,DHEC
CW-206,3/31/2003,11:00:00 AM,mg/L,24,0.3,DHEC
CW-041,9/18/2003,2:40:00 PM,mg/L,14,0.3,DHEC
CW-041,1/30/2003,1:30:00 PM,mg/L,15,0.3,DHEC
CW-206,5/29/2003,10:00:00 AM,mg/L,11,0.3,DHEC
CW-016,8/28/2003,2:50:00 PM,mg/L,3.8,0.3,DHEC
CW-231,10/29/2003,2:50:00 PM,mg/L,13,0.3,DHEC
CW-083,10/1/2003,11:15:00 AM,mg/L,7.7,0.3,DHEC
CW-222,3/31/2003,10:10:00 AM,mg/L,32,0.3,DHEC
CW-083,2/11/2003,2:10:00 PM,mg/L,23,0.3,DHEC
CW-206,11/13/2003,12:00:00 PM,mg/L,9.5,0.3,DHEC
CW-206,7/17/2003,10:10:00 AM,mg/L,22,0.3,DHEC
CW-041,8/28/2003,2:15:00 PM,mg/L,8.8,0.3,DHEC
CW-206,4/24/2003,9:30:00 AM,mg/L,18,0.3,DHEC
CW-222,12/29/2003,11:15:00 AM,mg/L,8,0.3,DHEC
CW-016,10/30/2003,2:50:00 PM,mg/L,6.9,0.3,DHEC
CW-041,3/27/2003,2:35:00 PM,mg/L,38,0.3,DHEC
CW-083,6/19/2003,2:20:00 PM,mg/L,160,0.3,DHEC
CW-231,1/29/2003,10:50:00 AM,mg/L,9.9,0.3,DHEC
CW-083,3/22/2004,1:25:00 PM,mg/L,14,0.3,DHEC
CW-231,11/18/2004,10:08:00 AM,mg/L,6.2,0.3,DHEC
CW-222,9/23/2004,12:15:00 PM,mg/L,33,0.3,DHEC
CW-083,1/7/2004,3:05:00 PM,mg/L,7.9,0.3,DHEC
CW-041,3/10/2004,10:30:00 AM,mg/L,7.6,0.3,DHEC
CW-206,12/9/2004,9:30:00 AM,mg/L,4.6,0.3,DHEC
CW-222,5/27/2004,11:35:00 AM,mg/L,23,0.3,DHEC
CW-041,9/2/2004,3:00:00 PM,mg/L,29,0.3,DHEC
CW-014,12/13/2004,12:00:00 PM,mg/L,3.7,0.3,DHEC
CW-016,3/10/2004,4:00:00 PM,mg/L,6.5,0.3,DHEC
CW-206,2/5/2004,10:15:00 AM,mg/L,5.7,0.3,DHEC
CW-231,2/24/2004,9:45:00 AM,mg/L,8,0.3,DHEC
CW-206,7/22/2004,10:05:00 AM,mg/L,17,0.3,DHEC
CW-222,2/5/2004,11:45:00 AM,mg/L,13,0.3,DHEC
CW-231,6/17/2004,1:44:00 PM,mg/L,11,0.3,DHEC
CW-231,7/29/2004,9:38:00 AM,mg/L,7.2,0.3,DHEC
CW-016,5/27/2004,3:38:00 PM,mg/L,2.9,0.3,DHEC
CW-206,6/24/2004,10:05:00 AM,mg/L,31,0.3,DHEC
CW-206,9/23/2004,11:25:00 AM,mg/L,25,0.3,DHEC
CW-041,7/15/2004,2:54:00 PM,mg/L,7.4,0.3,DHEC
CW-231,8/26/2004,2:04:00 PM,mg/L,11,0.3,DHEC
CW-083,9/2/2004,2:30:00 PM,mg/L,24,0.3,DHEC
CW-231,12/16/2004,11:20:00 AM,mg/L,8.4,0.3,DHEC
CW-016,8/19/2004,9:20:00 AM,mg/L,22,0.3,DHEC
CW-041,10/20/2004,2:45:00 PM,mg/L,3.6,0.3,DHEC
CW-041,8/17/2004,10:10:00 AM,mg/L,20,0.3,DHEC
CW-222,12/9/2004,10:30:00 AM,mg/L,7.1,0.3,DHEC
CW-083,10/20/2004,2:20:00 PM,mg/L,7,0.3,DHEC
CW-083,2/10/2004,2:55:00 PM,mg/L,22,0.3,DHEC
CW-041,6/21/2004,1:14:00 PM,mg/L,7.6,0.3,DHEC
CW-041,5/27/2004,10:18:00 AM,mg/L,4,0.3,DHEC
CW-222,10/21/2004,10:40:00 AM,mg/L,35,0.3,DHEC
CW-222,3/17/2004,11:00:00 AM,mg/L,18,0.3,DHEC
CW-206,11/30/2004,10:15:00 AM,mg/L,10,0.3,DHEC
CW-222,4/22/2004,10:50:00 AM,mg/L,17,0.3,DHEC
CW-231,3/25/2004,2:00:00 PM,mg/L,13,0.3,DHEC
CW-231,9/15/2004,1:55:00 PM,mg/L,18,0.3,DHEC
CW-016,9/2/2004,10:02:00 AM,mg/L,16,0.3,DHEC
CW-016,10/20/2004,12:59:00 PM,mg/L,6.2,0.3,DHEC
CW-016,11/15/2004,12:55:00 PM,mg/L,5.4,0.3,DHEC
CW-222,11/30/2004,11:30:00 AM,mg/L,14,0.3,DHEC
CW-016,12/13/2004,10:30:00 AM,mg/L,5.8,0.3,DHEC
CW-016,4/8/2004,2:37:00 PM,mg/L,4,0.3,DHEC
CW-206,4/22/2004,9:40:00 AM,mg/L,9.6,0.3,DHEC
CW-041,1/21/2004,2:35:00 PM,mg/L,10,0.3,DHEC
CW-231,10/18/2004,1:55:00 PM,mg/L,13,0.3,DHEC
CW-222,6/24/2004,11:35:00 AM,mg/L,30,0.3,DHEC
CW-083,8/18/2004,9:53:00 AM,mg/L,17,0.3,DHEC
CW-206,8/12/2004,10:25:00 AM,mg/L,17,0.3,DHEC
CW-083,6/21/2004,1:00:00 PM,mg/L,37,0.3,DHEC
CW-041,4/8/2004,10:00:00 AM,mg/L,3.6,0.3,DHEC
CW-206,10/21/2004,9:50:00 AM,mg/L,13,0.3,DHEC
CW-016,2/24/2004,1:50:00 PM,mg/L,3.2,0.3,DHEC
CW-016,1/21/2004,3:15:00 PM,mg/L,3.6,0.3,DHEC
CW-206,5/27/2004,9:30:00 AM,mg/L,15,0.3,DHEC
CW-083,11/15/2004,2:06:00 PM,mg/L,7.2,0.3,DHEC
CW-206,3/17/2004,9:55:00 AM,mg/L,9.8,0.3,DHEC
CW-222,8/12/2004,11:30:00 AM,mg/L,22,0.3,DHEC
CW-222,7/22/2004,10:55:00 AM,mg/L,32,0.3,DHEC
CW-016,7/19/2004,3:09:00 PM,mg/L,34,0.3,DHEC
CW-231,4/28/2004,2:09:00 PM,mg/L,18,0.3,DHEC
CW-041,2/24/2004,2:40:00 PM,mg/L,2.6,0.3,DHEC
CW-016,2/9/2005,11:08:00 AM,mg/L,4.6,0.3,DHEC
CW-016,11/15/2005,9:40:00 AM,mg/L,1.2,0.3,DHEC
CW-083,10/27/2005,12:14:00 PM,mg/L,4.7,0.3,DHEC
CW-016,5/10/2005,9:30:00 AM,mg/L,6.7,0.3,DHEC
CW-231,3/14/2005,11:36:00 AM,mg/L,9.9,0.3,DHEC
CW-231,9/7/2005,12:56:00 PM,mg/L,13,0.3,DHEC
CW-222,7/14/2005,10:50:00 AM,mg/L,27,0.3,DHEC
CW-231,1/11/2005,11:23:00 AM,mg/L,11,0.3,DHEC
CW-206,10/13/2005,10:25:00 AM,mg/L,22,0.3,DHEC
CW-231,5/19/2005,1:43:00 PM,mg/L,11,0.3,DHEC
CW-041,9/19/2005,11:40:00 AM,mg/L,3.2,0.3,DHEC
CW-231,4/20/2005,1:56:00 PM,mg/L,10,0.3,DHEC
CW-206,7/14/2005,9:45:00 AM,mg/L,14,0.3,DHEC
CW-250,7/14/2005,9:20:00 AM,mg/L,3.4,0.3,DHEC
CW-041,4/21/2005,12:55:00 PM,mg/L,5,0.3,DHEC
CW-231,7/27/2005,8:23:00 AM,mg/L,6.2,0.3,DHEC
CW-041,12/7/2005,12:07:00 PM,mg/L,22,0.3,DHEC
CW-041,1/31/2005,12:08:00 PM,mg/L,9.2,0.3,DHEC
CW-083,11/15/2005,11:15:00 AM,mg/L,6.8,0.3,DHEC
CW-083,7/13/2005,1:38:00 PM,mg/L,19,0.3,DHEC
CW-016,8/16/2005,10:17:00 AM,mg/L,19,0.3,DHEC
CW-231,12/1/2005,1:28:00 PM,mg/L,4.2,0.3,DHEC
CW-083,9/19/2005,11:18:00 AM,mg/L,5,0.3,DHEC
CW-222,12/8/2005,10:35:00 AM,mg/L,32,0.3,DHEC
CW-041,6/9/2005,11:20:00 AM,mg/L,21,0.3,DHEC
CW-083,4/21/2005,12:25:00 PM,mg/L,12,0.3,DHEC
CW-222,1/6/2005,10:40:00 AM,mg/L,5,0.3,DHEC
CW-231,2/22/2005,2:30:00 PM,mg/L,16,0.3,DHEC
CW-206,9/15/2005,10:05:00 AM,mg/L,12,0.3,DHEC
CW-041,8/15/2005,11:34:00 AM,mg/L,350,0.3,DHEC
CW-016,3/9/2005,1:15:00 PM,mg/L,26,0.3,DHEC
CW-206,5/12/2005,9:45:00 AM,mg/L,20,0.3,DHEC
CW-206,4/21/2005,9:40:00 AM,mg/L,12,0.3,DHEC
CW-206,8/11/2005,9:45:00 AM,mg/L,26,0.3,DHEC
CW-041,2/8/2005,11:20:00 AM,mg/L,2.8,0.3,DHEC
CW-041,10/27/2005,12:30:00 PM,mg/L,2.2,0.3,DHEC
CW-222,3/17/2005,10:35:00 AM,mg/L,19,0.3,DHEC
CW-222,9/15/2005,11:05:00 AM,mg/L,24,0.3,DHEC
CW-231,6/21/2005,1:10:00 PM,mg/L,16,0.3,DHEC
CW-016,1/26/2005,9:26:00 AM,mg/L,3.2,0.3,DHEC
CW-083,8/15/2005,11:07:00 AM,mg/L,400,0.3,DHEC
CW-083,6/9/2005,11:55:00 AM,mg/L,250,0.3,DHEC
CW-206,11/9/2005,9:25:00 AM,mg/L,7.3,0.3,DHEC
CW-041,11/15/2005,11:35:00 AM,mg/L,0.8,0.3,DHEC
CW-222,8/11/2005,10:45:00 AM,mg/L,19,0.3,DHEC
CW-083,1/31/2005,11:43:00 AM,mg/L,24,0.3,DHEC
CW-083,3/9/2005,11:47:00 AM,mg/L,69,0.3,DHEC
CW-206,3/17/2005,9:30:00 AM,mg/L,14,0.3,DHEC
CW-231,11/3/2005,1:53:00 PM,mg/L,6.9,0.3,DHEC
CW-041,7/13/2005,2:00:00 PM,mg/L,14,0.3,DHEC
CW-222,5/12/2005,10:50:00 AM,mg/L,23,0.3,DHEC
CW-016,7/13/2005,9:45:00 AM,mg/L,11,0.3,DHEC
CW-222,4/21/2005,10:40:00 AM,mg/L,28,0.3,DHEC
CW-231,10/3/2005,2:37:00 PM,mg/L,5.2,0.3,DHEC
CW-222,2/24/2005,11:25:00 AM,mg/L,19,0.3,DHEC
CW-041,5/26/2005,10:45:00 AM,mg/L,4.1,0.3,DHEC
CW-041,3/9/2005,12:32:00 PM,mg/L,33,0.3,DHEC
CW-016,9/22/2005,11:13:00 AM,mg/L,6.4,0.3,DHEC
CW-222,11/9/2005,10:25:00 AM,mg/L,12,0.3,DHEC
CW-083,12/7/2005,11:50:00 AM,mg/L,37,0.3,DHEC
CW-206,2/24/2005,10:15:00 AM,mg/L,13,0.3,DHEC
CW-083,5/26/2005,11:23:00 AM,mg/L,9.8,0.3,DHEC
CW-083,2/8/2005,10:50:00 AM,mg/L,6.6,0.3,DHEC
CW-231,8/11/2005,9:52:00 AM,mg/L,12,0.3,DHEC
CW-016,6/2/2005,12:25:00 PM,mg/L,50,0.3,DHEC
CW-206,12/8/2005,9:30:00 AM,mg/L,12,0.3,DHEC
CW-016,10/31/2005,12:00:00 PM,mg/L,0.8,0.3,DHEC
CW-206,1/6/2005,9:20:00 AM,mg/L,6.7,0.3,DHEC
CW-016,4/21/2005,9:47:00 AM,mg/L,6.4,0.3,DHEC
CW-083,10/4/2006,11:45:00 AM,mg/L,6,0.3,DHEC
CW-206,8/1/2006,10:20:00 AM,mg/L,14,0.3,DHEC
CW-222,11/30/2006,10:55:00 AM,mg/L,44,0.3,DHEC
CW-041,5/4/2006,10:47:00 AM,mg/L,4.7,0.3,DHEC
CW-041,8/2/2006,1:57:00 PM,mg/L,10,0.3,DHEC
CW-016,1/3/2006,2:09:00 PM,mg/L,7.6,0.3,DHEC
CW-231,7/17/2006,12:10:00 PM,mg/L,5,0.3,DHEC
CW-206,2/9/2006,10:35:00 AM,mg/L,11,0.3,DHEC
CW-083,4/11/2006,12:30:00 PM,mg/L,3.6,0.3,DHEC
CW-231,10/12/2006,9:20:00 AM,mg/L,6.4,0.3,DHEC
CW-083,6/8/2006,1:50:00 PM,mg/L,9,0.3,DHEC
CW-231,8/23/2006,10:06:00 AM,mg/L,16,0.3,DHEC
CW-206,5/11/2006,10:15:00 AM,mg/L,11,0.3,DHEC
CW-041,9/5/2006,12:37:00 PM,mg/L,12,0.3,DHEC
CW-041,7/6/2006,10:29:00 AM,mg/L,10,0.3,DHEC
CW-083,9/5/2006,12:04:00 PM,mg/L,7.5,0.3,DHEC
CW-206,7/13/2006,10:15:00 AM,mg/L,28,0.3,DHEC
CW-222,6/15/2006,11:45:00 AM,mg/L,17,0.3,DHEC
CW-231,1/11/2006,1:12:00 PM,mg/L,4.6,0.3,DHEC
CW-222,5/11/2006,11:15:00 AM,mg/L,16,0.3,DHEC
CW-222,2/9/2006,11:35:00 AM,mg/L,10,0.3,DHEC
CW-016,4/12/2006,8:54:00 AM,mg/L,6.4,0.3,DHEC
CW-041,4/11/2006,12:52:00 PM,mg/L,1.8,0.3,DHEC
CW-083,5/4/2006,10:28:00 AM,mg/L,12,0.3,DHEC
CW-041,12/5/2006,12:23:00 PM,mg/L,12,0.3,DHEC
CW-222,4/13/2006,11:35:00 AM,mg/L,7.9,0.3,DHEC
CW-231,5/23/2006,12:49:00 PM,mg/L,7.6,0.3,DHEC
CW-222,7/13/2006,11:25:00 AM,mg/L,24,0.3,DHEC
CW-222,10/19/2006,11:00:00 AM,mg/L,16,0.3,DHEC
CW-083,3/23/2006,12:26:00 PM,mg/L,9.2,0.3,DHEC
CW-206,10/19/2006,9:55:00 AM,mg/L,9.2,0.3,DHEC
CW-231,4/17/2006,1:40:00 PM,mg/L,11,0.3,DHEC
CW-222,1/12/2006,11:35:00 AM,mg/L,0.55,0.3,DHEC
CW-041,11/1/2006,12:15:00 PM,mg/L,5,0.3,DHEC
CW-222,8/1/2006,11:15:00 AM,mg/L,21,0.3,DHEC
CW-083,7/6/2006,10:06:00 AM,mg/L,14,0.3,DHEC
CW-083,1/10/2006,11:40:00 AM,mg/L,4,0.3,DHEC
CW-016,6/7/2006,9:53:00 AM,mg/L,100,0.3,DHEC
CW-016,7/6/2006,9:00:00 AM,mg/L,12,0.3,DHEC
CW-016,3/1/2006,1:49:00 PM,mg/L,6,0.3,DHEC
CW-016,2/8/2006,9:19:00 AM,mg/L,3,0.3,DHEC
CW-206,9/6/2006,10:05:00 AM,mg/L,15,0.3,DHEC
CW-206,3/2/2006,9:40:00 AM,mg/L,11,0.3,DHEC
CW-206,12/6/2006,10:20:00 AM,mg/L,20,0.3,DHEC
CW-041,3/23/2006,12:50:00 PM,mg/L,14,0.3,DHEC
CW-222,3/2/2006,10:55:00 AM,mg/L,4,0.3,DHEC
CW-016,10/10/2006,8:45:00 AM,mg/L,12,0.3,DHEC
CW-041,6/8/2006,2:10:00 PM,mg/L,6.6,0.3,DHEC
CW-083,11/1/2006,11:51:00 AM,mg/L,4,0.3,DHEC
CW-016,5/24/2006,10:01:00 AM,mg/L,8,0.3,DHEC
CW-016,11/2/2006,8:37:00 AM,mg/L,8.2,0.3,DHEC
CW-231,12/5/2006,11:24:00 AM,mg/L,14,0.3,DHEC
CW-016,12/7/2006,9:12:00 AM,mg/L,5,0.3,DHEC
CW-083,12/5/2006,12:00:00 PM,mg/L,3,0.3,DHEC
CW-222,12/6/2006,11:15:00 AM,mg/L,41,0.3,DHEC
CW-041,10/4/2006,12:07:00 PM,mg/L,11,0.3,DHEC
CW-206,11/30/2006,9:55:00 AM,mg/L,22,0.3,DHEC
CW-231,2/7/2006,12:17:00 PM,mg/L,5.8,0.3,DHEC
CW-083,2/8/2006,12:33:00 PM,mg/L,4.7,0.3,DHEC
CW-041,2/8/2006,12:55:00 PM,mg/L,0.5,0.3,DHEC
CW-231,9/27/2006,11:04:00 AM,mg/L,8.2,0.3,DHEC
CW-041,1/10/2006,12:15:00 PM,mg/L,4.8,0.3,DHEC
CW-206,4/13/2006,10:30:00 AM,mg/L,10,0.3,DHEC
CW-222,9/6/2006,10:55:00 AM,mg/L,13,0.3,DHEC
CW-083,8/2/2006,1:32:00 PM,mg/L,4.4,0.3,DHEC
CW-206,1/12/2006,10:35:00 AM,mg/L,1.9,0.3,DHEC
CW-206,6/15/2006,10:10:00 AM,mg/L,39,0.3,DHEC
CW-206,9/6/2007,10:45:00 AM,mg/L,4.9,0.3,DHEC
CW-209,2/15/2007,12:15:00 PM,mg/L,5.4,0.3,DHEC
CW-206,7/26/2007,10:30:00 AM,mg/L,13,0.3,DHEC
CW-231,8/23/2007,10:40:00 AM,mg/L,5,0.3,DHEC
CW-206,8/9/2007,10:30:00 AM,mg/L,13,0.3,DHEC
CW-016,4/4/2007,2:13:00 PM,mg/L,9.2,0.3,DHEC
CW-207,9/4/2007,11:05:00 AM,mg/L,6.3,0.3,DHEC
CW-207,12/10/2007,11:00:00 AM,mg/L,4.8,0.3,DHEC
CW-016,2/14/2007,8:24:00 AM,mg/L,22,0.3,DHEC
CW-231,9/20/2007,9:45:00 AM,mg/L,5.8,0.3,DHEC
CW-209,5/17/2007,11:30:00 AM,mg/L,3.7,0.3,DHEC
CW-222,11/1/2007,11:25:00 AM,mg/L,11,0.3,DHEC
CW-222,9/6/2007,11:30:00 AM,mg/L,12,0.3,DHEC
CW-207,4/12/2007,11:05:00 AM,mg/L,7,0.3,DHEC
CW-207,2/15/2007,11:20:00 AM,mg/L,5.7,0.3,DHEC
CW-016,9/18/2007,9:13:00 AM,mg/L,16,0.3,DHEC
CW-083,12/13/2007,12:10:00 PM,mg/L,7.8,0.3,DHEC
CW-208,5/17/2007,10:30:00 AM,mg/L,6,0.3,DHEC
CW-207,5/17/2007,11:00:00 AM,mg/L,3.8,0.3,DHEC
CW-209,6/14/2007,12:00:00 PM,mg/L,4.1,0.3,DHEC
CW-208,12/10/2007,10:15:00 AM,mg/L,6.3,0.3,DHEC
CW-083,6/19/2007,9:23:00 AM,mg/L,19,0.3,DHEC
CW-016,6/12/2007,9:21:00 AM,mg/L,5.3,0.3,DHEC
CW-231,6/26/2007,1:09:00 PM,mg/L,14,0.3,DHEC
CW-209,8/1/2007,11:35:00 AM,mg/L,4.1,0.3,DHEC
CW-209,1/25/2007,11:40:00 AM,mg/L,6,0.3,DHEC
CW-083,8/21/2007,9:05:00 AM,mg/L,6,0.3,DHEC
CW-208,2/15/2007,10:35:00 AM,mg/L,16,0.3,DHEC
CW-016,11/13/2007,9:30:00 AM,mg/L,3.2,0.3,DHEC
CW-016,12/3/2007,10:32:00 AM,mg/L,4.5,0.3,DHEC
CW-209,12/10/2007,11:15:00 AM,mg/L,4.2,0.3,DHEC
CW-207,6/14/2007,11:30:00 AM,mg/L,5.2,0.3,DHEC
CW-083,11/13/2007,9:47:00 AM,mg/L,8.5,0.3,DHEC
CW-208,9/4/2007,10:50:00 AM,mg/L,7.3,0.3,DHEC
CW-208,6/14/2007,10:55:00 AM,mg/L,7.7,0.3,DHEC
CW-206,1/4/2007,10:25:00 AM,mg/L,18,0.3,DHEC
CW-209,4/12/2007,11:20:00 AM,mg/L,4.4,0.3,DHEC
CW-208,8/1/2007,11:05:00 AM,mg/L,11,0.3,DHEC
CW-222,7/26/2007,11:20:00 AM,mg/L,25,0.3,DHEC
CW-083,9/12/2007,9:15:00 AM,mg/L,43,0.3,DHEC
CW-206,2/22/2007,9:40:00 AM,mg/L,11,0.3,DHEC
CW-016,8/8/2007,12:36:00 PM,mg/L,7,0.3,DHEC
CW-016,3/7/2007,9:00:00 AM,mg/L,14,0.3,DHEC
CW-206,11/1/2007,10:35:00 AM,mg/L,9,0.3,DHEC
CW-209,9/4/2007,11:20:00 AM,mg/L,2.8,0.3,DHEC
CW-231,5/31/2007,10:40:00 AM,mg/L,3.2,0.3,DHEC
CW-208,11/27/2007,9:30:00 AM,mg/L,11,0.3,DHEC
CW-222,6/28/2007,11:05:00 AM,mg/L,17,0.3,DHEC
CW-207,11/27/2007,10:10:00 AM,mg/L,6.8,0.3,DHEC
CW-222,3/29/2007,11:15:00 AM,mg/L,17,0.3,DHEC
CW-222,8/9/2007,11:30:00 AM,mg/L,26,0.3,DHEC
CW-208,7/12/2007,10:40:00 AM,mg/L,8.1,0.3,DHEC
CW-206,5/24/2007,10:15:00 AM,mg/L,12,0.3,DHEC
CW-231,4/19/2007,10:09:00 AM,mg/L,7.5,0.3,DHEC
CW-231,2/22/2007,9:41:00 AM,mg/L,10,0.3,DHEC
CW-207,7/12/2007,10:55:00 AM,mg/L,6.2,0.3,DHEC
CW-206,3/29/2007,10:05:00 AM,mg/L,8.4,0.3,DHEC
CW-083,2/20/2007,9:18:00 AM,mg/L,4,0.3,DHEC
CW-083,7/17/2007,9:26:00 AM,mg/L,36,0.3,DHEC
CW-231,7/19/2007,11:02:00 AM,mg/L,12,0.3,DHEC
CW-206,12/6/2007,10:10:00 AM,mg/L,2.6,0.3,DHEC
CW-231,1/31/2007,9:50:00 AM,mg/L,6.2,0.3,DHEC
CW-231,12/27/2007,12:14:00 PM,mg/L,18,0.3,DHEC
CW-083,4/18/2007,11:46:00 AM,mg/L,13,0.3,DHEC
CW-016,7/11/2007,8:35:00 AM,mg/L,20,0.3,DHEC
CW-231,10/29/2007,10:13:00 AM,mg/L,6.5,0.3,DHEC
CW-222,2/22/2007,10:40:00 AM,mg/L,13,0.3,DHEC
CW-207,1/25/2007,11:20:00 AM,mg/L,6.8,0.3,DHEC
CW-222,5/24/2007,11:05:00 AM,mg/L,17,0.3,DHEC
CW-016,5/8/2007,9:40:00 AM,mg/L,18,0.3,DHEC
CW-231,3/29/2007,9:30:00 AM,mg/L,10,0.3,DHEC
CW-209,7/12/2007,11:10:00 AM,mg/L,4.5,0.3,DHEC
CW-083,10/3/2007,9:06:00 AM,mg/L,12,0.3,DHEC
CW-207,8/1/2007,11:20:00 AM,mg/L,5.6,0.3,DHEC
CW-206,10/11/2007,11:00:00 AM,mg/L,14,0.3,DHEC
CW-083,1/10/2007,12:03:00 PM,mg/L,22,0.3,DHEC
CW-209,11/27/2007,10:30:00 AM,mg/L,4,0.3,DHEC
CW-222,10/11/2007,11:50:00 AM,mg/L,39,0.3,DHEC
CW-083,3/27/2007,12:45:00 PM,mg/L,8.8,0.3,DHEC
CW-222,1/4/2007,11:20:00 AM,mg/L,19,0.3,DHEC
CW-208,1/25/2007,10:50:00 AM,mg/L,10,0.3,DHEC
CW-206,6/28/2007,10:05:00 AM,mg/L,11,0.3,DHEC
CW-206,4/25/2007,10:25:00 AM,mg/L,9.7,0.3,DHEC
CW-208,4/12/2007,10:20:00 AM,mg/L,9.3,0.3,DHEC
CW-222,4/25/2007,11:15:00 AM,mg/L,15,0.3,DHEC
CW-206,9/4/2008,10:35:00 AM,mg/L,21,0.3,DHEC
CW-067,8/19/2008,8:45:00 AM,mg/L,7.8,0.3,DHEC
CW-222,5/15/2008,11:30:00 AM,mg/L,15,0.3,DHEC
CW-695,8/19/2008,10:15:00 AM,mg/L,12,0.3,DHEC
CW-083,6/17/2008,9:15:00 AM,mg/L,8,0.3,DHEC
CW-222,4/3/2008,11:40:00 AM,mg/L,37,0.3,DHEC
CW-222,1/10/2008,12:55:00 PM,mg/L,15,0.3,DHEC
CW-016,9/10/2008,9:23:00 AM,mg/L,5.6,0.3,DHEC
CW-231,5/14/2008,12:11:00 PM,mg/L,12,0.3,DHEC
CW-231,8/14/2008,1:15:00 PM,mg/L,3.2,0.3,DHEC
CW-231,10/9/2008,1:17:00 PM,mg/L,4.8,0.3,DHEC
CW-206,11/25/2008,10:40:00 AM,mg/L,14,0.3,DHEC
CW-222,10/28/2008,12:05:00 PM,mg/L,9.7,0.3,DHEC
CW-083,1/16/2008,1:54:00 PM,mg/L,6,0.3,DHEC
CW-231,3/26/2008,2:12:00 PM,mg/L,16,0.3,DHEC
CW-206,6/24/2008,10:15:00 AM,mg/L,13,0.3,DHEC
CW-083,9/2/2008,10:31:00 AM,mg/L,47,0.3,DHEC
CW-057,12/29/2008,10:40:00 AM,mg/L,10,0.3,DHEC
CW-231,2/26/2008,9:01:00 AM,mg/L,18,0.3,DHEC
CW-083,7/22/2008,9:27:00 AM,mg/L,6.4,0.3,DHEC
CW-016,11/19/2008,9:18:00 AM,mg/L,9.6,0.3,DHEC
CW-083,4/22/2008,9:17:00 AM,mg/L,7,0.3,DHEC
CW-083,12/4/2008,9:56:00 AM,mg/L,6.5,0.3,DHEC
CW-016,1/15/2008,11:35:00 AM,mg/L,12,0.3,DHEC
CW-231,4/29/2008,9:43:00 AM,mg/L,18,0.3,DHEC
RS-07059,8/14/2008,9:55:00 AM,mg/L,28,0.3,DHEC
CW-206,7/17/2008,9:55:00 AM,mg/L,15,0.3,DHEC
CW-222,8/14/2008,10:45:00 AM,mg/L,26,0.3,DHEC
CW-083,10/8/2008,9:21:00 AM,mg/L,7.2,0.3,DHEC
CW-016,5/6/2008,9:17:00 AM,mg/L,11,0.3,DHEC
CW-083,5/7/2008,9:37:00 AM,mg/L,4.4,0.3,DHEC
CW-016,8/12/2008,9:11:00 AM,mg/L,12,0.3,DHEC
CW-016,4/15/2008,9:02:00 AM,mg/L,35,0.3,DHEC
CW-016,12/18/2008,9:13:00 AM,mg/L,12,0.3,DHEC
CW-222,11/25/2008,11:35:00 AM,mg/L,16,0.3,DHEC
RS-07208,8/19/2008,12:00:00 PM,mg/L,35,0.3,DHEC
CW-206,12/16/2008,10:35:00 AM,mg/L,13,0.3,DHEC
CW-083,11/6/2008,10:42:00 AM,mg/L,2,0.3,DHEC
CW-016,6/4/2008,9:41:00 AM,mg/L,8.3,0.3,DHEC
CW-206,8/14/2008,10:00:00 AM,mg/L,13,0.3,DHEC
CW-231,7/24/2008,12:28:00 PM,mg/L,3.8,0.3,DHEC
CW-016,2/13/2008,8:41:00 AM,mg/L,7.5,0.3,DHEC
CW-083,2/20/2008,9:44:00 AM,mg/L,18,0.3,DHEC
CW-206,4/3/2008,10:35:00 AM,mg/L,20,0.3,DHEC
CW-016,10/23/2008,9:22:00 AM,mg/L,5.2,0.3,DHEC
CW-016,7/8/2008,9:11:00 AM,mg/L,47,0.3,DHEC
CW-206,2/14/2008,10:20:00 AM,mg/L,7.5,0.3,DHEC
CW-206,1/10/2008,11:05:00 AM,mg/L,5.3,0.3,DHEC
CW-206,3/13/2008,10:30:00 AM,mg/L,18,0.3,DHEC
CW-016,3/18/2008,8:28:00 AM,mg/L,28,0.3,DHEC
CW-231,9/29/2008,12:24:00 PM,mg/L,4.6,0.3,DHEC
CW-206,10/28/2008,11:20:00 AM,mg/L,5.6,0.3,DHEC
CW-083,3/17/2008,10:32:00 AM,mg/L,46,0.3,DHEC
CW-222,9/4/2008,11:20:00 AM,mg/L,61,0.3,DHEC
CW-222,2/14/2008,11:25:00 AM,mg/L,15,0.3,DHEC
CW-222,7/17/2008,11:10:00 AM,mg/L,28,0.3,DHEC
CW-222,3/13/2008,11:20:00 AM,mg/L,29,0.3,DHEC
CW-231,1/23/2008,11:29:00 AM,mg/L,9,0.3,DHEC
CW-231,6/12/2008,12:39:00 PM,mg/L,2.5,0.3,DHEC
CW-206,5/15/2008,10:40:00 AM,mg/L,8.2,0.3,DHEC
CW-222,6/24/2008,11:25:00 AM,mg/L,25,0.3,DHEC
CW-231,4/23/2009,11:22:00 AM,mg/L,16,0.3,DHEC
CW-222,5/14/2009,11:45:00 AM,mg/L,21,0.3,DHEC
CW-222,4/14/2009,10:40:00 AM,mg/L,35,0.3,DHEC
CW-016,6/16/2009,10:09:00 AM,mg/L,8,0.3,DHEC
CW-016,2/11/2009,9:08:00 AM,mg/L,7,0.3,DHEC
CW-231,3/31/2009,9:20:00 AM,mg/L,28,0.3,DHEC
CW-016,8/12/2009,9:27:00 AM,mg/L,9.2,0.3,DHEC
CW-231,5/12/2009,11:31:00 AM,mg/L,10,0.3,DHEC
CW-222,8/27/2009,11:20:00 AM,mg/L,19,0.3,DHEC
CW-016,9/2/2009,9:41:00 AM,mg/L,20,0.3,DHEC
CW-222,6/25/2009,10:30:00 AM,mg/L,25,0.3,DHEC
CW-231,8/27/2009,12:45:00 PM,mg/L,5,0.3,DHEC
CW-206,7/16/2009,9:20:00 AM,mg/L,12,0.3,DHEC
CW-016,3/4/2009,10:11:00 AM,mg/L,20,0.3,DHEC
CW-223,8/6/2009,11:05:00 AM,mg/L,4.8,0.3,DHEC
CW-206,8/27/2009,10:20:00 AM,mg/L,13,0.3,DHEC
RS-07208,8/11/2009,12:00:00 AM,mg/L,22,0.3,DHEC
CW-206,12/9/2009,10:05:00 AM,mg/L,9.1,0.3,DHEC
CW-206,3/19/2009,10:25:00 AM,mg/L,23,0.3,DHEC
CW-231,11/16/2009,12:19:00 PM,mg/L,18,0.3,DHEC
CW-016,1/6/2009,9:44:00 AM,mg/L,25,0.3,DHEC
CW-231,7/23/2009,11:50:00 AM,mg/L,3.6,0.3,DHEC
CW-016,7/16/2009,9:17:00 AM,mg/L,6.3,0.3,DHEC
CW-231,9/30/2009,11:01:00 AM,mg/L,4,0.3,DHEC
CW-206,1/8/2009,10:55:00 AM,mg/L,26,0.3,DHEC
CW-206,6/25/2009,9:35:00 AM,mg/L,14,0.3,DHEC
CW-222,3/19/2009,11:15:00 AM,mg/L,32,0.3,DHEC
CW-206,10/28/2009,9:30:00 AM,mg/L,6.7,0.3,DHEC
CW-016,4/21/2009,9:09:00 AM,mg/L,20,0.3,DHEC
CW-231,1/26/2009,12:10:00 PM,mg/L,10,0.3,DHEC
CW-206,4/14/2009,9:50:00 AM,mg/L,24,0.3,DHEC
CW-016,11/2/2009,9:26:00 AM,mg/L,36,0.3,DHEC
CW-016,5/13/2009,9:14:00 AM,mg/L,20,0.3,DHEC
RS-07059,8/6/2009,9:55:00 AM,mg/L,14,0.3,DHEC
CW-222,2/5/2009,11:50:00 AM,mg/L,8.5,0.3,DHEC
CW-206,2/5/2009,10:45:00 AM,mg/L,16,0.3,DHEC
CW-206,5/14/2009,10:40:00 AM,mg/L,15,0.3,DHEC
CW-695,8/11/2009,12:00:00 AM,mg/L,3.2,0.3,DHEC
CW-222,7/16/2009,10:10:00 AM,mg/L,23,0.3,DHEC
CW-222,1/8/2009,11:45:00 AM,mg/L,45,0.3,DHEC
CW-083,1/7/2010,10:41:00 AM,mg/L,5.1,0.3,DHEC
CW-041,3/2/2010,10:13:00 AM,mg/L,5.2,0.3,DHEC
CW-207,11/18/2010,10:25:00 AM,mg/L,5.4,0.3,DHEC
CW-222,2/25/2010,10:40:00 AM,mg/L,22,0.3,DHEC
CW-016,5/18/2010,9:40:00 AM,mg/L,9.7,0.3,DHEC
CW-206,4/29/2010,9:30:00 AM,mg/L,22,0.3,DHEC
CW-207,1/7/2010,10:35:00 AM,mg/L,6.8,0.3,DHEC
CW-206,8/19/2010,10:20:00 AM,mg/L,16,0.3,DHEC
CW-222,4/29/2010,10:25:00 AM,mg/L,18,0.3,DHEC
CW-206,6/22/2010,9:10:00 AM,mg/L,17,0.3,DHEC
CW-206,12/16/2010,9:20:00 AM,mg/L,12,0.3,DHEC
CW-005,8/18/2010,12:10:00 PM,mg/L,3,0.3,DHEC
RS-07059,9/14/2010,10:32:00 AM,mg/L,4.7,0.3,DHEC
CW-222,8/19/2010,11:40:00 AM,mg/L,31,0.3,DHEC
RS-07208,8/18/2010,1:42:00 PM,mg/L,11,0.3,DHEC
CW-223,9/14/2010,9:00:00 AM,mg/L,6.6,0.3,DHEC
CW-016,3/1/2010,11:15:00 AM,mg/L,7.7,0.3,DHEC
CW-067,9/14/2010,11:52:00 AM,mg/L,2,0.3,DHEC
CW-207,9/16/2010,11:20:00 AM,mg/L,5.9,0.3,DHEC
CW-222,12/16/2010,10:15:00 AM,mg/L,25,0.3,DHEC
CW-041,5/25/2010,9:30:00 AM,mg/L,16,0.3,DHEC
CW-231,11/18/2010,11:51:00 AM,mg/L,8.2,0.3,DHEC
CW-231,9/15/2010,9:24:00 AM,mg/L,6,0.3,DHEC
CW-016,9/7/2010,12:15:00 PM,mg/L,9.1,0.3,DHEC
CW-041,1/12/2010,10:22:00 AM,mg/L,6.4,0.3,DHEC
RL-10102,6/29/2010,10:21:00 AM,mg/L,4.7,0.3,DHEC
CW-207,3/25/2010,10:15:00 AM,mg/L,11,0.3,DHEC
CW-207,5/20/2010,10:40:00 AM,mg/L,5.8,0.3,DHEC
CW-231,7/27/2010,10:27:00 AM,mg/L,6.6,0.3,DHEC
CW-041,11/22/2010,10:13:00 AM,mg/L,4.8,0.3,DHEC
CW-207,7/15/2010,10:50:00 AM,mg/L,5.3,0.3,DHEC
CW-222,10/12/2010,11:40:00 AM,mg/L,14,0.3,DHEC
CW-041,7/14/2010,9:40:00 AM,mg/L,54,0.3,DHEC
CW-206,2/25/2010,9:40:00 AM,mg/L,18,0.3,DHEC
CW-222,6/22/2010,10:05:00 AM,mg/L,24,0.3,DHEC
CW-016,1/7/2010,11:39:00 AM,mg/L,8.1,0.3,DHEC
CW-231,5/12/2010,10:09:00 AM,mg/L,5.2,0.3,DHEC
CW-206,10/12/2010,10:30:00 AM,mg/L,5.7,0.3,DHEC
CW-016,4/12/2011,9:24:00 AM,mg/L,29,0.3,DHEC
CW-222,2/17/2011,12:15:00 PM,mg/L,14,0.3,DHEC
CW-231,8/25/2011,9:37:00 AM,mg/L,5.7,0.3,DHEC
CW-222,6/30/2011,12:45:00 PM,mg/L,23,0.3,DHEC
CW-206,2/17/2011,11:15:00 AM,mg/L,7.8,0.3,DHEC
CW-207,3/24/2011,10:35:00 AM,mg/L,6.7,0.3,DHEC
CW-016,6/9/2011,9:12:00 AM,mg/L,14,0.3,DHEC
CW-231,12/12/2011,10:51:00 AM,mg/L,12,0.3,DHEC
CW-041,3/2/2011,9:58:00 AM,mg/L,50,0.3,DHEC
CW-057,12/12/2011,1:40:00 PM,mg/L,11,0.3,DHEC
CW-206,10/18/2011,11:10:00 AM,mg/L,7.9,0.3,DHEC
CW-041,7/19/2011,9:41:00 AM,mg/L,9.2,0.3,DHEC
CW-206,4/28/2011,10:10:00 AM,mg/L,21,0.3,DHEC
CW-222,4/28/2011,11:20:00 AM,mg/L,34,0.3,DHEC
CW-016,2/22/2011,12:54:00 PM,mg/L,7.5,0.3,DHEC
CW-206,6/30/2011,11:55:00 AM,mg/L,12,0.3,DHEC
CW-016,8/3/2011,9:19:00 AM,mg/L,29,0.3,DHEC
CW-222,8/25/2011,11:30:00 AM,mg/L,25,0.3,DHEC
CW-083,2/22/2011,11:13:00 AM,mg/L,3,0.3,DHEC
CW-083,4/12/2011,10:15:00 AM,mg/L,38,0.3,DHEC
CW-231,10/27/2011,10:00:00 AM,mg/L,5.4,0.3,DHEC
CW-206,8/25/2011,10:30:00 AM,mg/L,16,0.3,DHEC
CW-231,6/13/2011,12:29:00 PM,mg/L,5.9,0.3,DHEC
CW-207,5/26/2011,10:50:00 AM,mg/L,5.3,0.3,DHEC
CW-222,10/18/2011,12:10:00 PM,mg/L,20,0.3,DHEC
CW-083,12/15/2011,12:59:00 PM,mg/L,2.6,0.3,DHEC
CW-041,5/17/2011,9:45:00 AM,mg/L,110,0.3,DHEC
CW-016,12/15/2011,1:36:00 PM,mg/L,20,0.3,DHEC
CW-041,9/7/2011,9:30:00 AM,mg/L,32,0.3,DHEC
CW-016,10/5/2011,9:18:00 AM,mg/L,10,0.3,DHEC
CW-207,9/27/2011,10:50:00 AM,mg/L,4.4,0.3,DHEC
CW-207,7/28/2011,12:05:00 PM,mg/L,6.5,0.3,DHEC
CW-083,10/5/2011,9:52:00 AM,mg/L,10,0.3,DHEC
CW-041,11/8/2011,9:42:00 AM,mg/L,5,0.3,DHEC
CW-014,11/9/2011,9:14:00 AM,mg/L,7.4,0.3,DHEC
CW-207,11/14/2011,11:20:00 AM,mg/L,5,0.3,DHEC
CW-231,8/16/2012,11:50:00 AM,mg/L,7.2,0.3,DHEC
CW-231,4/26/2012,11:40:00 AM,mg/L,9.5,0.3,DHEC
CW-222,11/7/2012,11:10:00 AM,mg/L,9.1,0.3,DHEC
CW-016,12/5/2012,9:23:00 AM,mg/L,7.2,0.3,DHEC
CW-206,11/7/2012,10:05:00 AM,mg/L,8.1,0.3,DHEC
CW-222,1/25/2012,10:30:00 AM,mg/L,21,0.3,DHEC
CW-207,11/15/2012,10:50:00 AM,mg/L,7.3,0.3,DHEC
CW-083,10/11/2012,10:30:00 AM,mg/L,5.2,0.3,DHEC
CW-206,5/31/2012,9:55:00 AM,mg/L,21,0.3,DHEC
CW-016,2/2/2012,11:13:00 AM,mg/L,4.4,0.3,DHEC
CW-222,9/17/2012,11:30:00 AM,mg/L,27,0.3,DHEC
CW-207,9/27/2012,11:05:00 AM,mg/L,4.4,0.3,DHEC
CW-016,8/8/2012,2:23:00 PM,mg/L,36,0.3,DHEC
CW-222,7/25/2012,11:25:00 AM,mg/L,20,0.3,DHEC
CW-222,5/31/2012,10:55:00 AM,mg/L,42,0.3,DHEC
CW-207,7/19/2012,12:15:00 PM,mg/L,5.1,0.3,DHEC
CW-057,3/20/2012,10:40:00 AM,mg/L,4.2,0.3,DHEC
CW-222,3/29/2012,11:20:00 AM,mg/L,18,0.3,DHEC
CW-231,6/14/2012,11:35:00 AM,mg/L,5.8,0.3,DHEC
CW-231,2/22/2012,11:50:00 AM,mg/L,9.8,0.3,DHEC
CW-083,4/9/2012,11:02:00 AM,mg/L,8.1,0.3,DHEC
CW-016,10/8/2012,1:50:00 PM,mg/L,12,0.3,DHEC
CW-231,10/23/2012,12:50:00 PM,mg/L,2.1,0.3,DHEC
CW-231,1/25/2012,2:27:00 PM,mg/L,18,0.3,DHEC
CW-083,2/8/2012,11:00:00 AM,mg/L,6.9,0.3,DHEC
CW-206,3/29/2012,10:30:00 AM,mg/L,8.7,0.3,DHEC
CW-083,12/5/2012,10:55:00 AM,mg/L,6,0.3,DHEC
CW-207,1/19/2012,11:55:00 AM,mg/L,6.8,0.3,DHEC
CW-083,6/14/2012,11:07:00 AM,mg/L,49,0.3,DHEC
CW-083,8/13/2012,11:23:00 AM,mg/L,10,0.3,DHEC
CW-207,5/17/2012,11:10:00 AM,mg/L,4.9,0.3,DHEC
CW-206,1/25/2012,9:40:00 AM,mg/L,16,0.3,DHEC
CW-016,6/14/2012,10:02:00 AM,mg/L,29,0.3,DHEC
CW-206,7/25/2012,10:20:00 AM,mg/L,15,0.3,DHEC
CW-016,4/4/2012,10:12:00 AM,mg/L,12,0.3,DHEC
CW-207,3/22/2012,10:25:00 AM,mg/L,3.6,0.3,DHEC
CW-231,12/5/2012,12:05:00 PM,mg/L,2.7,0.3,DHEC
CW-206,9/17/2012,10:15:00 AM,mg/L,14,0.3,DHEC
CW-231,6/20/2013,12:00:00 PM,mg/L,15,0.3,DHEC
CW-231,2/27/2013,11:30:00 AM,mg/L,46,0.3,DHEC
CW-222,1/24/2013,11:15:00 AM,mg/L,42,0.3,DHEC
CW-231,12/12/2013,1:25:00 PM,mg/L,10,0.3,DHEC
CW-083,1/16/2013,10:25:00 AM,mg/L,3.6,0.3,DHEC
CW-222,9/11/2013,10:28:00 AM,mg/L,9.9,0.3,DHEC
CW-016,7/17/2013,11:35:00 AM,mg/L,6.2,0.3,DHEC
CW-206,9/11/2013,9:16:00 AM,mg/L,15,0.3,DHEC
CW-206,5/23/2013,10:20:00 AM,mg/L,21,0.3,DHEC
CW-222,3/28/2013,11:23:00 AM,mg/L,17,0.3,DHEC
CW-083,7/9/2013,11:43:00 AM,mg/L,13,0.3,DHEC
CW-083,11/14/2013,10:13:00 AM,mg/L,27,0.3,DHEC
CW-207,3/21/2013,12:00:00 PM,mg/L,9.9,0.3,DHEC
CW-016,3/27/2013,10:46:00 AM,mg/L,9.6,0.3,DHEC
CW-231,10/10/2013,12:15:00 PM,mg/L,5.8,0.3,DHEC
CW-207,9/12/2013,11:55:00 AM,mg/L,3.7,0.3,DHEC
CW-083,9/17/2013,10:49:00 AM,mg/L,9.8,0.3,DHEC
CW-206,1/24/2013,10:10:00 AM,mg/L,20,0.3,DHEC
CW-206,11/14/2013,9:30:00 AM,mg/L,14,0.3,DHEC
CW-083,3/19/2013,12:00:00 PM,mg/L,30,0.3,DHEC
CW-057,7/17/2013,12:37:00 PM,mg/L,6.8,0.3,DHEC
CW-222,5/23/2013,11:38:00 AM,mg/L,30,0.3,DHEC
CW-016,1/8/2013,9:40:00 AM,mg/L,7.2,0.3,DHEC
CW-207,5/16/2013,11:51:00 AM,mg/L,8,0.3,DHEC
CW-016,11/19/2013,9:25:00 AM,mg/L,10,0.3,DHEC
CW-206,7/11/2013,10:50:00 AM,mg/L,16,0.3,DHEC
CW-083,5/7/2013,11:06:00 AM,mg/L,44,0.3,DHEC
CW-222,11/14/2013,10:30:00 AM,mg/L,5.6,0.3,DHEC
CW-207,7/18/2013,11:50:00 AM,mg/L,6.3,0.3,DHEC
CW-016,5/23/2013,10:37:00 AM,mg/L,9.2,0.3,DHEC
CW-206,3/28/2013,10:15:00 AM,mg/L,14,0.3,DHEC
CW-016,9/5/2013,11:38:00 AM,mg/L,2.8,0.3,DHEC
CW-206,1/23/2014,10:08:00 AM,mg/L,22,0.3,DHEC
CW-016,6/11/2014,10:26:00 AM,mg/L,10,0.3,DHEC
CW-206,5/1/2014,10:46:00 AM,mg/L,12,0.3,DHEC
CW-083,6/10/2014,10:10:00 AM,mg/L,18,0.3,DHEC
CW-206,3/27/2014,10:50:00 AM,mg/L,11,0.3,DHEC
CW-207,10/16/2014,12:19:00 PM,mg/L,5.6,0.3,DHEC
CW-016,10/20/2014,11:07:00 AM,mg/L,8.2,0.3,DHEC
CW-083,12/4/2014,11:40:00 AM,mg/L,21,0.3,DHEC
CW-222,7/24/2014,10:37:00 AM,mg/L,25,0.3,DHEC
CW-231,1/8/2014,12:27:00 PM,mg/L,12,0.3,DHEC
CW-222,11/18/2014,12:09:00 PM,mg/L,6.4,0.3,DHEC
CW-231,11/6/2014,11:45:00 AM,mg/L,9.3,0.3,DHEC
CW-083,4/2/2014,10:40:00 AM,mg/L,4.2,0.3,DHEC
CW-207,6/12/2014,12:40:00 PM,mg/L,3.9,0.3,DHEC
CW-206,11/18/2014,11:10:00 AM,mg/L,4.1,0.3,DHEC
CW-016,12/18/2014,11:00:00 AM,mg/L,3.6,0.3,DHEC
CW-231,7/16/2014,12:10:00 PM,mg/L,16,0.3,DHEC
CW-222,1/23/2014,11:23:00 AM,mg/L,26,0.3,DHEC
CW-231,9/18/2014,11:56:00 AM,mg/L,19,0.3,DHEC
CW-207,4/17/2014,11:36:00 AM,mg/L,8.4,0.3,DHEC
CW-207,2/20/2014,10:43:00 AM,mg/L,4.8,0.3,DHEC
CW-016,2/6/2014,10:22:00 AM,mg/L,8.2,0.3,DHEC
CW-222,5/1/2014,11:43:00 AM,mg/L,23,0.3,DHEC
CW-016,4/8/2014,10:08:00 AM,mg/L,46,0.3,DHEC
CW-231,3/19/2014,12:53:00 PM,mg/L,26,0.3,DHEC
CW-206,7/24/2014,9:25:00 AM,mg/L,13,0.3,DHEC
CW-222,3/27/2014,11:50:00 AM,mg/L,14,0.3,DHEC
CW-207,12/11/2014,12:09:00 PM,mg/L,5.1,0.3,DHEC
CW-016,1/20/2015,10:09:00 AM,mg/L,4.8,0.3,DHEC
CW-207,6/18/2015,11:00:00 AM,mg/L,4.2,0.3,DHEC
CW-207,4/16/2015,11:17:00 AM,mg/L,5.3,0.3,DHEC
RS-15254,6/25/2015,10:06:00 AM,mg/L,13,0.3,DHEC
CW-222,8/26/2015,12:05:00 PM,mg/L,20,0.3,DHEC
CW-016,9/29/2015,10:25:00 AM,mg/L,7.7,0.3,DHEC
CW-083,6/2/2015,10:14:00 AM,mg/L,14,0.3,DHEC
CW-083,8/4/2015,9:40:00 AM,mg/L,6.6,0.3,DHEC
CW-083,4/1/2015,9:50:00 AM,mg/L,4.3,0.3,DHEC
CW-222,6/25/2015,11:07:00 AM,mg/L,27,0.3,DHEC
RS-15254,1/20/2015,10:37:00 AM,mg/L,8.8,0.3,DHEC
CW-207,1/22/2015,11:26:00 AM,mg/L,7.9,0.3,DHEC
CW-207,5/21/2015,10:46:00 AM,mg/L,3.4,0.3,DHEC
CW-083,12/3/2015,9:41:00 AM,mg/L,15,0.3,DHEC
CW-016,11/17/2015,10:55:00 AM,mg/L,5.7,0.3,DHEC
RS-15254,12/16/2015,10:59:00 AM,mg/L,25,0.3,DHEC
CW-222,12/16/2015,11:56:00 AM,mg/L,26,0.3,DHEC
RS-15254,7/21/2015,9:55:00 AM,mg/L,8.8,0.3,DHEC
RS-15254,3/24/2015,9:57:00 AM,mg/L,6.7,0.3,DHEC
CW-207,10/22/2015,11:50:00 AM,mg/L,7.1,0.3,DHEC
CW-016,3/25/2015,2:40:00 PM,mg/L,20,0.3,DHEC
CW-083,2/24/2015,11:40:00 AM,mg/L,3.8,0.3,DHEC
CW-231,6/18/2015,1:16:00 PM,mg/L,4.5,0.3,DHEC
CW-016,5/14/2015,11:30:00 AM,mg/L,5.4,0.3,DHEC
CW-231,2/19/2015,1:44:00 PM,mg/L,14,0.3,DHEC
CW-207,7/23/2015,11:36:00 AM,mg/L,5.2,0.3,DHEC
CW-207,9/17/2015,11:35:00 AM,mg/L,6.3,0.3,DHEC
CW-207,3/18/2015,11:17:00 AM,mg/L,7.6,0.3,DHEC
CW-231,4/16/2015,1:42:00 PM,mg/L,57,0.3,DHEC
CW-016,7/14/2015,10:35:00 AM,mg/L,8.1,0.3,DHEC
RS-15254,8/26/2015,10:51:00 AM,mg/L,8.9,0.3,DHEC
CW-231,8/13/2015,12:57:00 PM,mg/L,9.3,0.3,DHEC
CW-207,2/19/2015,11:20:00 AM,mg/L,7.2,0.3,DHEC
RS-15254,9/24/2015,10:15:00 AM,mg/L,5.2,0.3,DHEC
CW-207,11/19/2015,11:09:00 AM,mg/L,13,0.3,DHEC
RS-15254,5/26/2015,9:47:00 AM,mg/L,16,0.3,DHEC
CW-207,8/13/2015,11:39:00 AM,mg/L,5.6,0.3,DHEC
RS-15254,11/17/2015,10:16:00 AM,mg/L,14,0.3,DHEC
CW-231,10/25/2016,12:38:00 PM,mg/L,3.7,0.3,DHEC
CW-016,6/9/2016,10:07:00 AM,mg/L,11,0.3,DHEC
CW-231,6/30/2016,12:20:00 PM,mg/L,3.4,0.3,DHEC
CW-207,6/30/2016,11:05:00 AM,mg/L,4,0.3,DHEC
CW-207,12/7/2016,12:07:00 PM,mg/L,3.6,0.3,DHEC
CW-016,8/10/2016,9:55:00 AM,mg/L,12,0.3,DHEC
CW-016,7/13/2016,11:10:00 AM,mg/L,5.1,0.3,DHEC
CW-016,5/12/2016,10:35:00 AM,mg/L,5.5,0.3,DHEC
CW-231,4/21/2016,1:14:00 PM,mg/L,4,0.3,DHEC
CW-083,10/10/2016,9:56:00 AM,mg/L,42,0.3,DHEC
CW-222,6/28/2016,11:58:00 AM,mg/L,25,0.3,DHEC
CW-083,2/3/2016,9:52:00 AM,mg/L,5,0.3,DHEC
CW-207,9/22/2016,11:31:00 AM,mg/L,4.7,0.3,DHEC
CW-083,6/6/2016,1:22:00 PM,mg/L,180,0.3,DHEC
CW-222,10/20/2016,11:13:00 AM,mg/L,19,0.3,DHEC
CW-231,12/7/2016,1:28:00 PM,mg/L,8.1,0.3,DHEC
CW-016,12/8/2016,1:20:00 PM,mg/L,10,0.3,DHEC
CW-207,11/22/2016,11:59:00 AM,mg/L,4.3,0.3,DHEC
CW-083,8/24/2016,9:00:00 AM,mg/L,8.8,0.3,DHEC
CW-222,12/14/2016,11:43:00 AM,mg/L,9.6,0.3,DHEC
CW-206,3/10/2016,10:53:00 AM,mg/L,10,0.3,DHEC
CW-222,2/11/2016,11:44:00 AM,mg/L,13,0.3,DHEC
CW-207,3/24/2016,11:45:00 AM,mg/L,5.1,0.3,DHEC
CW-083,12/5/2016,10:20:00 AM,mg/L,18,0.3,DHEC
CW-016,11/9/2016,11:05:00 AM,mg/L,5.6,0.3,DHEC
CW-016,9/13/2016,10:30:00 AM,mg/L,6.2,0.3,DHEC
CW-207,5/26/2016,11:41:00 AM,mg/L,4.4,0.3,DHEC
CW-207,10/25/2016,11:28:00 AM,mg/L,5.3,0.3,DHEC
CW-016,4/27/2016,10:05:00 AM,mg/L,3.3,0.3,DHEC
CW-016,3/14/2016,10:45:00 AM,mg/L,5.2,0.3,DHEC
CW-231,2/29/2016,12:32:00 PM,mg/L,14,0.3,DHEC
CW-222,4/14/2016,11:17:00 AM,mg/L,18,0.3,DHEC
CW-206,5/24/2016,10:29:00 AM,mg/L,21,0.3,DHEC
CW-206,1/13/2016,10:16:00 AM,mg/L,17,0.3,DHEC
CW-016,2/18/2016,3:19:00 PM,mg/L,8.1,0.3,DHEC
CW-016,10/17/2016,1:45:00 PM,mg/L,6.2,0.3,DHEC
CW-083,4/5/2016,10:50:00 AM,mg/L,5.1,0.3,DHEC
CW-206,11/30/2016,10:16:00 AM,mg/L,12,0.3,DHEC
CW-206,8/9/2016,10:20:00 AM,mg/L,17,0.3,DHEC
CW-207,2/29/2016,11:13:00 AM,mg/L,9,0.3,DHEC
CW-207,4/21/2016,11:39:00 AM,mg/L,5.1,0.3,DHEC
CW-207,8/30/2016,11:47:00 AM,mg/L,6.1,0.3,DHEC
CW-016,1/12/2016,10:15:00 AM,mg/L,6.7,0.3,DHEC
CW-222,8/23/2016,11:30:00 AM,mg/L,44,0.3,DHEC
CW-206,9/15/2016,10:29:00 AM,mg/L,13,0.3,DHEC
RL-16039,8/30/2016,12:00:00 PM,mg/L,9.4,0.3,DHEC
CW-207,1/28/2016,11:26:00 AM,mg/L,5.2,0.3,DHEC
CW-222,2/28/2017,11:11:00 AM,mg/L,19,0.3,DHEC
CW-206,10/31/2017,10:13:00 AM,mg/L,37,0.3,DHEC
CW-222,7/25/2017,11:18:00 AM,mg/L,25,0.3,DHEC
CW-206,2/28/2017,10:15:00 AM,mg/L,13,0.3,DHEC
CW-207,9/28/2017,12:42:00 PM,mg/L,4.5,0.3,DHEC
CW-207,8/24/2017,1:58:00 PM,mg/L,4.6,0.3,DHEC
CW-206,7/25/2017,10:13:00 AM,mg/L,14,0.3,DHEC
CW-206,4/17/2017,10:46:00 AM,mg/L,22,0.3,DHEC
CW-222,6/6/2017,11:28:00 AM,mg/L,50,0.3,DHEC
CW-083,2/7/2017,11:13:00 AM,mg/L,8.1,0.3,DHEC
CW-016,10/18/2017,10:32:00 AM,mg/L,12,0.3,DHEC
CW-016,6/13/2017,10:16:00 AM,mg/L,6.2,0.3,DHEC
CW-231,6/14/2017,11:36:00 AM,mg/L,4,0.3,DHEC
CW-207,6/22/2017,12:41:00 PM,mg/L,4.5,0.3,DHEC
CW-016,4/11/2017,11:31:00 AM,mg/L,9.8,0.3,DHEC
CW-207,4/26/2017,12:12:00 PM,mg/L,9.8,0.3,DHEC
CW-222,9/25/2017,11:33:00 AM,mg/L,31,0.3,DHEC
CW-083,9/19/2017,9:25:00 AM,mg/L,3.5,0.3,DHEC
CW-207,5/30/2017,1:00:00 PM,mg/L,13,0.3,DHEC
CW-206,9/25/2017,10:30:00 AM,mg/L,15,0.3,DHEC
CW-083,6/20/2017,11:10:00 AM,mg/L,550,0.3,DHEC
CW-231,10/19/2017,10:51:00 AM,mg/L,14,0.3,DHEC
CW-206,3/9/2017,10:25:00 AM,mg/L,13,0.3,DHEC
CW-206,1/26/2017,10:34:00 AM,mg/L,12,0.3,DHEC
CW-016,11/21/2017,1:00:00 PM,mg/L,5.8,0.3,DHEC
CW-016,7/18/2017,11:04:00 AM,mg/L,6.2,0.3,DHEC
CW-083,8/1/2017,10:29:00 AM,mg/L,2.9,0.3,DHEC
CW-222,12/11/2017,11:42:00 AM,mg/L,17,0.3,DHEC
CW-206,6/6/2017,10:40:00 AM,mg/L,27,0.3,DHEC
CW-083,4/17/2017,2:04:00 PM,mg/L,8,0.3,DHEC
CW-222,8/30/2017,11:22:00 AM,mg/L,18,0.3,DHEC
CW-222,3/9/2017,11:23:00 AM,mg/L,22,0.3,DHEC
CW-231,12/11/2017,10:16:00 AM,mg/L,13,0.3,DHEC
CW-083,1/12/2017,12:25:00 PM,mg/L,7.1,0.3,DHEC
CW-083,7/18/2017,11:30:00 AM,mg/L,3.3,0.3,DHEC
CW-222,4/17/2017,11:42:00 AM,mg/L,28,0.3,DHEC
RL-17055,6/22/2017,12:51:00 PM,mg/L,4.5,0.3,DHEC
CW-231,9/26/2017,10:15:00 AM,mg/L,4,0.3,DHEC
CW-222,1/26/2017,11:46:00 AM,mg/L,39,0.3,DHEC
CW-207,1/30/2017,12:25:00 PM,mg/L,8.2,0.3,DHEC
CW-207,10/25/2017,12:07:00 PM,mg/L,5.4,0.3,DHEC
CW-207,7/27/2017,12:15:00 PM,mg/L,5.5,0.3,DHEC
CW-231,8/23/2017,9:52:00 AM,mg/L,1.9,0.3,DHEC
CW-016,8/9/2017,10:35:00 AM,mg/L,9.9,0.3,DHEC
CW-016,5/11/2017,10:53:00 AM,mg/L,11,0.3,DHEC
CW-231,11/30/2017,11:05:00 AM,mg/L,10,0.3,DHEC
CW-206,11/27/2017,9:58:00 AM,mg/L,9,0.3,DHEC
CW-016,9/20/2017,10:45:00 AM,mg/L,8,0.3,DHEC
CW-222,5/23/2017,10:59:00 AM,mg/L,29,0.3,DHEC
CW-231,3/13/2017,11:35:00 AM,mg/L,12,0.3,DHEC
CW-222,11/27/2017,11:11:00 AM,mg/L,14,0.3,DHEC
CW-083,12/6/2017,9:52:00 AM,mg/L,4.3,0.3,DHEC
CW-083,5/24/2017,11:32:00 AM,mg/L,82,0.3,DHEC
CW-207,3/29/2017,12:30:00 PM,mg/L,4.9,0.3,DHEC
CW-083,10/4/2017,9:47:00 AM,mg/L,3.4,0.3,DHEC
CW-016,1/5/2017,12:12:00 PM,mg/L,23,0.3,DHEC
CW-016,12/11/2017,2:30:00 PM,mg/L,5,0.3,DHEC
CW-206,8/30/2017,10:13:00 AM,mg/L,11,0.3,DHEC
CW-207,11/20/2017,12:55:00 PM,mg/L,5.6,0.3,DHEC
CW-222,10/31/2017,11:36:00 AM,mg/L,19,0.3,DHEC
CW-083,3/8/2017,9:54:00 AM,mg/L,1.7,0.3,DHEC
CW-016,2/8/2017,11:21:00 AM,mg/L,7,0.3,DHEC
CW-083,11/16/2017,9:14:00 AM,mg/L,2.1,0.3,DHEC
CW-207,12/5/2017,12:35:00 PM,mg/L,5,0.3,DHEC
CW-206,12/11/2017,10:35:00 AM,mg/L,12,0.3,DHEC
CW-016,3/9/2017,11:30:00 AM,mg/L,12,0.3,DHEC
RS-17352,12/5/2018,1:52:00 PM,mg/L,2.5,0.3,DHEC
CW-017,11/7/2018,9:10:00 AM,mg/L,38,0.3,DHEC
CW-072,12/6/2018,12:52:00 PM,mg/L,10,0.3,DHEC
CW-036,8/7/2018,12:43:00 PM,mg/L,220,0.3,DHEC
RS-18408,3/1/2018,1:17:00 PM,mg/L,200,0.3,DHEC
RS-14216,1/24/2018,11:12:00 AM,mg/L,26,0.3,DHEC
RS-18416,4/11/2018,11:06:00 AM,mg/L,11,0.3,DHEC
CW-222,5/23/2018,11:00:00 AM,mg/L,34,0.3,DHEC
CW-041,12/5/2018,10:49:00 AM,mg/L,9.8,0.3,DHEC
RS-18416,1/23/2018,12:12:00 PM,mg/L,106,0.3,DHEC
CW-252,10/29/2018,12:55:00 PM,mg/L,2.4,0.3,DHEC
CW-019,4/25/2018,10:16:00 AM,mg/L,8.8,0.3,DHEC
CW-040,2/27/2018,2:44:00 PM,mg/L,4.4,0.3,DHEC
RS-17352,9/5/2018,11:12:00 AM,mg/L,3.2,0.3,DHEC
CW-041,9/5/2018,10:13:00 AM,mg/L,3.1,0.3,DHEC
CW-069,11/6/2018,11:52:00 AM,mg/L,14,0.3,DHEC
CW-016,4/25/2018,2:23:00 PM,mg/L,95,0.3,DHEC
CW-014,6/12/2018,12:43:00 PM,mg/L,6.5,0.3,DHEC
CW-206,4/24/2018,11:25:00 AM,mg/L,29,0.3,DHEC
CW-252,4/25/2018,2:20:00 PM,mg/L,31,0.3,DHEC
RS-14200,8/9/2018,1:59:00 PM,mg/L,9.8,0.3,DHEC
CW-036,11/13/2018,11:19:00 AM,mg/L,220,0.3,DHEC
RS-17340,5/7/2018,1:41:00 PM,mg/L,3.5,0.3,DHEC
RS-15284,12/6/2018,11:12:00 AM,mg/L,7.7,0.3,DHEC
RS-17352,6/12/2018,10:21:00 AM,mg/L,37,0.3,DHEC
RS-18408,12/4/2018,1:27:00 PM,mg/L,18,0.3,DHEC
CW-251,12/6/2018,1:12:00 PM,mg/L,2,0.3,DHEC
CW-236,12/3/2018,12:18:00 PM,mg/L,51,0.3,DHEC
CW-016,7/12/2018,10:07:00 AM,mg/L,7.2,0.3,DHEC
CW-083,10/23/2018,9:35:00 AM,mg/L,14,0.3,DHEC
CW-083,1/16/2018,10:40:00 AM,mg/L,15,0.3,DHEC
RS-14216,7/9/2018,11:09:00 AM,mg/L,17,0.3,DHEC
RS-17352,3/29/2018,10:27:00 AM,mg/L,2.5,0.3,DHEC
CW-017,2/26/2018,1:40:00 PM,mg/L,20,0.3,DHEC
CW-233,11/6/2018,1:01:00 PM,mg/L,7.4,0.3,DHEC
CW-014,9/5/2018,1:14:00 PM,mg/L,3.6,0.3,DHEC
CW-014,12/5/2018,12:06:00 PM,mg/L,3.6,0.3,DHEC
CW-019,7/24/2018,10:16:00 AM,mg/L,3.8,0.3,DHEC
CW-233,8/14/2018,2:05:00 PM,mg/L,9.8,0.3,DHEC
CW-036,5/1/2018,12:40:00 PM,mg/L,15,0.3,DHEC
RS-14200,11/7/2018,2:15:00 PM,mg/L,11,0.3,DHEC
CW-041,3/29/2018,9:30:00 AM,mg/L,2,0.3,DHEC
CW-041,6/12/2018,9:23:00 AM,mg/L,14,0.3,DHEC
CW-040,5/29/2018,1:23:00 PM,mg/L,5.8,0.3,DHEC
RS-18396,5/7/2018,12:12:00 PM,mg/L,5.9,0.3,DHEC
RS-14216,10/18/2018,11:06:00 AM,mg/L,2.4,0.3,DHEC
CW-040,8/8/2018,2:23:00 PM,mg/L,6,0.3,DHEC
RS-15284,6/20/2018,10:56:00 AM,mg/L,9.4,0.3,DHEC
RS-14200,2/26/2018,1:07:00 PM,mg/L,8,0.3,DHEC
CW-029,1/23/2018,10:43:00 AM,mg/L,6.8,0.3,DHEC
CW-072,6/14/2018,1:21:00 PM,mg/L,45,0.3,DHEC
RS-15284,3/15/2018,10:15:00 AM,mg/L,5.6,0.3,DHEC
CW-233,2/6/2018,2:13:00 PM,mg/L,52,0.3,DHEC
CW-236,3/6/2018,12:14:00 PM,mg/L,8,0.3,DHEC
CW-083,7/10/2018,9:53:00 AM,mg/L,5.6,0.3,DHEC
CW-029,4/11/2018,10:01:00 AM,mg/L,5,0.3,DHEC
RS-18396,2/6/2018,10:58:00 AM,mg/L,22,0.3,DHEC
RS-14200,5/30/2018,2:25:00 PM,mg/L,14,0.3,DHEC
CW-206,1/4/2018,10:53:00 AM,mg/L,4.4,0.3,DHEC
CW-040,11/14/2018,2:00:00 PM,mg/L,9.8,0.3,DHEC
CW-017,5/30/2018,3:05:00 PM,mg/L,51,0.3,DHEC
CW-206,7/19/2018,11:40:00 AM,mg/L,18,0.3,DHEC
RS-14216,4/4/2018,10:39:00 AM,mg/L,9,0.3,DHEC
CW-222,8/9/2018,10:51:00 AM,mg/L,37,0.3,DHEC
CW-016,1/31/2018,10:51:00 AM,mg/L,16,0.3,DHEC
CW-014,3/29/2018,12:11:00 PM,mg/L,3.4,0.3,DHEC
CW-029,7/9/2018,11:11:00 AM,mg/L,12,0.3,DHEC
CW-252,1/29/2018,1:33:00 PM,mg/L,270,0.3,DHEC
CW-222,2/8/2018,11:13:00 AM,mg/L,36,0.3,DHEC
CW-016,10/23/2018,2:17:00 PM,mg/L,3.5,0.3,DHEC
CW-019,1/29/2018,10:14:00 AM,mg/L,96,0.3,DHEC
CW-036,2/22/2018,11:00:00 AM,mg/L,15,0.3,DHEC
CW-222,11/29/2018,11:24:00 AM,mg/L,18,0.3,DHEC
CW-017,8/9/2018,10:18:00 AM,mg/L,9.2,0.3,DHEC
CW-233,5/7/2018,3:00:00 PM,mg/L,5.9,0.3,DHEC
RS-17352,8/1/2019,1:13:00 PM,mg/L,1.5,0.3,DHEC
LCT-03,6/11/2019,9:00:00 AM,mg/L,3.4,0.3,DHEC
LCR-05,7/9/2019,11:31:00 AM,mg/L,5,0.3,DHEC
LWT-01,11/21/2019,10:30:00 AM,mg/L,2.7,0.3,DHEC
LCR-04,10/15/2019,10:14:00 AM,mg/L,8.6,0.3,DHEC
RS-11056,12/5/2019,3:24:00 PM,mg/L,2.8,0.3,DHEC
CW-252,1/10/2019,1:57:00 PM,mg/L,5.3,0.3,DHEC
CW-014,11/6/2019,11:58:00 AM,mg/L,3.8,0.3,DHEC
RL-19166,3/21/2019,12:40:00 PM,mg/L,14,0.3,DHEC
RS-19476,10/29/2019,11:09:00 AM,mg/L,1,0.3,DHEC
CW-251,12/16/2019,1:30:00 PM,mg/L,2.5,0.3,DHEC
CW-021,9/19/2019,12:25:00 PM,mg/L,3.7,0.3,DHEC
LCR-04,6/25/2019,12:50:00 PM,mg/L,7.5,0.3,DHEC
LCR-01,6/25/2019,2:00:00 PM,mg/L,8.8,0.3,DHEC
CW-069,5/14/2019,10:15:00 AM,mg/L,17,0.3,DHEC
CW-207B,7/15/2019,11:43:00 AM,mg/L,4.1,0.3,DHEC
CW-014,10/29/2019,12:45:00 PM,mg/L,1.9,0.3,DHEC
LCR-01,6/11/2019,2:00:00 PM,mg/L,49,0.3,DHEC
CW-014,6/11/2019,12:50:00 PM,mg/L,40,0.3,DHEC
CW-082,3/14/2019,11:11:00 AM,mg/L,5.7,0.3,DHEC
LCR-04,9/3/2019,11:02:00 AM,mg/L,6.7,0.3,DHEC
RL-19166,6/3/2019,12:56:00 PM,mg/L,7.2,0.3,DHEC
LCR-04,10/29/2019,10:02:00 AM,mg/L,6.5,0.3,DHEC
LCR-04,8/6/2019,12:07:00 PM,mg/L,4.9,0.3,DHEC
CW-252,12/16/2019,1:53:00 PM,mg/L,9.5,0.3,DHEC
RS-17352,5/7/2019,12:34:00 PM,mg/L,7.6,0.3,DHEC
CW-016,11/6/2019,1:35:00 PM,mg/L,8.4,0.3,DHEC
RS-15284,9/25/2019,3:24:00 PM,mg/L,140,0.3,DHEC
CW-155,6/17/2019,9:39:00 AM,mg/L,4.4,0.3,DHEC
RS-19476,5/14/2019,11:30:00 AM,mg/L,4.5,0.3,DHEC
CW-236,9/24/2019,12:56:00 PM,mg/L,3.8,0.3,DHEC
RS-13168,3/28/2019,9:42:00 AM,mg/L,8.5,0.3,DHEC
LCT-03,7/9/2019,8:40:00 AM,mg/L,42,0.3,DHEC
CW-041,8/1/2019,10:17:00 AM,mg/L,16,0.3,DHEC
RS-11056,9/25/2019,2:59:00 PM,mg/L,6.2,0.3,DHEC
CW-207B,7/30/2019,10:44:00 AM,mg/L,3.6,0.3,DHEC
CW-155,9/19/2019,1:55:00 PM,mg/L,5.1,0.3,DHEC
CW-040,12/16/2019,2:17:00 PM,mg/L,12,0.3,DHEC
CW-014,5/7/2019,2:36:00 PM,mg/L,4.4,0.3,DHEC
CW-207B,10/23/2019,10:25:00 AM,mg/L,4.6,0.3,DHEC
CW-206,4/1/2019,10:12:00 AM,mg/L,19,0.3,DHEC
RS-14216,5/22/2019,10:03:00 AM,mg/L,4.2,0.3,DHEC
CL-089,10/8/2019,9:20:00 AM,mg/L,3,0.3,DHEC
LCR-02,7/15/2019,1:19:00 PM,mg/L,6.1,0.3,DHEC
CW-154,6/17/2019,9:27:00 AM,mg/L,15,0.3,DHEC
CW-036,5/7/2019,1:52:00 PM,mg/L,18,0.3,DHEC
LCR-02,8/27/2019,11:14:00 AM,mg/L,15,0.3,DHEC
LCR-04,7/9/2019,12:02:00 PM,mg/L,4.2,0.3,DHEC
LCT-02,9/4/2019,11:20:00 AM,mg/L,1.6,0.3,DHEC
LCR-04,8/20/2019,10:32:00 AM,mg/L,3.7,0.3,DHEC
CW-016,8/29/2019,11:20:00 AM,mg/L,7.9,0.3,DHEC
CW-222,11/21/2019,10:58:00 AM,mg/L,16,0.3,DHEC
CW-207B,6/18/2019,12:05:00 PM,mg/L,5.9,0.3,DHEC
CW-250,9/19/2019,11:43:00 AM,mg/L,3.3,0.3,DHEC
RS-19476,9/4/2019,12:30:00 PM,mg/L,4.8,0.3,DHEC
CW-019,3/21/2019,9:38:00 AM,mg/L,7.9,0.3,DHEC
LCT-02,5/14/2019,11:25:00 AM,mg/L,8.2,0.3,DHEC
CW-154,9/19/2019,2:07:00 PM,mg/L,4.6,0.3,DHEC
LCR-03,10/8/2019,1:36:00 PM,mg/L,8.3,0.3,DHEC
CW-206,10/8/2019,10:10:00 AM,mg/L,13,0.3,DHEC
CW-083,8/1/2019,10:52:00 AM,mg/L,3,0.3,DHEC
CL-089,10/23/2019,9:19:00 AM,mg/L,2.8,0.3,DHEC
CW-237,9/19/2019,1:20:00 PM,mg/L,2.3,0.3,DHEC
CW-250,12/19/2019,12:51:00 PM,mg/L,1,0.3,DHEC
CW-233,9/24/2019,1:36:00 PM,mg/L,2.4,0.3,DHEC
RS-13152,8/14/2019,8:57:00 AM,mg/L,10,0.3,DHEC
CW-016,5/8/2019,2:25:00 PM,mg/L,22,0.3,DHEC
RS-19476,2/27/2019,1:39:00 PM,mg/L,7.2,0.3,DHEC
LCR-05,9/3/2019,10:34:00 AM,mg/L,7.4,0.3,DHEC
CW-014,2/12/2019,12:30:00 PM,mg/L,8.5,0.3,DHEC
RS-14200,1/30/2019,10:21:00 AM,mg/L,13,0.3,DHEC
RS-13168,6/20/2019,9:35:00 AM,mg/L,3.3,0.3,DHEC
CW-155,3/14/2019,9:37:00 AM,mg/L,3,0.3,DHEC
CW-041,2/12/2019,9:29:00 AM,mg/L,4.5,0.3,DHEC
LCR-01,9/17/2019,12:31:00 PM,mg/L,12,0.3,DHEC
RS-13152,5/22/2019,9:37:00 AM,mg/L,15,0.3,DHEC
CW-069,8/20/2019,9:20:00 AM,mg/L,26,0.3,DHEC
CW-155,12/19/2019,10:13:00 AM,mg/L,1.9,0.3,DHEC
CW-208,10/23/2019,2:16:00 PM,mg/L,6.1,0.3,DHEC
CW-036,11/6/2019,12:38:00 PM,mg/L,8,0.3,DHEC
RS-17340,6/26/2019,12:23:00 PM,mg/L,1.9,0.3,DHEC
RS-17352,2/12/2019,10:46:00 AM,mg/L,4.9,0.3,DHEC
LCT-03,7/25/2019,8:45:00 AM,mg/L,7.1,0.3,DHEC
CL-089,8/13/2019,10:12:00 AM,mg/L,3.5,0.3,DHEC
CW-083,5/7/2019,11:32:00 AM,mg/L,24,0.3,DHEC
CW-016,1/10/2019,1:52:00 PM,mg/L,6.7,0.3,DHEC
CW-057,8/20/2019,9:20:00 AM,mg/L,9.7,0.3,DHEC
CW-166,12/19/2019,12:14:00 PM,mg/L,2.3,0.3,DHEC
CW-014,9/17/2019,12:00:00 PM,mg/L,4.5,0.3,DHEC
CL-089,12/16/2019,10:26:00 AM,mg/L,4,0.3,DHEC
RS-19476,10/1/2019,10:45:00 AM,mg/L,3.1,0.3,DHEC
CW-154,12/30/2019,9:57:00 AM,mg/L,3.6,0.3,DHEC
CW-014,10/15/2019,11:15:00 AM,mg/L,2.8,0.3,DHEC
LWT-01,10/15/2019,10:10:00 AM,mg/L,3,0.3,DHEC
LWT-01,10/29/2019,10:10:00 AM,mg/L,4.3,0.3,DHEC
CW-069,10/29/2019,10:10:00 AM,mg/L,3.9,0.3,DHEC
CW-057,6/25/2019,10:27:00 AM,mg/L,5.6,0.3,DHEC
CW-014,8/20/2019,12:16:00 PM,mg/L,3.7,0.3,DHEC
CW-072,12/16/2019,1:00:00 PM,mg/L,22,0.3,DHEC
LCR-05,9/17/2019,10:58:00 AM,mg/L,6.2,0.3,DHEC
CW-206,7/9/2019,10:40:00 AM,mg/L,38,0.3,DHEC
RS-19476,8/6/2019,11:05:00 AM,mg/L,1.5,0.3,DHEC
CW-021,6/17/2019,11:07:00 AM,mg/L,4.2,0.3,DHEC
CW-014,9/4/2019,1:55:00 PM,mg/L,7.8,0.3,DHEC
CW-041,5/7/2019,10:57:00 AM,mg/L,21,0.3,DHEC
CW-040,6/3/2019,2:31:00 PM,mg/L,6.2,0.3,DHEC
CW-069,7/25/2019,9:40:00 AM,mg/L,3.8,0.3,DHEC
CW-041,11/6/2019,10:28:00 AM,mg/L,12,0.3,DHEC
CW-237,12/19/2019,10:51:00 AM,mg/L,25,0.3,DHEC
CL-089,3/21/2019,10:28:00 AM,mg/L,6.5,0.3,DHEC
CW-252,3/21/2019,1:51:00 PM,mg/L,2.6,0.3,DHEC
CW-016,2/21/2019,11:22:00 AM,mg/L,16,0.3,DHEC
CW-233,6/26/2019,12:52:00 PM,mg/L,7.1,0.3,DHEC
CW-040,9/9/2019,1:11:00 PM,mg/L,9.6,0.3,DHEC
CW-057,9/3/2019,9:39:00 AM,mg/L,6.2,0.3,DHEC
LCR-05,7/25/2019,11:46:00 AM,mg/L,18,0.3,DHEC
LCR-01,8/6/2019,1:10:00 PM,mg/L,8.8,0.3,DHEC
CW-237,3/14/2019,10:18:00 AM,mg/L,10,0.3,DHEC
CW-083,2/12/2019,9:46:00 AM,mg/L,4.1,0.3,DHEC
RS-10331,5/22/2019,2:47:00 PM,mg/L,1.6,0.3,DHEC
CW-021,12/19/2019,11:13:00 AM,mg/L,2.7,0.3,DHEC
RS-13152,2/20/2019,9:54:00 AM,mg/L,23,0.3,DHEC
LCR-05,6/11/2019,12:32:00 PM,mg/L,10,0.3,DHEC
CW-236,6/26/2019,12:38:00 PM,mg/L,3.6,0.3,DHEC
LCT-02,10/1/2019,11:10:00 AM,mg/L,6.1,0.3,DHEC
LCR-03,8/13/2019,2:26:00 PM,mg/L,4,0.3,DHEC
RS-14216,2/20/2019,10:24:00 AM,mg/L,86,0.3,DHEC
RS-13144,11/13/2019,3:05:00 PM,mg/L,5.9,0.3,DHEC
CW-069,5/29/2019,12:00:00 AM,mg/L,6.6,0.3,DHEC
CL-089,6/18/2019,10:22:00 AM,mg/L,4,0.3,DHEC
RS-10331,11/13/2019,2:45:00 PM,mg/L,1.4,0.3,DHEC
LCT-02,10/29/2019,11:05:00 AM,mg/L,1.9,0.3,DHEC
CW-017,8/1/2019,9:31:00 AM,mg/L,11,0.3,DHEC
LCT-03,10/29/2019,9:00:00 AM,mg/L,3.5,0.3,DHEC
RS-10331,8/14/2019,1:22:00 PM,mg/L,4.9,0.3,DHEC
LCT-02,7/9/2019,10:40:00 AM,mg/L,3.6,0.3,DHEC
LCR-01,7/25/2019,1:20:00 PM,mg/L,8.5,0.3,DHEC
CW-014,5/29/2019,12:00:00 AM,mg/L,6.1,0.3,DHEC
RS-19476,7/25/2019,11:00:00 AM,mg/L,4.4,0.3,DHEC
RS-19476,8/20/2019,10:30:00 AM,mg/L,10,0.3,DHEC
CL-089,7/30/2019,9:38:00 AM,mg/L,3.1,0.3,DHEC
CW-207,12/16/2019,11:22:00 AM,mg/L,9.8,0.3,DHEC
CW-069,6/11/2019,10:20:00 AM,mg/L,6.3,0.3,DHEC
CW-166,9/19/2019,12:00:00 PM,mg/L,8,0.3,DHEC
CW-057,7/25/2019,10:07:00 AM,mg/L,6.5,0.3,DHEC
CW-069,8/6/2019,9:45:00 AM,mg/L,1.9,0.3,DHEC
RS-14216,11/13/2019,10:41:00 AM,mg/L,2.9,0.3,DHEC
LCR-03,7/15/2019,2:30:00 PM,mg/L,4,0.3,DHEC
CW-029,10/15/2019,9:12:00 AM,mg/L,27,0.3,DHEC
LCR-03,10/23/2019,1:13:00 PM,mg/L,5.5,0.3,DHEC
CW-040,3/21/2019,2:15:00 PM,mg/L,3.8,0.3,DHEC
CW-250,6/17/2019,12:39:00 PM,mg/L,3.2,0.3,DHEC
CW-222,5/21/2019,11:28:00 AM,mg/L,38,0.3,DHEC
CW-208,8/13/2019,3:58:00 PM,mg/L,5.8,0.3,DHEC
CW-208,8/27/2019,1:03:00 PM,mg/L,9.1,0.3,DHEC
LCT-02,6/11/2019,10:40:00 AM,mg/L,2.7,0.3,DHEC
CW-014,10/1/2019,12:13:00 PM,mg/L,3,0.3,DHEC
RS-10331,2/20/2019,2:45:00 PM,mg/L,41,0.3,DHEC
RS-13152,11/13/2019,10:04:00 AM,mg/L,5.2,0.3,DHEC
CW-019,6/3/2019,10:17:00 AM,mg/L,7,0.3,DHEC
CW-029,1/16/2019,10:12:00 AM,mg/L,7.1,0.3,DHEC
LCT-02,8/20/2019,11:07:00 AM,mg/L,1,0.3,DHEC
RS-14200,4/29/2019,3:22:00 PM,mg/L,85,0.3,DHEC
CW-207B,8/27/2019,9:58:00 AM,mg/L,5.8,0.3,DHEC
CW-057,9/17/2019,9:59:00 AM,mg/L,4.6,0.3,DHEC
LCR-02,10/23/2019,11:44:00 AM,mg/L,5.8,0.3,DHEC
RS-11056,6/20/2019,2:44:00 PM,mg/L,4.2,0.3,DHEC
RS-13144,8/14/2019,1:35:00 PM,mg/L,3.8,0.3,DHEC
LWT-01,9/4/2019,10:10:00 AM,mg/L,2.9,0.3,DHEC
LCR-05,8/6/2019,11:38:00 AM,mg/L,7.2,0.3,DHEC
CW-069,7/9/2019,10:05:00 AM,mg/L,4.9,0.3,DHEC
LWT-01,12/19/2019,10:00:00 AM,mg/L,3.4,0.3,DHEC
CW-019,12/16/2019,9:49:00 AM,mg/L,10,0.3,DHEC
CW-208,7/30/2019,2:58:00 PM,mg/L,5.2,0.3,DHEC
RS-13168,12/5/2019,9:56:00 AM,mg/L,3.2,0.3,DHEC
LCR-02,6/18/2019,2:20:00 PM,mg/L,14,0.3,DHEC
CW-082,12/19/2019,11:30:00 AM,mg/L,31,0.3,DHEC
CW-029,7/1/2019,10:24:00 AM,mg/L,7.4,0.3,DHEC
LCR-04,6/11/2019,1:05:00 PM,mg/L,19,0.3,DHEC
CW-207,3/21/2019,11:42:00 AM,mg/L,8.7,0.3,DHEC
CW-021,3/14/2019,10:51:00 AM,mg/L,2.8,0.3,DHEC
LWT-01,9/17/2019,10:20:00 AM,mg/L,3.6,0.3,DHEC
CL-089,8/27/2019,8:57:00 AM,mg/L,2.8,0.3,DHEC
LWT-01,7/25/2019,9:55:00 AM,mg/L,3.6,0.3,DHEC
CW-036,2/12/2019,11:25:00 AM,mg/L,12,0.3,DHEC
LCR-02,10/8/2019,11:34:00 AM,mg/L,9.4,0.3,DHEC
CW-014,8/6/2019,12:20:00 PM,mg/L,3.5,0.3,DHEC
LCR-03,8/27/2019,12:30:00 PM,mg/L,8.4,0.3,DHEC
RL-19166,12/16/2019,12:26:00 PM,mg/L,13,0.3,DHEC
LCR-05,10/1/2019,10:26:00 AM,mg/L,5.4,0.3,DHEC
CW-250,3/14/2019,12:14:00 PM,mg/L,1.9,0.3,DHEC
CW-166,6/17/2019,12:03:00 PM,mg/L,7,0.3,DHEC
CW-017,5/7/2019,10:14:00 AM,mg/L,50,0.3,DHEC
CW-017,2/12/2019,1:38:00 PM,mg/L,7,0.3,DHEC
CW-029,4/30/2019,10:12:00 AM,mg/L,6,0.3,DHEC
CW-154,3/14/2019,9:27:00 AM,mg/L,2.7,0.3,DHEC
LCR-05,8/20/2019,11:08:00 AM,mg/L,7.8,0.3,DHEC
LWT-01,7/9/2019,9:40:00 AM,mg/L,5,0.3,DHEC
LCR-04,9/17/2019,11:48:00 AM,mg/L,6.9,0.3,DHEC
LWT-01,6/20/2019,10:55:00 AM,mg/L,10,0.3,DHEC
LCR-01,10/15/2019,10:49:00 AM,mg/L,9.7,0.3,DHEC
LCT-02,10/15/2019,11:05:00 AM,mg/L,1.4,0.3,DHEC
CW-019,9/9/2019,9:58:00 AM,mg/L,3.6,0.3,DHEC
LCT-02,7/25/2019,10:55:00 AM,mg/L,6.4,0.3,DHEC
LCR-01,10/29/2019,11:04:00 AM,mg/L,9,0.3,DHEC
CL-089,6/3/2019,11:09:00 AM,mg/L,3.5,0.3,DHEC
CW-072,3/21/2019,1:17:00 PM,mg/L,3,0.3,DHEC
LCR-01,9/3/2019,11:55:00 AM,mg/L,15,0.3,DHEC
CW-208,10/8/2019,1:03:00 PM,mg/L,8.4,0.3,DHEC
LCR-02,7/30/2019,12:52:00 PM,mg/L,7.8,0.3,DHEC
RS-13144,2/20/2019,3:19:00 PM,mg/L,84,0.3,DHEC
CW-166,3/14/2019,11:41:00 AM,mg/L,5.9,0.3,DHEC
CW-014,7/25/2019,12:00:00 PM,mg/L,8.5,0.3,DHEC
LCT-02,9/17/2019,11:10:00 AM,mg/L,1.8,0.3,DHEC
CW-237,6/17/2019,10:39:00 AM,mg/L,4.3,0.3,DHEC
CW-251,3/21/2019,1:38:00 PM,mg/L,1.3,0.3,DHEC
LCR-03,6/18/2019,4:37:00 PM,mg/L,12,0.3,DHEC
LCT-03,10/1/2019,8:45:00 AM,mg/L,1.7,0.3,DHEC
LWT-01,8/6/2019,12:40:00 PM,mg/L,5.6,0.3,DHEC
RS-14216,8/14/2019,9:20:00 AM,mg/L,5.2,0.3,DHEC
CW-057,8/6/2019,10:06:00 AM,mg/L,5.5,0.3,DHEC
LCR-01,10/1/2019,12:03:00 PM,mg/L,8.6,0.3,DHEC
CL-089,7/15/2019,10:31:00 AM,mg/L,3.9,0.3,DHEC
CW-206,1/2/2019,10:04:00 AM,mg/L,5.6,0.3,DHEC
LCR-04,10/1/2019,10:56:00 AM,mg/L,5.4,0.3,DHEC
LCT-03,5/14/2019,9:10:00 AM,mg/L,2.7,0.3,DHEC
LCR-05,6/25/2019,12:13:00 PM,mg/L,8.8,0.3,DHEC
RS-13144,5/22/2019,3:10:00 PM,mg/L,2.6,0.3,DHEC
RS-15284,6/20/2019,3:08:00 PM,mg/L,7,0.3,DHEC
CW-207B,10/8/2019,10:19:00 AM,mg/L,5.7,0.3,DHEC
LCT-02,8/6/2019,2:50:00 PM,mg/L,12,0.3,DHEC
CW-014,8/1/2019,11:55:00 AM,mg/L,5.4,0.3,DHEC
LWT-01,11/13/2019,10:07:00 AM,mg/L,4.8,0.3,DHEC
CW-208,7/15/2019,3:51:00 PM,mg/L,4.9,0.3,DHEC
RS-19476,6/11/2019,11:30:00 AM,mg/L,3.6,0.3,DHEC
LCR-03,7/30/2019,1:43:00 PM,mg/L,4.1,0.3,DHEC
CW-083,11/6/2019,11:02:00 AM,mg/L,1.2,0.3,DHEC
CW-057,6/11/2019,10:47:00 AM,mg/L,29,0.3,DHEC
CW-208,6/18/2019,5:41:00 PM,mg/L,7.3,0.3,DHEC
LCT-03,8/20/2019,8:40:00 AM,mg/L,5,0.3,DHEC
RS-19476,8/8/2019,12:44:00 PM,mg/L,15,0.3,DHEC
CW-036,8/1/2019,12:36:00 PM,mg/L,55,0.3,DHEC
CW-207B,8/13/2019,11:37:00 AM,mg/L,3,0.3,DHEC
LWT-01,5/14/2019,10:25:00 AM,mg/L,4.4,0.3,DHEC
RS-19476,7/9/2019,11:26:00 AM,mg/L,2.6,0.3,DHEC
CW-082,6/17/2019,11:27:00 AM,mg/L,5.1,0.3,DHEC
LWT-01,8/20/2019,10:10:00 AM,mg/L,5.3,0.3,DHEC
CW-057,10/15/2019,9:02:00 AM,mg/L,6.8,0.3,DHEC
CW-072,6/3/2019,1:51:00 PM,mg/L,12,0.3,DHEC
LCR-05,10/15/2019,9:50:00 AM,mg/L,23,0.3,DHEC
CW-019,1/10/2019,10:12:00 AM,mg/L,9.4,0.3,DHEC
LCR-05,10/29/2019,10:35:00 AM,mg/L,6.2,0.3,DHEC
LCR-02,8/13/2019,1:19:00 PM,mg/L,7.5,0.3,DHEC
CW-082,9/19/2019,12:45:00 PM,mg/L,33,0.3,DHEC
CW-057,7/9/2019,10:03:00 AM,mg/L,3.2,0.3,DHEC
CW-057,10/1/2019,9:28:00 AM,mg/L,4.4,0.3,DHEC
RS-15284,12/5/2019,3:49:00 PM,mg/L,1.5,0.3,DHEC
LCR-01,8/20/2019,12:13:00 PM,mg/L,11.5,0.3,DHEC
LCT-03,10/15/2019,8:35:00 AM,mg/L,7.9,0.3,DHEC
RS-19476,5/28/2019,1:54:00 PM,mg/L,3,0.3,DHEC
RS-15284,3/28/2019,3:42:00 PM,mg/L,9.8,0.3,DHEC
LWT-01,10/1/2019,10:15:00 AM,mg/L,3.3,0.3,DHEC
LCR-01,7/9/2019,12:42:00 PM,mg/L,13,0.3,DHEC
RS-19476,5/29/2019,12:00:00 AM,mg/L,17,0.3,DHEC
CW-017,11/6/2019,9:36:00 AM,mg/L,2.2,0.3,DHEC
CW-207,6/3/2019,12:08:00 PM,mg/L,5.8,0.3,DHEC
CW-014,7/9/2019,1:15:00 PM,mg/L,3.3,0.3,DHEC
LCT-03,9/17/2019,8:45:00 AM,mg/L,13,0.3,DHEC
RS-19476,9/17/2019,10:30:00 AM,mg/L,3.8,0.3,DHEC
LCR-04,7/25/2019,12:16:00 PM,mg/L,6.4,0.3,DHEC
CW-206,4/6/2020,10:31:00 AM,mg/L,15,0.3,DHEC
CW-231,8/24/2020,12:51:00 PM,mg/L,22,0.3,DHEC
CW-231,10/20/2020,1:06:00 PM,mg/L,14,0.3,DHEC
CW-036,6/18/2020,11:40:00 AM,mg/L,21,0.3,DHEC
CW-237,9/21/2020,10:40:00 AM,mg/L,5.5,0.3,DHEC
CW-208,6/16/2020,12:13:00 PM,mg/L,9.4,0.3,DHEC
CW-016,9/8/2020,11:20:00 AM,mg/L,5.4,0.3,DHEC
CW-040,3/11/2020,2:40:00 PM,mg/L,4.5,0.3,DHEC
RS-20536,3/11/2020,12:30:00 PM,mg/L,6.3,0.3,DHEC
CW-072,3/11/2020,1:34:00 PM,mg/L,11,0.3,DHEC
CW-014,10/28/2020,1:10:00 PM,mg/L,3.1,0.3,DHEC
RS-20540,12/15/2020,1:05:00 PM,mg/L,7.4,0.3,DHEC
CW-014,4/14/2020,12:14:00 PM,mg/L,9,0.3,DHEC
CW-208,9/8/2020,12:28:00 PM,mg/L,7,0.3,DHEC
CW-233,9/21/2020,1:30:00 PM,mg/L,9.8,0.3,DHEC
RS-17340,12/10/2020,12:12:00 PM,mg/L,2.1,0.3,DHEC
RS-17352,6/18/2020,11:10:00 AM,mg/L,4.1,0.3,DHEC
CW-019,6/30/2020,9:46:00 AM,mg/L,9.9,0.3,DHEC
LWT-01,10/6/2020,1:05:00 PM,mg/L,4,0.3,DHEC
CW-207B,6/29/2020,10:23:00 AM,mg/L,5.5,0.3,DHEC
CW-036,12/9/2020,12:04:00 PM,mg/L,11,0.3,DHEC
CW-231,8/10/2020,12:53:00 PM,mg/L,11,0.3,DHEC
CW-231,6/2/2020,1:56:00 PM,mg/L,23,0.3,DHEC
RS-11056,6/1/2020,1:30:00 PM,mg/L,12,0.3,DHEC
LCR-02,7/27/2020,1:37:00 PM,mg/L,8,0.3,DHEC
LCR-04,7/27/2020,10:20:00 AM,mg/L,7.1,0.3,DHEC
CW-021,3/24/2020,10:41:00 AM,mg/L,3.6,0.3,DHEC
LCT-03,10/14/2020,10:22:00 AM,mg/L,5.4,0.3,DHEC
CW-155,6/29/2020,9:51:00 AM,mg/L,5.8,0.3,DHEC
CW-250,3/24/2020,11:54:00 AM,mg/L,3.7,0.3,DHEC
CW-236,11/16/2020,12:41:00 PM,mg/L,11,0.3,DHEC
CW-016,2/19/2020,10:37:00 AM,mg/L,13,0.3,DHEC
LCR-04,8/10/2020,9:23:00 AM,mg/L,6,0.3,DHEC
LCR-04,6/16/2020,9:28:00 AM,mg/L,11,0.3,DHEC
LCR-04,6/29/2020,8:54:00 AM,mg/L,7.2,0.3,DHEC
CW-016,7/14/2020,10:50:00 AM,mg/L,2.8,0.3,DHEC
CW-206,10/7/2020,9:32:00 AM,mg/L,24,0.3,DHEC
CW-016,7/28/2020,11:05:00 AM,mg/L,8.4,0.3,DHEC
RS-11056,3/2/2020,3:28:00 PM,mg/L,3.1,0.3,DHEC
CW-208,6/29/2020,11:29:00 AM,mg/L,7.7,0.3,DHEC
CW-222,5/14/2020,10:37:00 AM,mg/L,30,0.3,DHEC
CW-207B,9/22/2020,11:12:00 AM,mg/L,8.2,0.3,DHEC
RS-13152,5/5/2020,1:05:00 PM,mg/L,75,0.3,DHEC
CW-017,5/13/2020,9:44:00 AM,mg/L,20,0.3,DHEC
LWT-01,9/22/2020,9:35:00 AM,mg/L,4.4,0.3,DHEC
RS-17340,9/21/2020,12:36:00 PM,mg/L,4.1,0.3,DHEC
CW-083,8/17/2020,11:14:00 AM,mg/L,40,0.3,DHEC
RS-14200,1/6/2020,8:50:00 AM,mg/L,17,0.3,DHEC
LWT-01,6/16/2020,10:20:00 AM,mg/L,3.1,0.3,DHEC
CW-251,3/11/2020,2:01:00 PM,mg/L,2.4,0.3,DHEC
CW-017,11/16/2020,2:30:00 PM,mg/L,19,0.3,DHEC
CW-019,12/10/2020,9:36:00 AM,mg/L,16,0.3,DHEC
CW-252,10/14/2020,11:14:00 AM,mg/L,36,0.3,DHEC
LCR-04,10/5/2020,9:40:00 AM,mg/L,10,0.3,DHEC
LWT-01,7/14/2020,9:55:00 AM,mg/L,3.7,0.3,DHEC
CW-082,9/21/2020,11:20:00 AM,mg/L,7.7,0.3,DHEC
RS-17352,9/29/2020,1:44:00 PM,mg/L,1.5,0.3,DHEC
CW-021,6/29/2020,11:00:00 AM,mg/L,5,0.3,DHEC
CW-083,11/5/2020,10:23:00 AM,mg/L,2.4,0.3,DHEC
LCR-03,6/2/2020,12:02:00 PM,mg/L,13,0.3,DHEC
CW-208,6/2/2020,12:36:00 PM,mg/L,7.2,0.3,DHEC
CW-208,8/24/2020,11:48:00 AM,mg/L,7.1,0.3,DHEC
RS-13168,6/1/2020,9:40:00 AM,mg/L,8.4,0.3,DHEC
CW-251,10/14/2020,11:04:00 AM,mg/L,5.6,0.3,DHEC
CW-208,10/5/2020,12:17:00 PM,mg/L,9.7,0.3,DHEC
CW-208,10/20/2020,12:08:00 PM,mg/L,7.4,0.3,DHEC
LCT-02,9/29/2020,3:06:00 PM,mg/L,3,0.3,DHEC
RS-17352,3/25/2020,10:08:00 AM,mg/L,150,0.3,DHEC
RS-19476,12/10/2020,11:16:00 AM,mg/L,6.2,0.3,DHEC
LCR-02,10/5/2020,12:47:00 PM,mg/L,12,0.3,DHEC
RS-20540,3/25/2020,12:49:00 PM,mg/L,100,0.3,DHEC
CW-166,6/29/2020,11:55:00 AM,mg/L,7.3,0.3,DHEC
CW-233,3/3/2020,12:11:00 PM,mg/L,5.6,0.3,DHEC
RS-11056,9/1/2020,2:15:00 PM,mg/L,25,0.3,DHEC
LWT-01,10/20/2020,10:00:00 AM,mg/L,4.9,0.3,DHEC
CW-208,7/13/2020,12:29:00 PM,mg/L,5.8,0.3,DHEC
CW-207B,10/20/2020,11:12:00 AM,mg/L,7.1,0.3,DHEC
LCR-04,9/8/2020,9:47:00 AM,mg/L,9.8,0.3,DHEC
LCR-03,10/5/2020,11:55:00 AM,mg/L,11,0.3,DHEC
RS-17352,12/9/2020,12:32:00 PM,mg/L,3.2,0.3,DHEC
CW-154,6/29/2020,9:40:00 AM,mg/L,27,0.3,DHEC
CW-207B,7/13/2020,10:59:00 AM,mg/L,2.7,0.3,DHEC
CW-231,7/27/2020,2:13:00 PM,mg/L,14,0.3,DHEC
CW-207B,9/8/2020,11:33:00 AM,mg/L,5.1,0.3,DHEC
CW-231,10/5/2020,1:13:00 PM,mg/L,12,0.3,DHEC
LCR-04,8/24/2020,9:05:00 AM,mg/L,9.5,0.3,DHEC
LWT-01,6/2/2020,10:50:00 AM,mg/L,6.9,0.3,DHEC
CW-236,8/26/2020,10:41:00 AM,mg/L,27,0.3,DHEC
CW-016,9/22/2020,10:40:00 AM,mg/L,14,0.3,DHEC
CW-154,3/24/2020,9:17:00 AM,mg/L,17,0.3,DHEC
RS-20536,12/10/2020,10:12:00 AM,mg/L,2.1,0.3,DHEC
RS-14216,2/11/2020,1:54:00 PM,mg/L,40,0.3,DHEC
LCT-02,3/25/2020,11:55:00 AM,mg/L,200,0.3,DHEC
CW-231,9/22/2020,1:04:00 PM,mg/L,14,0.3,DHEC
CW-236,5/13/2020,1:24:00 PM,mg/L,7.2,0.3,DHEC
LCR-02,7/13/2020,1:04:00 PM,mg/L,6,0.3,DHEC
CW-072,12/10/2020,11:01:00 AM,mg/L,4,0.3,DHEC
LWT-01,8/11/2020,10:00:00 AM,mg/L,3.2,0.3,DHEC
LWT-01,7/28/2020,9:50:00 AM,mg/L,4.2,0.3,DHEC
CW-041,10/28/2020,3:06:00 PM,mg/L,8,0.3,DHEC
CW-231,9/8/2020,1:33:00 PM,mg/L,9.1,0.3,DHEC
LCR-03,10/20/2020,11:42:00 AM,mg/L,9.5,0.3,DHEC
LCR-03,9/8/2020,12:02:00 PM,mg/L,7.3,0.3,DHEC
CW-208,9/22/2020,12:03:00 PM,mg/L,10,0.3,DHEC
CW-072,10/14/2020,10:40:00 AM,mg/L,48,0.3,DHEC
CW-166,9/21/2020,11:49:00 AM,mg/L,6.7,0.3,DHEC
LCR-02,6/16/2020,12:53:00 PM,mg/L,9.9,0.3,DHEC
LCR-02,9/8/2020,1:03:00 PM,mg/L,11,0.3,DHEC
CW-251,12/10/2020,11:24:00 AM,mg/L,1.7,0.3,DHEC
CW-016,5/27/2020,10:45:00 AM,mg/L,15,0.3,DHEC
LCR-03,8/24/2020,11:14:00 AM,mg/L,19,0.3,DHEC
CW-014,2/18/2020,11:20:00 AM,mg/L,14,0.3,DHEC
RS-14200,4/1/2020,12:18:00 PM,mg/L,5.4,0.3,DHEC
LCR-04,9/22/2020,9:14:00 AM,mg/L,9.6,0.3,DHEC
CW-252,12/10/2020,11:38:00 AM,mg/L,3.8,0.3,DHEC
LCR-04,10/20/2020,9:08:00 AM,mg/L,12,0.3,DHEC
CW-207B,6/16/2020,11:12:00 AM,mg/L,9.5,0.3,DHEC
CW-036,9/29/2020,2:11:00 PM,mg/L,9.6,0.3,DHEC
CW-040,12/10/2020,12:02:00 PM,mg/L,1.9,0.3,DHEC
RS-17340,3/3/2020,1:40:00 PM,mg/L,7.9,0.3,DHEC
CW-016,8/25/2020,2:12:00 PM,mg/L,16,0.3,DHEC
RS-20540,6/10/2020,1:32:00 PM,mg/L,12,0.3,DHEC
LWT-01,8/25/2020,10:20:00 AM,mg/L,49,0.3,DHEC
LCR-04,7/13/2020,9:20:00 AM,mg/L,4.4,0.3,DHEC
LCR-02,8/10/2020,12:22:00 PM,mg/L,7.4,0.3,DHEC
RS-14216,5/5/2020,12:40:00 PM,mg/L,110,0.3,DHEC
LCT-03,3/11/2020,1:06:00 PM,mg/L,2.8,0.3,DHEC
CW-155,3/24/2020,9:35:00 AM,mg/L,11,0.3,DHEC
CW-083,5/19/2020,10:53:00 AM,mg/L,360,0.3,DHEC
CW-040,9/22/2020,1:08:00 PM,mg/L,9.3,0.3,DHEC
RS-20540,9/16/2020,1:09:00 PM,mg/L,2.5,0.3,DHEC
CW-207B,8/24/2020,10:42:00 AM,mg/L,5.6,0.3,DHEC
CW-016,11/17/2020,11:18:00 AM,mg/L,22,0.3,DHEC
CW-252,3/11/2020,2:15:00 PM,mg/L,5.9,0.3,DHEC
CW-208,8/10/2020,11:44:00 AM,mg/L,5.2,0.3,DHEC
LCT-03,6/30/2020,10:44:00 AM,mg/L,1.4,0.3,DHEC
CW-208,7/27/2020,12:57:00 PM,mg/L,5.2,0.3,DHEC
LCR-02,9/22/2020,12:35:00 PM,mg/L,9.7,0.3,DHEC
RS-17340,6/3/2020,1:24:00 PM,mg/L,8.7,0.3,DHEC
LWT-01,9/8/2020,10:08:00 AM,mg/L,3.2,0.3,DHEC
CW-237,3/24/2020,10:12:00 AM,mg/L,11,0.3,DHEC
RS-13168,3/2/2020,10:05:00 AM,mg/L,2.6,0.3,DHEC
CW-040,6/30/2020,12:05:00 PM,mg/L,5.2,0.3,DHEC
CW-016,6/16/2020,11:20:00 AM,mg/L,13,0.3,DHEC
CW-014,7/8/2020,1:20:00 PM,mg/L,3.6,0.3,DHEC
LCR-03,6/16/2020,11:48:00 AM,mg/L,11,0.3,DHEC
CW-154,9/21/2020,9:44:00 AM,mg/L,3.7,0.3,DHEC
CW-072,6/30/2020,11:10:00 AM,mg/L,5.6,0.3,DHEC
CW-236,2/27/2020,1:18:00 PM,mg/L,19,0.3,DHEC
RS-19476,6/3/2020,10:59:00 AM,mg/L,12,0.3,DHEC
CW-019,9/22/2020,10:05:00 AM,mg/L,7.9,0.3,DHEC
CW-206,7/7/2020,11:27:00 AM,mg/L,29,0.3,DHEC
CW-222,11/23/2020,11:10:00 AM,mg/L,24,0.3,DHEC
CW-207B,7/27/2020,11:57:00 AM,mg/L,4.3,0.3,DHEC
CW-233,6/3/2020,2:21:00 PM,mg/L,13,0.3,DHEC
CW-016,10/6/2020,12:15:00 PM,mg/L,9.1,0.3,DHEC
CW-017,8/26/2020,9:02:00 AM,mg/L,31,0.3,DHEC
RS-13168,9/1/2020,9:09:00 AM,mg/L,43,0.3,DHEC
CW-206,1/27/2020,10:09:00 AM,mg/L,16,0.3,DHEC
CW-041,7/8/2020,11:40:00 AM,mg/L,2.8,0.3,DHEC
CW-082,6/29/2020,11:18:00 AM,mg/L,7.5,0.3,DHEC
LWT-01,6/30/2020,10:00:00 AM,mg/L,5.1,0.3,DHEC
CW-016,8/25/2020,11:20:00 AM,mg/L,9.4,0.3,DHEC
LCR-02,6/2/2020,1:17:00 PM,mg/L,17,0.3,DHEC
CW-019,3/11/2020,11:33:00 AM,mg/L,13,0.3,DHEC
LCT-03,12/10/2020,10:42:00 AM,mg/L,3,0.3,DHEC
RS-20536,10/14/2020,9:52:00 AM,mg/L,3.2,0.3,DHEC
CW-166,3/24/2020,11:33:00 AM,mg/L,9,0.3,DHEC
CW-036,3/25/2020,10:48:00 AM,mg/L,610,0.3,DHEC
CW-237,6/29/2020,10:35:00 AM,mg/L,18,0.3,DHEC
LCR-03,7/27/2020,12:31:00 PM,mg/L,5.5,0.3,DHEC
CW-083,2/18/2020,10:10:00 AM,mg/L,8.7,0.3,DHEC
CW-016,10/20/2020,10:57:00 AM,mg/L,18,0.3,DHEC
RS-20540,3/4/2020,1:12:00 PM,mg/L,31,0.3,DHEC
LCR-02,10/20/2020,12:39:00 PM,mg/L,12,0.3,DHEC
CW-231,6/16/2020,1:20:00 PM,mg/L,13,0.3,DHEC
RS-14216,8/4/2020,2:12:00 PM,mg/L,56,0.3,DHEC
CW-041,4/14/2020,2:35:00 PM,mg/L,100,0.3,DHEC
LCR-03,8/10/2020,11:21:00 AM,mg/L,7.1,0.3,DHEC
RS-14216,11/4/2020,12:04:00 PM,mg/L,1,0.3,DHEC
CW-231,7/13/2020,1:38:00 PM,mg/L,12,0.3,DHEC
LCT-02,12/9/2020,9:57:00 AM,mg/L,4.8,0.3,DHEC
CW-207B,8/10/2020,10:50:00 AM,mg/L,2.8,0.3,DHEC
CW-207B,6/2/2020,11:28:00 AM,mg/L,12,0.3,DHEC
LCR-04,6/2/2020,9:54:00 AM,mg/L,15,0.3,DHEC
CW-233,12/10/2020,1:19:00 PM,mg/L,4.7,0.3,DHEC
CW-231,6/29/2020,12:38:00 PM,mg/L,12,0.3,DHEC
CW-222,8/19/2020,10:35:00 AM,mg/L,36,0.3,DHEC
CW-082,3/24/2020,11:01:00 AM,mg/L,8.7,0.3,DHEC
LCR-02,6/29/2020,12:06:00 PM,mg/L,7.2,0.3,DHEC
CW-207B,10/5/2020,11:27:00 AM,mg/L,7.1,0.3,DHEC
CW-021,9/21/2020,11:04:00 AM,mg/L,4.9,0.3,DHEC
CW-250,6/29/2020,12:17:00 PM,mg/L,8.5,0.3,DHEC
CW-016,6/30/2020,11:00:00 AM,mg/L,7.8,0.3,DHEC
CW-016,8/11/2020,11:00:00 AM,mg/L,15,0.3,DHEC
CW-017,2/27/2020,9:08:00 AM,mg/L,19,0.3,DHEC
LCR-02,8/24/2020,12:23:00 PM,mg/L,20,0.3,DHEC
RS-14200,7/1/2020,11:26:00 AM,mg/L,12,0.3,DHEC
RS-19476,3/3/2020,11:28:00 AM,mg/L,6.9,0.3,DHEC
RS-14200,10/5/2020,1:02:00 PM,mg/L,10,0.3,DHEC
CW-155,9/21/2020,9:56:00 AM,mg/L,4.9,0.3,DHEC
CW-016,6/2/2020,11:50:00 AM,mg/L,15,0.3,DHEC
RS-19476,9/21/2020,10:13:00 AM,mg/L,3.5,0.3,DHEC
CW-041,2/18/2020,9:37:00 AM,mg/L,18,0.3,DHEC
CW-250,9/21/2020,12:09:00 PM,mg/L,5.4,0.3,DHEC
LCR-03,7/13/2020,11:49:00 AM,mg/L,4.3,0.3,DHEC
LCT-02,6/18/2020,12:35:00 PM,mg/L,5.9,0.3,DHEC
LCR-03,6/29/2020,11:02:00 AM,mg/L,8.6,0.3,DHEC
CW-080,10/13/2021,10:26:00 AM,mg/L,4.1,0.3,DHEC
LCT-02,11/23/2021,2:54:00 PM,mg/L,1.3,0.3,DHEC
RS-21025,6/8/2021,1:10:00 PM,mg/L,24,0.3,DHEC
RS-21033,12/8/2021,10:37:00 AM,mg/L,94,0.3,DHEC
RS-19476,5/18/2021,12:00:00 PM,mg/L,3.5,0.3,DHEC
LWT-01,9/7/2021,1:33:00 PM,mg/L,2.8,0.3,DHEC
RS-21033,5/13/2021,9:42:00 AM,mg/L,6.2,0.3,DHEC
CW-083,12/9/2021,11:54:00 AM,mg/L,24,0.3,DHEC
CW-019,12/8/2021,11:00:00 AM,mg/L,6.1,0.3,DHEC
CW-236,2/24/2021,9:52:00 AM,mg/L,28,0.3,DHEC
CW-206,7/14/2021,10:09:00 AM,mg/L,21,0.3,DHEC
CW-251,12/8/2021,12:37:00 PM,mg/L,1,0.3,DHEC
CW-017,7/27/2021,9:34:00 AM,mg/L,18,0.3,DHEC
CW-083,1/12/2021,9:50:00 AM,mg/L,9.2,0.3,DHEC
CW-017,1/25/2021,2:20:00 PM,mg/L,4.8,0.3,DHEC
CW-072,12/8/2021,12:11:00 PM,mg/L,13,0.3,DHEC
CW-222,11/15/2021,11:58:00 AM,mg/L,22,0.3,DHEC
LCT-03,3/4/2021,10:17:00 AM,mg/L,1.8,0.3,DHEC
RS-21033,8/17/2021,9:34:00 AM,mg/L,24,0.3,DHEC
CW-233,10/5/2021,9:48:00 AM,mg/L,4.7,0.3,DHEC
RS-21053,5/18/2021,11:28:00 AM,mg/L,4.6,0.3,DHEC
RS-19476,3/17/2021,11:41:00 AM,mg/L,20,0.3,DHEC
CW-019,6/7/2021,11:19:00 AM,mg/L,58,0.3,DHEC
CW-041,10/7/2021,12:49:00 PM,mg/L,6.2,0.3,DHEC
CW-019,9/2/2021,10:08:00 AM,mg/L,4.8,0.3,DHEC
RS-21025,12/9/2021,10:50:00 AM,mg/L,2.8,0.3,DHEC
RS-17352,3/4/2021,10:47:00 AM,mg/L,3.8,0.3,DHEC
CW-236,9/14/2021,3:33:00 PM,mg/L,5.1,0.3,DHEC
CW-206,10/12/2021,9:38:00 AM,mg/L,19,0.3,DHEC
CW-233,7/27/2021,10:00:00 AM,mg/L,45,0.3,DHEC
LWT-01,3/15/2021,10:12:00 AM,mg/L,3.8,0.3,DHEC
CW-014,8/2/2021,11:20:00 AM,mg/L,3.8,0.3,DHEC
CW-016,5/13/2021,12:10:00 PM,mg/L,5,0.3,DHEC
CW-251,3/4/2021,10:55:00 AM,mg/L,1.6,0.3,DHEC
CW-017,10/5/2021,9:11:00 AM,mg/L,15,0.3,DHEC
CW-236,6/9/2021,10:05:00 AM,mg/L,23,0.3,DHEC
RS-21037,12/2/2021,12:50:00 PM,mg/L,1.7,0.3,DHEC
CW-036,10/7/2021,11:27:00 AM,mg/L,70,0.3,DHEC
CW-252,12/8/2021,12:56:00 PM,mg/L,1,0.3,DHEC
RS-17352,7/7/2021,11:22:00 AM,mg/L,3,0.3,DHEC
LCT-02,8/2/2021,10:58:00 AM,mg/L,2.6,0.3,DHEC
CW-036,3/4/2021,11:10:00 AM,mg/L,13,0.3,DHEC
CW-014,11/23/2021,2:20:00 PM,mg/L,11,0.3,DHEC
CW-233,1/25/2021,10:05:00 AM,mg/L,3.6,0.3,DHEC
LCT-02,5/4/2021,10:11:00 AM,mg/L,43,0.3,DHEC
CW-036,4/12/2021,11:25:00 AM,mg/L,13,0.3,DHEC
RS-21053,3/17/2021,11:05:00 AM,mg/L,8.8,0.3,DHEC
RS-17352,4/12/2021,11:39:00 AM,mg/L,2.2,0.3,DHEC
CW-083,9/9/2021,1:03:00 PM,mg/L,3,0.3,DHEC
RS-21025,9/9/2021,1:58:00 PM,mg/L,37,0.3,DHEC
CW-222,8/26/2021,10:24:00 AM,mg/L,39,0.3,DHEC
RS-21037,6/9/2021,10:32:00 AM,mg/L,22,0.3,DHEC
LWT-01,6/16/2021,1:35:00 PM,mg/L,8.4,0.3,DHEC
RS-19476,8/23/2021,12:38:00 PM,mg/L,76,0.3,DHEC
CW-072,9/2/2021,11:35:00 AM,mg/L,20,0.3,DHEC
CW-017,4/13/2021,9:00:00 AM,mg/L,15,0.3,DHEC
LCT-03,6/7/2021,12:09:00 PM,mg/L,3,0.3,DHEC
LCT-03,9/2/2021,10:56:00 AM,mg/L,1.8,0.3,DHEC
CW-083,6/8/2021,12:22:00 PM,mg/L,198,0.3,DHEC
RS-21037,3/17/2021,10:25:00 AM,mg/L,28,0.3,DHEC
CW-014,1/12/2021,11:47:00 AM,mg/L,4.3,0.3,DHEC
RS-21033,2/3/2021,9:50:00 AM,mg/L,1.5,0.3,DHEC
RS-17352,10/7/2021,11:48:00 AM,mg/L,2,0.3,DHEC
CW-017,2/24/2021,12:51:00 PM,mg/L,17,0.3,DHEC
LWT-01,12/15/2021,11:15:00 AM,mg/L,2.2,0.3,DHEC
LCT-03,12/8/2021,11:48:00 AM,mg/L,3.9,0.3,DHEC
CW-021,3/4/2021,9:24:00 AM,mg/L,2.9,0.3,DHEC
CW-041,7/7/2021,10:16:00 AM,mg/L,116,0.3,DHEC
CW-036,7/7/2021,12:03:00 PM,mg/L,12,0.3,DHEC
CW-252,3/4/2021,11:05:00 AM,mg/L,4.5,0.3,DHEC
CW-206,4/19/2021,10:35:00 AM,mg/L,16,0.3,DHEC
CW-236,12/2/2021,11:52:00 AM,mg/L,1.9,0.3,DHEC
CW-083,2/4/2021,12:01:00 PM,mg/L,21,0.3,DHEC
CW-041,3/4/2021,9:15:00 AM,mg/L,10,0.3,DHEC
CW-206,1/20/2021,10:30:00 AM,mg/L,9.3,0.3,DHEC
CW-019,3/4/2021,9:38:00 AM,mg/L,7.2,0.3,DHEC
CW-016,10/18/2021,2:45:00 PM,mg/L,5.5,0.3,DHEC
CW-016,2/9/2021,1:59:00 PM,mg/L,5.3,0.3,DHEC
CW-072,6/7/2021,12:40:00 PM,mg/L,20,0.3,DHEC
CW-251,6/7/2021,1:23:00 PM,mg/L,37,0.3,DHEC
LCT-02,3/4/2021,11:58:00 AM,mg/L,112,0.3,DHEC
CW-222,5/18/2021,11:21:00 AM,mg/L,31,0.3,DHEC
CW-041,5/4/2021,12:20:00 PM,mg/L,40,0.3,DHEC
CW-233,4/13/2021,9:40:00 AM,mg/L,9.1,0.3,DHEC
RS-21053,8/23/2021,12:09:00 PM,mg/L,7.8,0.3,DHEC
CW-014,5/4/2021,10:40:00 AM,mg/L,4.6,0.3,DHEC
CW-072,3/4/2021,10:35:00 AM,mg/L,5.4,0.3,DHEC
CW-080,7/22/2021,10:03:00 AM,mg/L,9.6,0.3,DHEC
CW-016,7/22/2021,10:14:00 AM,mg/L,8.5,0.3,DHEC
RS-21025,3/4/2021,8:48:00 AM,mg/L,16,0.3,DHEC
RS-21037,9/14/2021,3:02:00 PM,mg/L,3.2,0.3,DHEC
CW-016,9/14/2021,9:54:00 AM,mg/L,7,0.3,DHEC
CW-251,12/13/2022,1:28:00 PM,mg/L,8.7,0.3,DHEC
CW-017,4/12/2022,2:19:00 PM,mg/L,12,0.3,DHEC
CW-251,9/14/2022,10:01:00 AM,mg/L,1.5,0.3,DHEC
CW-036,1/11/2022,12:25:00 PM,mg/L,19,0.3,DHEC
CW-251,6/2/2022,10:24:00 AM,mg/L,3.3,0.3,DHEC
CW-236,12/7/2022,10:50:00 AM,mg/L,36,0.3,DHEC
CW-041,7/6/2022,11:29:00 AM,mg/L,55,0.3,DHEC
CW-252,10/5/2022,10:48:00 AM,mg/L,2.1,0.3,DHEC
CW-019,10/5/2022,12:28:00 PM,mg/L,7.4,0.3,DHEC
CW-252,7/14/2022,10:47:00 AM,mg/L,14,0.3,DHEC
CW-222,8/18/2022,11:14:00 AM,mg/L,45,0.3,DHEC
CW-252,4/21/2022,1:40:00 PM,mg/L,11,0.3,DHEC
CW-206,1/4/2022,10:24:00 AM,mg/L,67,0.3,DHEC
CW-233,12/7/2022,10:13:00 AM,mg/L,6.4,0.3,DHEC
CW-017,10/5/2022,12:35:00 PM,mg/L,16,0.3,DHEC
CW-206,4/14/2022,10:02:00 AM,mg/L,29,0.3,DHEC
CW-083,3/3/2022,1:43:00 PM,mg/L,3.9,0.3,DHEC
CW-016,4/5/2022,10:12:00 AM,mg/L,10,0.3,DHEC
CW-016,7/14/2022,10:40:00 AM,mg/L,15,0.3,DHEC
CW-016,1/27/2022,11:28:00 AM,mg/L,4.5,0.3,DHEC
CW-041,4/12/2022,1:36:00 PM,mg/L,30,0.3,DHEC
CW-019,1/11/2022,11:49:00 AM,mg/L,7.3,0.3,DHEC
CW-041,10/5/2022,11:59:00 AM,mg/L,5.8,0.3,DHEC
CW-017,7/6/2022,12:06:00 PM,mg/L,48,0.3,DHEC
CW-014,2/10/2022,12:20:00 PM,mg/L,26,0.3,DHEC
CW-222,2/24/2022,10:51:00 AM,mg/L,23,0.3,DHEC
CW-222,11/8/2022,10:37:00 AM,mg/L,32,0.3,DHEC
CW-206,10/12/2022,10:12:00 AM,mg/L,11,0.3,DHEC
LWT-01,10/18/2022,9:42:00 AM,mg/L,3.8,0.3,DHEC
CW-222,5/25/2022,10:24:00 AM,mg/L,33,0.3,DHEC
CW-036,4/12/2022,12:17:00 PM,mg/L,18,0.3,DHEC
CW-252,1/11/2022,12:59:00 PM,mg/L,1.5,0.3,DHEC
CW-233,3/8/2022,2:15:00 PM,mg/L,3.3,0.3,DHEC
CW-019,4/21/2022,12:30:00 PM,mg/L,12,0.3,DHEC
LWT-01,1/19/2022,2:32:00 PM,mg/L,5.6,0.3,DHEC
CW-206,7/7/2022,10:48:00 AM,mg/L,23,0.3,DHEC
CW-016,10/19/2022,10:27:00 AM,mg/L,5.6,0.3,DHEC
CW-017,1/11/2022,10:22:00 AM,mg/L,18,0.3,DHEC
RS-22081,3/14/2022,2:18:00 PM,mg/L,2.8,0.3,DHEC
LWT-01,4/4/2022,3:10:00 PM,mg/L,3.8,0.3,DHEC
CW-014,11/14/2022,1:01:00 PM,mg/L,5,0.3,DHEC
CW-236,3/8/2022,1:48:00 PM,mg/L,3.8,0.3,DHEC
CW-251,3/3/2022,1:04:00 PM,mg/L,1.1,0.3,DHEC
CW-019,7/14/2022,9:30:00 AM,mg/L,4.2,0.3,DHEC
LWT-01,7/25/2022,3:12:00 PM,mg/L,1,0.3,DHEC
CW-014,5/4/2022,10:10:00 AM,mg/L,6,0.3,DHEC
CW-041,1/11/2022,10:56:00 AM,mg/L,24,0.3,DHEC
CW-206,1/4/2023,9:22:00 AM,mg/L,10,0.3,DHEC
CW-036,1/4/2023,10:30:00 AM,mg/L,280,0.3,DHEC
CW-016,1/31/2023,11:39:00 AM,mg/L,4,0.3,DHEC
CW-236,3/6/2023,1:20:00 PM,mg/L,3.2,0.3,DHEC
CW-233,3/6/2023,1:51:00 PM,mg/L,4,0.3,DHEC
CW-019,1/12/2023,9:41:00 AM,mg/L,12,0.3,DHEC
CW-017,1/4/2023,8:25:00 AM,mg/L,8,0.3,DHEC
CW-083,3/22/2023,1:30:00 PM,mg/L,3.2,0.3,DHEC
RS-23081,2/2/2023,11:28:00 AM,mg/L,5,0.3,DHEC
CW-041,1/4/2023,9:20:00 AM,mg/L,20,0.3,DHEC
LWT-01,1/30/2023,1:40:00 PM,mg/L,4.2,0.3,DHEC
CW-233,6/14/2023,1:19:00 PM,mg/L,7.6,0.3,DHEC
LWT-01,4/12/2023,11:02:00 AM,mg/L,3,0.3,DHEC
CW-236,6/14/2023,12:56:00 PM,mg/L,2.8,0.3,DHEC
RS-23081,5/18/2023,1:12:00 PM,mg/L,3.2,0.3,DHEC
CW-041,4/6/2023,9:50:00 AM,mg/L,9,0.3,DHEC
CW-016,4/13/2023,12:25:00 PM,mg/L,4.4,0.3,DHEC
CW-017,4/6/2023,8:50:00 AM,mg/L,20,0.3,DHEC
CW-222,5/18/2023,12:21:00 PM,mg/L,38,0.3,DHEC
CW-036,4/6/2023,10:50:00 AM,mg/L,12,0.3,DHEC
CW-083,6/14/2023,10:21:00 AM,mg/L,3.6,0.3,DHEC
CW-014,5/3/2023,12:15:00 PM,mg/L,8.2,0.3,DHEC
CW-014,5/2/2017,8:00:00 AM,mg/L,7.60,0.3,lowcarb
CW-041,5/2/2017,1:04:00 PM,mg/L,21.50,0.3,lowcarb
CW-016,5/3/2017,12:45:00 PM,mg/L,12.30,0.5,lowcarb
CW-016F,5/3/2017,10:45:00 AM,mg/L,23.73,0.3,lowcarb
CW-016F,5/3/2017,10:45:00 AM,mg/L,26.40,0.5,lowcarb
CW-016F,5/3/2017,10:45:00 AM,mg/L,29.80,1,lowcarb
CW-016F,5/3/2017,10:45:00 AM,mg/L,32.67,1.25,lowcarb
CW-057,5/3/2017,8:40:00 AM,mg/L,8.00,1,lowcarb
CW-057,5/3/2017,8:40:00 AM,mg/L,9.40,3,lowcarb
CW-057,5/3/2017,8:40:00 AM,mg/L,12.67,6,lowcarb
CW-057,5/3/2017,8:40:00 AM,mg/L,20.83,8,lowcarb
CW-174,5/2/2017,2:00:00 PM,mg/L,19.87,0.5,lowcarb
CW-174,5/2/2017,2:00:00 PM,mg/L,23.20,1.5,lowcarb
CW-174,5/2/2017,2:00:00 PM,mg/L,22.60,2,lowcarb
CW-174,5/2/2017,2:00:00 PM,mg/L,22.90,3,lowcarb
CW-033,5/2/2017,10:00:00 AM,mg/L,15.00,0.5,lowcarb
CW-033,5/2/2017,10:00:00 AM,mg/L,19.00,1.5,lowcarb
CW-033,5/2/2017,10:00:00 AM,mg/L,20.17,3,lowcarb
CW-033,5/2/2017,10:00:00 AM,mg/L,17.57,5,lowcarb
CW-231,5/4/2017,4:25:00 PM,mg/L,21.20,0.5,lowcarb
CW-231,5/4/2017,4:25:00 PM,mg/L,21.20,1,lowcarb
CW-231,5/4/2017,4:25:00 PM,mg/L,21.60,2,lowcarb
CW-231,5/4/2017,4:25:00 PM,mg/L,22.20,3,lowcarb
CW-207A,5/4/2017,12:00:00 PM,mg/L,8.40,1,lowcarb
CW-207A,5/4/2017,12:00:00 PM,mg/L,9.20,2,lowcarb
CW-207A,5/4/2017,12:00:00 PM,mg/L,7.60,3,lowcarb
CW-207A,5/4/2017,12:00:00 PM,mg/L,11.40,5,lowcarb
CW-207B,5/4/2017,1:20:00 PM,mg/L,6.40,1,lowcarb
CW-207B,5/4/2017,1:20:00 PM,mg/L,7.00,2,lowcarb
CW-207B,5/4/2017,1:20:00 PM,mg/L,6.33,4,lowcarb
CW-207B,5/4/2017,1:20:00 PM,mg/L,14.50,7,lowcarb
CL-089,5/4/2017,9:15:00 AM,mg/L,5.83,1,lowcarb
CL-089,5/4/2017,9:15:00 AM,mg/L,5.17,2,lowcarb
CL-089,5/4/2017,9:15:00 AM,mg/L,6.40,4,lowcarb
CL-089,5/4/2017,9:15:00 AM,mg/L,5.80,7,lowcarb
CW-236,5/2/2017,4:45:00 PM,mg/L,7.70,0.3,lowcarb
CW-233,5/2/2017,3:15:00 PM,mg/L,11.00,0.3,lowcarb
CW-083,5/2/2017,11:50:00 AM,mg/L,6.20,0.3,lowcarb
CW-036,5/2/2017,10:25:00 AM,mg/L,196.67,0.3,lowcarb
CW-014,6/26/2017,7:40:00 AM,mg/L,4.90,0.3,lowcarb
CW-041,6/26/2017,10:45:00 AM,mg/L,10.40,0.3,lowcarb
CW-016,6/27/2017,8:45:00 AM,mg/L,16.20,0.3,lowcarb
CW-016F,6/27/2017,9:50:00 AM,mg/L,16.50,0.3,lowcarb
CW-016F,6/27/2017,9:50:00 AM,mg/L,17.88,1,lowcarb
CW-016F,6/27/2017,9:50:00 AM,mg/L,6.33,2,lowcarb
CW-016F,6/27/2017,9:50:00 AM,mg/L,7.50,2.5,lowcarb
CW-057,6/27/2017,1:07:00 PM,mg/L,9.00,0.3,lowcarb
CW-057,6/27/2017,1:07:00 PM,mg/L,10.14,1,lowcarb
CW-057,6/27/2017,1:07:00 PM,mg/L,10.43,3,lowcarb
CW-057,6/27/2017,1:07:00 PM,mg/L,11.00,6,lowcarb
CW-174,6/29/2017,10:05:00 AM,mg/L,11.00,0.3,lowcarb
CW-033,6/29/2017,10:50:00 AM,mg/L,9.83,0.3,lowcarb
CW-033,6/29/2017,10:50:00 AM,mg/L,10.83,1,lowcarb
CW-033,6/29/2017,10:50:00 AM,mg/L,10.17,2,lowcarb
CW-033,6/29/2017,10:50:00 AM,mg/L,9.50,4,lowcarb
CW-231,6/29/2017,8:45:00 AM,mg/L,6.50,0.3,lowcarb
CW-207A,6/28/2017,12:35:00 PM,mg/L,5.33,0.3,lowcarb
CW-207A,6/28/2017,12:35:00 PM,mg/L,5.67,1,lowcarb
CW-207A,6/28/2017,12:35:00 PM,mg/L,5.33,2,lowcarb
CW-207A,6/28/2017,12:35:00 PM,mg/L,6.83,4,lowcarb
CW-207B,6/28/2017,1:55:00 PM,mg/L,5.50,0.3,lowcarb
CW-207B,6/28/2017,1:55:00 PM,mg/L,6.00,1,lowcarb
CW-207B,6/28/2017,1:55:00 PM,mg/L,5.42,4,lowcarb
CW-207B,6/28/2017,1:55:00 PM,mg/L,6.00,7,lowcarb
CL-089,6/28/2017,9:20:00 AM,mg/L,4.17,0.3,lowcarb
CL-089,6/28/2017,9:20:00 AM,mg/L,4.00,2,lowcarb
CL-089,6/28/2017,9:20:00 AM,mg/L,3.33,6,lowcarb
CL-089,6/28/2017,9:20:00 AM,mg/L,3.33,9,lowcarb
CW-233,6/26/2017,1:00:00 PM,mg/L,7.60,0.3,lowcarb
CW-236,6/26/2017,1:36:00 PM,mg/L,5.30,0.3,lowcarb
CW-083,6/26/2017,10:00:00 AM,mg/L,7.90,0.3,lowcarb
CW-036,6/26/2017,9:07:00 AM,mg/L,26.43,0.3,lowcarb
CW-014,8/1/2017,7:20:00 AM,mg/L,4.10,0.3,lowcarb
CW-041,8/1/2017,10:04:00 AM,mg/L,9.71,0.3,lowcarb
CW-016,8/3/2017,8:25:00 AM,mg/L,14.50,0.3,lowcarb
CW-016F,8/3/2017,9:11:00 AM,mg/L,20.81,0.3,lowcarb
CW-016F,8/3/2017,9:11:00 AM,mg/L,21.33,1,lowcarb
CW-057,8/1/2017,2:00:00 PM,mg/L,11.00,0.3,lowcarb
CW-057,8/1/2017,2:00:00 PM,mg/L,10.43,1,lowcarb
CW-057,8/1/2017,2:00:00 PM,mg/L,10.00,2,lowcarb
CW-057,8/1/2017,2:00:00 PM,mg/L,12.83,6,lowcarb
CW-174,8/1/2017,11:00:00 AM,mg/L,10.42,0.3,lowcarb
CW-033,8/1/2017,9:50:00 AM,mg/L,9.67,0.3,lowcarb
CW-033,8/1/2017,9:50:00 AM,mg/L,10.17,1,lowcarb
CW-033,8/1/2017,9:50:00 AM,mg/L,12.00,2,lowcarb
CW-033,8/1/2017,9:50:00 AM,mg/L,10.83,4,lowcarb
CW-231,8/1/2017,8:30:00 AM,mg/L,4.00,0.3,lowcarb
CW-207A,8/2/2017,12:20:00 PM,mg/L,7.83,0.3,lowcarb
CW-207A,8/2/2017,12:20:00 PM,mg/L,7.83,1,lowcarb
CW-207A,8/2/2017,12:20:00 PM,mg/L,7.17,2,lowcarb
CW-207A,8/2/2017,12:20:00 PM,mg/L,7.17,4,lowcarb
CW-207B,8/2/2017,1:48:00 PM,mg/L,5.92,0.3,lowcarb
CW-207B,8/2/2017,1:48:00 PM,mg/L,6.67,1,lowcarb
CW-207B,8/2/2017,1:48:00 PM,mg/L,6.17,2,lowcarb
CW-207B,8/2/2017,1:48:00 PM,mg/L,5.33,5,lowcarb
CL-089,8/2/2017,9:15:00 AM,mg/L,3.17,0.3,lowcarb
CL-089,8/2/2017,9:15:00 AM,mg/L,3.00,1,lowcarb
CL-089,8/2/2017,9:15:00 AM,mg/L,3.17,2,lowcarb
CL-089,8/2/2017,9:15:00 AM,mg/L,3.33,5,lowcarb
CW-233,8/1/2017,11:55:00 AM,mg/L,3.43,0.3,lowcarb
CW-236,8/1/2017,,mg/L,4.43,0.3,lowcarb
CW-083,8/1/2017,9:20:00 AM,mg/L,3.50,0.3,lowcarb
CW-036,8/1/2017,8:24:00 AM,mg/L,10.36,0.3,lowcarb
CW-014,8/31/2017,7:55:00 AM,mg/L,4.40,0.3,lowcarb
CW-041,8/31/2017,10:20:00 AM,mg/L,6.00,0.3,lowcarb
CW-016,8/30/2017,10:42:00 AM,mg/L,10.90,0.3,lowcarb
CW-016F,8/30/2017,11:20:00 AM,mg/L,15.33,0.3,lowcarb
CW-016F,8/30/2017,11:20:00 AM,mg/L,18.17,1,lowcarb
CW-016F,8/30/2017,11:20:00 AM,mg/L,25.33,2,lowcarb
CW-057,8/30/2017,9:10:00 AM,mg/L,18.33,0.3,lowcarb
CW-057,8/30/2017,9:10:00 AM,mg/L,16.33,1,lowcarb
CW-057,8/30/2017,9:10:00 AM,mg/L,15.80,2,lowcarb
CW-057,8/30/2017,9:10:00 AM,mg/L,22.80,6,lowcarb
CW-174,8/29/2017,2:40:00 PM,mg/L,10.17,0.3,lowcarb
CW-033,8/29/2017,1:40:00 PM,mg/L,7.33,0.3,lowcarb
CW-033,8/29/2017,1:40:00 PM,mg/L,8.17,1,lowcarb
CW-033,8/29/2017,1:40:00 PM,mg/L,8.33,2,lowcarb
CW-033,8/29/2017,1:40:00 PM,mg/L,8.00,4,lowcarb
CW-207A,8/28/2017,12:52:00 PM,mg/L,6.17,0.3,lowcarb
CW-207A,8/28/2017,12:52:00 PM,mg/L,6.33,1,lowcarb
CW-207A,8/28/2017,12:52:00 PM,mg/L,5.83,2,lowcarb
CW-207A,8/28/2017,12:52:00 PM,mg/L,6.83,4,lowcarb
CW-207B,8/28/2017,2:40:00 PM,mg/L,3.17,0.3,lowcarb
CW-207B,8/28/2017,2:40:00 PM,mg/L,4.67,1,lowcarb
CW-207B,8/28/2017,2:40:00 PM,mg/L,4.67,2,lowcarb
CW-207B,8/28/2017,2:40:00 PM,mg/L,4.92,4,lowcarb
CW-233,8/31/2017,12:30:00 PM,mg/L,3.50,0.3,lowcarb
CW-236,8/31/2017,1:20:00 PM,mg/L,5.50,0.3,lowcarb
CW-083,8/31/2017,9:30:00 AM,mg/L,4.70,0.3,lowcarb
CW-036,8/31/2017,8:45:00 AM,mg/L,9.37,0.3,lowcarb
CW-014,9/28/2017,7:48:00 AM,mg/L,3.33,0.3,lowcarb
CW-016,9/25/2017,3:35:00 PM,mg/L,8.83,0.3,lowcarb
CW-016F,9/27/2017,1:22:00 PM,mg/L,5.00,0.3,lowcarb
CW-016F,9/27/2017,1:22:00 PM,mg/L,4.00,1,lowcarb
CW-016F,9/27/2017,1:22:00 PM,mg/L,7.00,2,lowcarb
CW-016F,9/27/2017,1:22:00 PM,mg/L,14.67,3,lowcarb
CW-057,9/25/2017,10:20:00 AM,mg/L,5.33,0.3,lowcarb
CW-057,9/25/2017,10:20:00 AM,mg/L,5.67,1,lowcarb
CW-057,9/25/2017,10:20:00 AM,mg/L,4.83,2,lowcarb
CW-057,9/25/2017,10:20:00 AM,mg/L,5.50,4,lowcarb
CW-174,9/27/2017,10:00:00 AM,mg/L,5.67,0.3,lowcarb
CW-033,9/27/2017,10:24:00 AM,mg/L,10.00,0.3,lowcarb
CW-033,9/27/2017,10:24:00 AM,mg/L,7.50,1,lowcarb
CW-033,9/27/2017,10:24:00 AM,mg/L,8.83,2,lowcarb
CW-033,9/27/2017,10:24:00 AM,mg/L,5.92,4,lowcarb
CW-231,9/27/2017,8:45:00 AM,mg/L,3.50,0.3,lowcarb
CW-207A,9/26/2017,12:30:00 PM,mg/L,5.17,0.3,lowcarb
CW-207A,9/26/2017,12:30:00 PM,mg/L,5.17,1,lowcarb
CW-207A,9/26/2017,12:30:00 PM,mg/L,5.00,2,lowcarb
CW-207A,9/26/2017,12:30:00 PM,mg/L,4.67,4,lowcarb
CW-207B,9/26/2017,1:50:00 PM,mg/L,4.83,0.3,lowcarb
CW-207B,9/26/2017,1:50:00 PM,mg/L,5.00,1,lowcarb
CW-207B,9/26/2017,1:50:00 PM,mg/L,4.42,2,lowcarb
CW-207B,9/26/2017,1:50:00 PM,mg/L,2.50,6,lowcarb
CL-089,9/26/2017,9:45:00 AM,mg/L,3.67,0.3,lowcarb
CL-089,9/26/2017,9:45:00 AM,mg/L,4.00,1,lowcarb
CL-089,9/26/2017,9:45:00 AM,mg/L,3.67,3,lowcarb
CL-089,9/26/2017,9:45:00 AM,mg/L,2.50,8,lowcarb
CW-014,10/19/2017,8:04:00 AM,mg/L,3.17,0.3,lowcarb
CW-041,10/19/2017,1:00:00 PM,mg/L,5.17,0.3,lowcarb
CW-016,10/18/2017,8:40:00 AM,mg/L,6.00,0.3,lowcarb
CW-016F,10/18/2017,9:15:00 AM,mg/L,7.67,0.3,lowcarb
CW-016F,10/18/2017,9:15:00 AM,mg/L,7.50,1,lowcarb
CW-016F,10/18/2017,9:15:00 AM,mg/L,11.17,2,lowcarb
CW-057,10/17/2017,2:15:00 PM,mg/L,6.00,0.3,lowcarb
CW-057,10/17/2017,2:15:00 PM,mg/L,7.75,1,lowcarb
CW-057,10/17/2017,2:15:00 PM,mg/L,9.33,2,lowcarb
CW-057,10/17/2017,2:15:00 PM,mg/L,7.83,4,lowcarb
CW-174,10/17/2017,10:25:00 AM,mg/L,5.50,0.3,lowcarb
CW-033,10/17/2017,11:11:00 AM,mg/L,6.33,0.3,lowcarb
CW-033,10/17/2017,11:11:00 AM,mg/L,6.67,1,lowcarb
CW-033,10/17/2017,11:11:00 AM,mg/L,5.50,2,lowcarb
CW-033,10/17/2017,11:11:00 AM,mg/L,6.00,4,lowcarb
CW-231,10/17/2017,9:07:00 AM,mg/L,3.67,0.3,lowcarb
CW-207A,10/16/2017,12:20:00 PM,mg/L,4.50,0.3,lowcarb
CW-207A,10/16/2017,12:20:00 PM,mg/L,4.33,1,lowcarb
CW-207A,10/16/2017,12:20:00 PM,mg/L,4.50,2,lowcarb
CW-207A,10/16/2017,12:20:00 PM,mg/L,4.67,4,lowcarb
CW-207B,10/16/2017,1:50:00 PM,mg/L,3.50,0.3,lowcarb
CW-207B,10/16/2017,1:50:00 PM,mg/L,3.33,1,lowcarb
CW-207B,10/16/2017,1:50:00 PM,mg/L,3.83,3,lowcarb
CW-207B,10/16/2017,1:50:00 PM,mg/L,3.67,7,lowcarb
CW-036,10/19/2017,9:15:00 AM,mg/L,13.83,0.3,lowcarb
CW-231,6/21/2018,8:18:00 AM,mg/L,7.50,0.3,lowcarb
CW-207C,6/21/2018,10:16:00 AM,mg/L,6.17,0.3,lowcarb
CW-207C,6/21/2018,10:16:00 AM,mg/L,7.08,1,lowcarb
CW-207C,6/21/2018,10:16:00 AM,mg/L,6.33,2,lowcarb
CW-207C,6/21/2018,10:16:00 AM,mg/L,10.67,5,lowcarb
CW-207C,6/21/2018,10:16:00 AM,mg/L,9.17,8,lowcarb
CW-207A,6/21/2018,12:35:00 PM,mg/L,5.00,0.3,lowcarb
CW-207A,6/21/2018,12:35:00 PM,mg/L,5.50,2,lowcarb
CW-207A,6/21/2018,12:35:00 PM,mg/L,5.50,3,lowcarb
CW-207A,6/21/2018,12:35:00 PM,mg/L,7.17,5,lowcarb
CL-089B,6/19/2018,8:59:00 AM,mg/L,4.67,0.3,lowcarb
CL-089B,6/19/2018,8:59:00 AM,mg/L,5.08,1,lowcarb
CL-089B,6/19/2018,8:59:00 AM,mg/L,4.67,2,lowcarb
CL-089B,6/19/2018,8:59:00 AM,mg/L,3.83,7,lowcarb
CL-089B,6/19/2018,8:59:00 AM,mg/L,15.33,11,lowcarb
CL-089,6/19/2018,11:44:00 AM,mg/L,4.67,0.3,lowcarb
CL-089,6/19/2018,11:44:00 AM,mg/L,5.33,1,lowcarb
CL-089,6/19/2018,11:44:00 AM,mg/L,5.50,2,lowcarb
CL-089,6/19/2018,11:44:00 AM,mg/L,5.33,5,lowcarb
CL-089,6/19/2018,11:44:00 AM,mg/L,4.42,8,lowcarb
CW-033,6/27/2018,,mg/L,7.17,0.3,lowcarb
CW-033,6/27/2018,,mg/L,6.67,0.3,lowcarb
CW-033,6/27/2018,,mg/L,9.67,0.3,lowcarb
CW-033,6/27/2018,,mg/L,22.50,0.3,lowcarb
CW-057,6/27/2018,,mg/L,6.00,0.3,lowcarb
CW-057,6/27/2018,,mg/L,7.17,0.3,lowcarb
CW-057,6/27/2018,,mg/L,6.67,0.3,lowcarb
CW-057,6/27/2018,,mg/L,7.17,0.3,lowcarb
New Fishing Creek Site,6/27/2018,,mg/L,8.50,0.3,lowcarb
New Fishing Creek Site,6/27/2018,,mg/L,8.42,0.3,lowcarb
New Fishing Creek Site,6/27/2018,,mg/L,8.50,0.3,lowcarb
New Fishing Creek Site,6/27/2018,,mg/L,8.33,0.3,lowcarb
CW-014,6/28/2018,,mg/L,3.67,0.3,lowcarb
CW-016,6/28/2018,,mg/L,28.00,0.3,lowcarb
CW-041,6/28/2018,,mg/L,11.00,0.3,lowcarb
CW-036          ,6/28/2018,,mg/L,21.67,0.3,lowcarb
CW-083          ,6/28/2018,,mg/L,19.33,0.3,lowcarb
CW-033,7/24/2018,,mg/L,6.67,0.3,lowcarb
CW-033,7/24/2018,,mg/L,5.83,0.3,lowcarb
CW-033,7/24/2018,,mg/L,6.17,0.3,lowcarb
CW-033,7/24/2018,,mg/L,7.50,0.3,lowcarb
CW-057,7/24/2018,,mg/L,6.33,0.3,lowcarb
CW-057,7/24/2018,,mg/L,5.50,0.3,lowcarb
CW-057,7/24/2018,,mg/L,6.00,0.3,lowcarb
CW-057,7/24/2018,,mg/L,7.67,0.3,lowcarb
New Fishing Creek Site,7/24/2018,,mg/L,8.40,0.3,lowcarb
New Fishing Creek Site,7/24/2018,,mg/L,9.00,0.3,lowcarb
New Fishing Creek Site,7/24/2018,,mg/L,8.50,0.3,lowcarb
New Fishing Creek Site,7/24/2018,,mg/L,8.50,0.3,lowcarb
CW-014,7/24/2018,,mg/L,3.75,0.3,lowcarb
CW-016,7/24/2018,,mg/L,5.83,0.3,lowcarb
CW-041,7/24/2018,,mg/L,250.67,0.3,lowcarb
CW-036          ,7/24/2018,,mg/L,250.00,0.3,lowcarb
CW-083          ,7/24/2018,,mg/L,4.42,0.3,lowcarb
CW-231,7/23/2018,11:34:00 AM,mg/L,8.33,0.3,lowcarb
CW-207C,7/24/2018,2:52:00 PM,mg/L,7.50,0.3,lowcarb
CW-207C,7/24/2018,2:52:00 PM,mg/L,7.83,1,lowcarb
CW-207C,7/24/2018,2:52:00 PM,mg/L,8.33,2,lowcarb
CW-207C,7/24/2018,2:52:00 PM,mg/L,7.92,5,lowcarb
CW-207C,7/24/2018,2:52:00 PM,mg/L,13.00,8,lowcarb
CW-207A,7/24/2018,12:00:00 PM,mg/L,6.33,0.3,lowcarb
CW-207A,7/24/2018,12:00:00 PM,mg/L,6.83,1,lowcarb
CW-207A,7/24/2018,12:00:00 PM,mg/L,6.33,2,lowcarb
CW-207A,7/24/2018,12:00:00 PM,mg/L,6.50,3,lowcarb
CW-207A,7/24/2018,12:00:00 PM,mg/L,5.67,5,lowcarb
CL-089B,7/25/2018,8:45:00 AM,mg/L,3.83,0.3,lowcarb
CL-089B,7/25/2018,8:45:00 AM,mg/L,3.83,1,lowcarb
CL-089B,7/25/2018,8:45:00 AM,mg/L,3.83,2,lowcarb
CL-089B,7/25/2018,8:45:00 AM,mg/L,3.50,6,lowcarb
CL-089B,7/25/2018,8:45:00 AM,mg/L,4.00,9,lowcarb
CL-089,7/25/2018,11:57:00 AM,mg/L,2.50,0.3,lowcarb
CL-089,7/25/2018,11:57:00 AM,mg/L,2.67,1,lowcarb
CL-089,7/25/2018,11:57:00 AM,mg/L,2.50,6,lowcarb
CL-089,7/25/2018,11:57:00 AM,mg/L,3.00,9,lowcarb
CW-033,8/15/2018,,mg/L,6.83,0.3,lowcarb
CW-033,8/15/2018,,mg/L,7.00,0.3,lowcarb
CW-033,8/15/2018,,mg/L,7.33,0.3,lowcarb
CW-033,8/15/2018,,mg/L,8.00,0.3,lowcarb
CW-057,8/15/2018,,mg/L,5.33,0.3,lowcarb
CW-057,8/15/2018,,mg/L,5.17,0.3,lowcarb
CW-057,8/15/2018,,mg/L,5.50,0.3,lowcarb
CW-057,8/15/2018,,mg/L,9.50,0.3,lowcarb
New Fishing Creek Site,8/15/2018,,mg/L,8.67,0.3,lowcarb
New Fishing Creek Site,8/15/2018,,mg/L,7.17,0.3,lowcarb
New Fishing Creek Site,8/15/2018,,mg/L,8.67,0.3,lowcarb
New Fishing Creek Site,8/15/2018,,mg/L,11.00,0.3,lowcarb
CW-014,8/16/2018,,mg/L,3.58,0.3,lowcarb
CW-016,8/16/2018,,mg/L,6.50,0.3,lowcarb
CW-041,8/16/2018,,mg/L,6.67,0.3,lowcarb
CW-036          ,8/16/2018,,mg/L,6.50,0.3,lowcarb
CW-083          ,8/16/2018,,mg/L,5.33,0.3,lowcarb
CW-231,8/13/2018,8:50:00 AM,mg/L,27.00,0.3,lowcarb
CW-207C,8/13/2018,1:25:00 PM,mg/L,7.33,0.3,lowcarb
CW-207C,8/13/2018,1:25:00 PM,mg/L,7.33,1,lowcarb
CW-207C,8/13/2018,1:25:00 PM,mg/L,7.00,2,lowcarb
CW-207C,8/13/2018,1:25:00 PM,mg/L,7.33,4,lowcarb
CW-207C,8/13/2018,1:25:00 PM,mg/L,8.00,7,lowcarb
CW-207A,8/15/2018,7:27:00 AM,mg/L,5.33,0.3,lowcarb
CW-207A,8/15/2018,7:27:00 AM,mg/L,5.83,1,lowcarb
CW-207A,8/15/2018,7:27:00 AM,mg/L,5.58,2,lowcarb
CW-207A,8/15/2018,7:27:00 AM,mg/L,5.00,4,lowcarb
CW-207A,8/15/2018,7:27:00 AM,mg/L,5.17,5,lowcarb
CL-089B,8/14/2018,1:00:00 PM,mg/L,5.50,0.3,lowcarb
CL-089B,8/14/2018,1:00:00 PM,mg/L,6.00,1,lowcarb
CL-089B,8/14/2018,1:00:00 PM,mg/L,5.17,2,lowcarb
CL-089B,8/14/2018,1:00:00 PM,mg/L,3.92,6,lowcarb
CL-089B,8/14/2018,1:00:00 PM,mg/L,7.33,10,lowcarb
CL-089,8/14/2018,8:00:00 AM,mg/L,5.33,0.3,lowcarb
CL-089,8/14/2018,8:00:00 AM,mg/L,5.33,1,lowcarb
CL-089,8/14/2018,8:00:00 AM,mg/L,4.17,2,lowcarb
CL-089,8/14/2018,8:00:00 AM,mg/L,3.00,6,lowcarb
CL-089,8/14/2018,8:00:00 AM,mg/L,3.00,9,lowcarb
CW-033,10/17/2018,,mg/L,11.00,0.3,lowcarb
CW-033,10/17/2018,,mg/L,12.75,0.3,lowcarb
CW-033,10/17/2018,,mg/L,14.50,0.3,lowcarb
CW-033,10/17/2018,,mg/L,18.25,0.3,lowcarb
CW-057,10/17/2018,,mg/L,13.00,0.3,lowcarb
CW-057,10/17/2018,,mg/L,15.00,0.3,lowcarb
CW-057,10/17/2018,,mg/L,15.25,0.3,lowcarb
CW-057,10/17/2018,,mg/L,17.25,0.3,lowcarb
New Fishing Creek Site,10/17/2018,,mg/L,18.50,0.3,lowcarb
New Fishing Creek Site,10/17/2018,,mg/L,24.00,0.3,lowcarb
New Fishing Creek Site,10/17/2018,,mg/L,24.00,0.3,lowcarb
New Fishing Creek Site,10/17/2018,,mg/L,24.25,0.3,lowcarb
CW-014,11/8/2018,,mg/L,20.00,0.3,lowcarb
CW-016,11/8/2018,,mg/L,2.00,0.3,lowcarb
CW-041,11/8/2018,,mg/L,52.00,0.3,lowcarb
CW-036,11/8/2018,,mg/L,27.82,0.3,lowcarb
CW-083,11/8/2018,,mg/L,7.83,0.3,lowcarb
CW-231,10/15/2018,9:15:00 AM,mg/L,15.25,0.3,lowcarb
CW-207C,10/15/2018,12:59:00 PM,mg/L,11.50,0.3,lowcarb
CW-207C,10/15/2018,12:59:00 PM,mg/L,12.75,1,lowcarb
CW-207C,10/15/2018,12:59:00 PM,mg/L,13.50,4,lowcarb
CW-207C,10/15/2018,12:59:00 PM,mg/L,16.25,6,lowcarb
CW-207A,10/17/2018,10:12:00 AM,mg/L,10.25,0.3,lowcarb
CW-207A,10/17/2018,10:12:00 AM,mg/L,10.75,1,lowcarb
CW-207A,10/17/2018,10:12:00 AM,mg/L,11.50,2,lowcarb
CW-207A,10/17/2018,10:12:00 AM,mg/L,12.75,4,lowcarb
CW-207A,10/17/2018,10:12:00 AM,mg/L,12.00,6,lowcarb
CL-089B,10/16/2018,1:55:00 PM,mg/L,8.33,0.3,lowcarb
CL-089B,10/16/2018,1:55:00 PM,mg/L,6.20,1,lowcarb
CL-089B,10/16/2018,1:55:00 PM,mg/L,6.33,2,lowcarb
CL-089B,10/16/2018,1:55:00 PM,mg/L,5.67,5,lowcarb
CL-089B,10/16/2018,1:55:00 PM,mg/L,16.50,11,lowcarb
CL-089,10/16/2018,9:30:00 AM,mg/L,5.00,0.3,lowcarb
CL-089,10/16/2018,9:30:00 AM,mg/L,5.00,1,lowcarb
CL-089,10/16/2018,9:30:00 AM,mg/L,4.83,2,lowcarb
CL-089,10/16/2018,9:30:00 AM,mg/L,5.00,6,lowcarb
CL-089,10/16/2018,9:30:00 AM,mg/L,6.67,10,lowcarb
